DATAFLOW,REF_AREA,FREQ,MEASURE,UNIT_MEASURE,ACTIVITY,ADJUSTMENT,TRANSFORMATION,TIME_HORIZ,METHODOLOGY,TIME_PERIOD,OBS_VALUE,OBS_STATUS,UNIT_MULT,DECIMALS,BASE_PER
OECD.SDD.STES:DSD_STES@DF_FINMARK(4.0),USA,A,IRLT,PA,_Z,_Z,_Z,_Z,N,1954,2.401667,A,0,2,
OECD.SDD.STES:DSD_STES@DF_FINMARK(4.0),USA,A,IRLT,PA,_Z,_Z,_Z,_Z,N,1955,2.816667,A,0,2,
OECD.SDD.STES:DSD_STES@DF_FINMARK(4.0),USA,A,IRLT,PA,_Z,_Z,_Z,_Z,N,1956,3.1825,A,0,2,
OECD.SDD.STES:DSD_STES@DF_FINMARK(4.0),USA,A,IRLT,PA,_Z,_Z,_Z,_Z,N,1957,3.6475,A,0,2,
OECD.SDD.STES:DSD_STES@DF_FINMARK(4.0),USA,A,IRLT,PA,_Z,_Z,_Z,_Z,N,1958,3.315833,A,0,2,
OECD.SDD.STES:DSD_STES@DF_FINMARK(4.0),USA,A,IRLT,PA,_Z,_Z,_Z,_Z,N,1959,4.333333,A,0,2,
OECD.SDD.STES:DSD_STES@DF_FINMARK(4.0),USA,A,IRLT,PA,_Z,_Z,_Z,_Z,N,1960,4.116667,A,0,2,
OECD.SDD.STES:DSD_STES@DF_FINMARK(4.0),USA,A,IRLT,PA,_Z,_Z,_Z,_Z,N,1961,3.8825,A,0,2,
OECD.SDD.STES:DSD_STES@DF_FINMARK(4.0),USA,A,IRLT,PA,_Z,_Z,_Z,_Z,N,1962,3.945833,A,0,2,
OECD.SDD.STES:DSD_STES@DF_FINMARK(4.0),USA,A,IRLT,PA,_Z,_Z,_Z,_Z,N,1963,4.0025,A,0,2,
OECD.SDD.STES:DSD_STES@DF_FINMARK(4.0),USA,A,IRLT,PA,_Z,_Z,_Z,_Z,N,1964,4.186666,A,0,2,
OECD.SDD.STES:DSD_STES@DF_FINMARK(4.0),USA,A,IRLT,PA,_Z,_Z,_Z,_Z,N,1965,4.2825,A,0,2,
OECD.SDD.STES:DSD_STES@DF_FINMARK(4.0),USA,A,IRLT,PA,_Z,_Z,_Z,_Z,N,1966,4.923333,A,0,2,
OECD.SDD.STES:DSD_STES@DF_FINMARK(4.0),USA,A,IRLT,PA,_Z,_Z,_Z,_Z,N,1967,5.073333,A,0,2,
OECD.SDD.STES:DSD_STES@DF_FINMARK(4.0),USA,A,IRLT,PA,_Z,_Z,_Z,_Z,N,1968,5.645833,A,0,2,
OECD.SDD.STES:DSD_STES@DF_FINMARK(4.0),USA,A,IRLT,PA,_Z,_Z,_Z,_Z,N,1969,6.670833,A,0,2,
OECD.SDD.STES:DSD_STES@DF_FINMARK(4.0),USA,A,IRLT,PA,_Z,_Z,_Z,_Z,N,1970,7.348333,A,0,2,
OECD.SDD.STES:DSD_STES@DF_FINMARK(4.0),USA,A,IRLT,PA,_Z,_Z,_Z,_Z,N,1971,6.159167,A,0,2,
OECD.SDD.STES:DSD_STES@DF_FINMARK(4.0),USA,A,IRLT,PA,_Z,_Z,_Z,_Z,N,1972,6.21,A,0,2,
OECD.SDD.STES:DSD_STES@DF_FINMARK(4.0),USA,A,IRLT,PA,_Z,_Z,_Z,_Z,N,1973,6.8425,A,0,2,
OECD.SDD.STES:DSD_STES@DF_FINMARK(4.0),USA,A,IRLT,PA,_Z,_Z,_Z,_Z,N,1974,7.5575,A,0,2,
OECD.SDD.STES:DSD_STES@DF_FINMARK(4.0),USA,A,IRLT,PA,_Z,_Z,_Z,_Z,N,1975,7.9875,A,0,2,
OECD.SDD.STES:DSD_STES@DF_FINMARK(4.0),USA,A,IRLT,PA,_Z,_Z,_Z,_Z,N,1976,7.611667,A,0,2,
OECD.SDD.STES:DSD_STES@DF_FINMARK(4.0),USA,A,IRLT,PA,_Z,_Z,_Z,_Z,N,1977,7.419167,A,0,2,
OECD.SDD.STES:DSD_STES@DF_FINMARK(4.0),USA,A,IRLT,PA,_Z,_Z,_Z,_Z,N,1978,8.41,A,0,2,
OECD.SDD.STES:DSD_STES@DF_FINMARK(4.0),USA,A,IRLT,PA,_Z,_Z,_Z,_Z,N,1979,9.4425,A,0,2,
OECD.SDD.STES:DSD_STES@DF_FINMARK(4.0),USA,A,IRLT,PA,_Z,_Z,_Z,_Z,N,1980,11.46,A,0,2,
OECD.SDD.STES:DSD_STES@DF_FINMARK(4.0),USA,A,IRLT,PA,_Z,_Z,_Z,_Z,N,1981,13.91083,A,0,2,
OECD.SDD.STES:DSD_STES@DF_FINMARK(4.0),USA,A,IRLT,PA,_Z,_Z,_Z,_Z,N,1982,13.00167,A,0,2,
OECD.SDD.STES:DSD_STES@DF_FINMARK(4.0),USA,A,IRLT,PA,_Z,_Z,_Z,_Z,N,1983,11.105,A,0,2,
OECD.SDD.STES:DSD_STES@DF_FINMARK(4.0),USA,A,IRLT,PA,_Z,_Z,_Z,_Z,N,1984,12.43833,A,0,2,
OECD.SDD.STES:DSD_STES@DF_FINMARK(4.0),USA,A,IRLT,PA,_Z,_Z,_Z,_Z,N,1985,10.62333,A,0,2,
OECD.SDD.STES:DSD_STES@DF_FINMARK(4.0),USA,A,IRLT,PA,_Z,_Z,_Z,_Z,N,1986,7.6825,A,0,2,
OECD.SDD.STES:DSD_STES@DF_FINMARK(4.0),USA,A,IRLT,PA,_Z,_Z,_Z,_Z,N,1987,8.384167,A,0,2,
OECD.SDD.STES:DSD_STES@DF_FINMARK(4.0),USA,A,IRLT,PA,_Z,_Z,_Z,_Z,N,1988,8.845834,A,0,2,
OECD.SDD.STES:DSD_STES@DF_FINMARK(4.0),USA,A,IRLT,PA,_Z,_Z,_Z,_Z,N,1989,8.498333,A,0,2,
OECD.SDD.STES:DSD_STES@DF_FINMARK(4.0),USA,A,IRLT,PA,_Z,_Z,_Z,_Z,N,1990,8.55,A,0,2,
OECD.SDD.STES:DSD_STES@DF_FINMARK(4.0),USA,A,IRLT,PA,_Z,_Z,_Z,_Z,N,1991,7.858333,A,0,2,
OECD.SDD.STES:DSD_STES@DF_FINMARK(4.0),USA,A,IRLT,PA,_Z,_Z,_Z,_Z,N,1992,7.01,A,0,2,
OECD.SDD.STES:DSD_STES@DF_FINMARK(4.0),USA,A,IRLT,PA,_Z,_Z,_Z,_Z,N,1993,5.873333,A,0,2,
OECD.SDD.STES:DSD_STES@DF_FINMARK(4.0),USA,A,IRLT,PA,_Z,_Z,_Z,_Z,N,1994,7.08,A,0,2,
OECD.SDD.STES:DSD_STES@DF_FINMARK(4.0),USA,A,IRLT,PA,_Z,_Z,_Z,_Z,N,1995,6.58,A,0,2,
OECD.SDD.STES:DSD_STES@DF_FINMARK(4.0),USA,A,IRLT,PA,_Z,_Z,_Z,_Z,N,1996,6.438334,A,0,2,
OECD.SDD.STES:DSD_STES@DF_FINMARK(4.0),USA,A,IRLT,PA,_Z,_Z,_Z,_Z,N,1997,6.3525,A,0,2,
OECD.SDD.STES:DSD_STES@DF_FINMARK(4.0),USA,A,IRLT,PA,_Z,_Z,_Z,_Z,N,1998,5.264167,A,0,2,
OECD.SDD.STES:DSD_STES@DF_FINMARK(4.0),USA,A,IRLT,PA,_Z,_Z,_Z,_Z,N,1999,5.636667,A,0,2,
OECD.SDD.STES:DSD_STES@DF_FINMARK(4.0),USA,A,IRLT,PA,_Z,_Z,_Z,_Z,N,2000,6.029167,A,0,2,
OECD.SDD.STES:DSD_STES@DF_FINMARK(4.0),USA,A,IRLT,PA,_Z,_Z,_Z,_Z,N,2001,5.0175,A,0,2,
OECD.SDD.STES:DSD_STES@DF_FINMARK(4.0),USA,A,IRLT,PA,_Z,_Z,_Z,_Z,N,2002,4.610833,A,0,2,
OECD.SDD.STES:DSD_STES@DF_FINMARK(4.0),USA,A,IRLT,PA,_Z,_Z,_Z,_Z,N,2003,4.015,A,0,2,
OECD.SDD.STES:DSD_STES@DF_FINMARK(4.0),USA,A,IRLT,PA,_Z,_Z,_Z,_Z,N,2004,4.274167,A,0,2,
OECD.SDD.STES:DSD_STES@DF_FINMARK(4.0),USA,A,IRLT,PA,_Z,_Z,_Z,_Z,N,2005,4.29,A,0,2,
OECD.SDD.STES:DSD_STES@DF_FINMARK(4.0),USA,A,IRLT,PA,_Z,_Z,_Z,_Z,N,2006,4.791667,A,0,2,
OECD.SDD.STES:DSD_STES@DF_FINMARK(4.0),USA,A,IRLT,PA,_Z,_Z,_Z,_Z,N,2007,4.629167,A,0,2,
OECD.SDD.STES:DSD_STES@DF_FINMARK(4.0),USA,A,IRLT,PA,_Z,_Z,_Z,_Z,N,2008,3.666667,A,0,2,
OECD.SDD.STES:DSD_STES@DF_FINMARK(4.0),USA,A,IRLT,PA,_Z,_Z,_Z,_Z,N,2009,3.256667,A,0,2,
OECD.SDD.STES:DSD_STES@DF_FINMARK(4.0),USA,A,IRLT,PA,_Z,_Z,_Z,_Z,N,2010,3.214167,A,0,2,
OECD.SDD.STES:DSD_STES@DF_FINMARK(4.0),USA,A,IRLT,PA,_Z,_Z,_Z,_Z,N,2011,2.785833,A,0,2,
OECD.SDD.STES:DSD_STES@DF_FINMARK(4.0),USA,A,IRLT,PA,_Z,_Z,_Z,_Z,N,2012,1.8025,A,0,2,
OECD.SDD.STES:DSD_STES@DF_FINMARK(4.0),USA,A,IRLT,PA,_Z,_Z,_Z,_Z,N,2013,2.350833,A,0,2,
OECD.SDD.STES:DSD_STES@DF_FINMARK(4.0),USA,A,IRLT,PA,_Z,_Z,_Z,_Z,N,2014,2.540833,A,0,2,
OECD.SDD.STES:DSD_STES@DF_FINMARK(4.0),USA,A,IRLT,PA,_Z,_Z,_Z,_Z,N,2015,2.135833,A,0,2,
OECD.SDD.STES:DSD_STES@DF_FINMARK(4.0),USA,A,IRLT,PA,_Z,_Z,_Z,_Z,N,2016,1.841667,A,0,2,
OECD.SDD.STES:DSD_STES@DF_FINMARK(4.0),USA,A,IRLT,PA,_Z,_Z,_Z,_Z,N,2017,2.33,A,0,2,
OECD.SDD.STES:DSD_STES@DF_FINMARK(4.0),USA,A,IRLT,PA,_Z,_Z,_Z,_Z,N,2018,2.91,A,0,2,
OECD.SDD.STES:DSD_STES@DF_FINMARK(4.0),USA,A,IRLT,PA,_Z,_Z,_Z,_Z,N,2019,2.144167,A,0,2,
OECD.SDD.STES:DSD_STES@DF_FINMARK(4.0),USA,A,IRLT,PA,_Z,_Z,_Z,_Z,N,2020,0.8941666,A,0,2,
OECD.SDD.STES:DSD_STES@DF_FINMARK(4.0),USA,A,IRLT,PA,_Z,_Z,_Z,_Z,N,2021,1.4425,A,0,2,
OECD.SDD.STES:DSD_STES@DF_FINMARK(4.0),USA,A,IRLT,PA,_Z,_Z,_Z,_Z,N,2022,2.951667,A,0,2,
OECD.SDD.STES:DSD_STES@DF_FINMARK(4.0),USA,A,IRLT,PA,_Z,_Z,_Z,_Z,N,2023,3.9575,A,0,2,
OECD.SDD.STES:DSD_STES@DF_FINMARK(4.0),BEL,A,IRLT,PA,_Z,_Z,_Z,_Z,N,1955,4.614167,A,0,2,
OECD.SDD.STES:DSD_STES@DF_FINMARK(4.0),BEL,A,IRLT,PA,_Z,_Z,_Z,_Z,N,1956,4.759167,A,0,2,
OECD.SDD.STES:DSD_STES@DF_FINMARK(4.0),BEL,A,IRLT,PA,_Z,_Z,_Z,_Z,N,1957,6.065,A,0,2,
OECD.SDD.STES:DSD_STES@DF_FINMARK(4.0),BEL,A,IRLT,PA,_Z,_Z,_Z,_Z,N,1958,5.410833,A,0,2,
OECD.SDD.STES:DSD_STES@DF_FINMARK(4.0),BEL,A,IRLT,PA,_Z,_Z,_Z,_Z,N,1959,5.020833,A,0,2,
OECD.SDD.STES:DSD_STES@DF_FINMARK(4.0),BEL,A,IRLT,PA,_Z,_Z,_Z,_Z,N,1960,5.548333,A,0,2,
OECD.SDD.STES:DSD_STES@DF_FINMARK(4.0),BEL,A,IRLT,PA,_Z,_Z,_Z,_Z,N,1961,5.871666,A,0,2,
OECD.SDD.STES:DSD_STES@DF_FINMARK(4.0),BEL,A,IRLT,PA,_Z,_Z,_Z,_Z,N,1962,5.1775,A,0,2,
OECD.SDD.STES:DSD_STES@DF_FINMARK(4.0),BEL,A,IRLT,PA,_Z,_Z,_Z,_Z,N,1963,5.2825,A,0,2,
OECD.SDD.STES:DSD_STES@DF_FINMARK(4.0),BEL,A,IRLT,PA,_Z,_Z,_Z,_Z,N,1964,6.451667,A,0,2,
OECD.SDD.STES:DSD_STES@DF_FINMARK(4.0),BEL,A,IRLT,PA,_Z,_Z,_Z,_Z,N,1965,6.438334,A,0,2,
OECD.SDD.STES:DSD_STES@DF_FINMARK(4.0),BEL,A,IRLT,PA,_Z,_Z,_Z,_Z,N,1966,6.651667,A,0,2,
OECD.SDD.STES:DSD_STES@DF_FINMARK(4.0),BEL,A,IRLT,PA,_Z,_Z,_Z,_Z,N,1967,6.684166,A,0,2,
OECD.SDD.STES:DSD_STES@DF_FINMARK(4.0),BEL,A,IRLT,PA,_Z,_Z,_Z,_Z,N,1968,6.545,A,0,2,
OECD.SDD.STES:DSD_STES@DF_FINMARK(4.0),BEL,A,IRLT,PA,_Z,_Z,_Z,_Z,N,1969,7.293334,A,0,2,
OECD.SDD.STES:DSD_STES@DF_FINMARK(4.0),BEL,A,IRLT,PA,_Z,_Z,_Z,_Z,N,1970,7.804167,A,0,2,
OECD.SDD.STES:DSD_STES@DF_FINMARK(4.0),BEL,A,IRLT,PA,_Z,_Z,_Z,_Z,N,1971,7.321667,A,0,2,
OECD.SDD.STES:DSD_STES@DF_FINMARK(4.0),BEL,A,IRLT,PA,_Z,_Z,_Z,_Z,N,1972,7.044167,A,0,2,
OECD.SDD.STES:DSD_STES@DF_FINMARK(4.0),BEL,A,IRLT,PA,_Z,_Z,_Z,_Z,N,1973,7.494167,A,0,2,
OECD.SDD.STES:DSD_STES@DF_FINMARK(4.0),BEL,A,IRLT,PA,_Z,_Z,_Z,_Z,N,1974,8.768333,A,0,2,
OECD.SDD.STES:DSD_STES@DF_FINMARK(4.0),BEL,A,IRLT,PA,_Z,_Z,_Z,_Z,N,1975,8.515833,A,0,2,
OECD.SDD.STES:DSD_STES@DF_FINMARK(4.0),BEL,A,IRLT,PA,_Z,_Z,_Z,_Z,N,1976,9.088333,A,0,2,
OECD.SDD.STES:DSD_STES@DF_FINMARK(4.0),BEL,A,IRLT,PA,_Z,_Z,_Z,_Z,N,1977,8.7625,A,0,2,
OECD.SDD.STES:DSD_STES@DF_FINMARK(4.0),BEL,A,IRLT,PA,_Z,_Z,_Z,_Z,N,1978,8.9275,A,0,2,
OECD.SDD.STES:DSD_STES@DF_FINMARK(4.0),BEL,A,IRLT,PA,_Z,_Z,_Z,_Z,N,1979,9.693334,A,0,2,
OECD.SDD.STES:DSD_STES@DF_FINMARK(4.0),BEL,A,IRLT,PA,_Z,_Z,_Z,_Z,N,1980,11.9,A,0,2,
OECD.SDD.STES:DSD_STES@DF_FINMARK(4.0),BEL,A,IRLT,PA,_Z,_Z,_Z,_Z,N,1981,13.43667,A,0,2,
OECD.SDD.STES:DSD_STES@DF_FINMARK(4.0),BEL,A,IRLT,PA,_Z,_Z,_Z,_Z,N,1982,13.42833,A,0,2,
OECD.SDD.STES:DSD_STES@DF_FINMARK(4.0),BEL,A,IRLT,PA,_Z,_Z,_Z,_Z,N,1983,11.94083,A,0,2,
OECD.SDD.STES:DSD_STES@DF_FINMARK(4.0),BEL,A,IRLT,PA,_Z,_Z,_Z,_Z,N,1984,12.2425,A,0,2,
OECD.SDD.STES:DSD_STES@DF_FINMARK(4.0),BEL,A,IRLT,PA,_Z,_Z,_Z,_Z,N,1985,10.96833,A,0,2,
OECD.SDD.STES:DSD_STES@DF_FINMARK(4.0),BEL,A,IRLT,PA,_Z,_Z,_Z,_Z,N,1986,8.625834,A,0,2,
OECD.SDD.STES:DSD_STES@DF_FINMARK(4.0),BEL,A,IRLT,PA,_Z,_Z,_Z,_Z,N,1987,8.184167,A,0,2,
OECD.SDD.STES:DSD_STES@DF_FINMARK(4.0),BEL,A,IRLT,PA,_Z,_Z,_Z,_Z,N,1988,8.0075,A,0,2,
OECD.SDD.STES:DSD_STES@DF_FINMARK(4.0),BEL,A,IRLT,PA,_Z,_Z,_Z,_Z,N,1989,8.539166,A,0,2,
OECD.SDD.STES:DSD_STES@DF_FINMARK(4.0),BEL,A,IRLT,PA,_Z,_Z,_Z,_Z,N,1990,10.00667,A,0,2,
OECD.SDD.STES:DSD_STES@DF_FINMARK(4.0),BEL,A,IRLT,PA,_Z,_Z,_Z,_Z,N,1991,9.285833,A,0,2,
OECD.SDD.STES:DSD_STES@DF_FINMARK(4.0),BEL,A,IRLT,PA,_Z,_Z,_Z,_Z,N,1992,8.653334,A,0,2,
OECD.SDD.STES:DSD_STES@DF_FINMARK(4.0),BEL,A,IRLT,PA,_Z,_Z,_Z,_Z,N,1993,7.228333,A,0,2,
OECD.SDD.STES:DSD_STES@DF_FINMARK(4.0),BEL,A,IRLT,PA,_Z,_Z,_Z,_Z,N,1994,7.750834,A,0,2,
OECD.SDD.STES:DSD_STES@DF_FINMARK(4.0),BEL,A,IRLT,PA,_Z,_Z,_Z,_Z,N,1995,7.480834,A,0,2,
OECD.SDD.STES:DSD_STES@DF_FINMARK(4.0),BEL,A,IRLT,PA,_Z,_Z,_Z,_Z,N,1996,6.4925,A,0,2,
OECD.SDD.STES:DSD_STES@DF_FINMARK(4.0),BEL,A,IRLT,PA,_Z,_Z,_Z,_Z,N,1997,5.753334,A,0,2,
OECD.SDD.STES:DSD_STES@DF_FINMARK(4.0),BEL,A,IRLT,PA,_Z,_Z,_Z,_Z,N,1998,4.751667,A,0,2,
OECD.SDD.STES:DSD_STES@DF_FINMARK(4.0),BEL,A,IRLT,PA,_Z,_Z,_Z,_Z,N,1999,4.749166,A,0,2,
OECD.SDD.STES:DSD_STES@DF_FINMARK(4.0),BEL,A,IRLT,PA,_Z,_Z,_Z,_Z,N,2000,5.5925,A,0,2,
OECD.SDD.STES:DSD_STES@DF_FINMARK(4.0),BEL,A,IRLT,PA,_Z,_Z,_Z,_Z,N,2001,5.130833,A,0,2,
OECD.SDD.STES:DSD_STES@DF_FINMARK(4.0),BEL,A,IRLT,PA,_Z,_Z,_Z,_Z,N,2002,4.986667,A,0,2,
OECD.SDD.STES:DSD_STES@DF_FINMARK(4.0),BEL,A,IRLT,PA,_Z,_Z,_Z,_Z,N,2003,4.180833,A,0,2,
OECD.SDD.STES:DSD_STES@DF_FINMARK(4.0),BEL,A,IRLT,PA,_Z,_Z,_Z,_Z,N,2004,4.1525,A,0,2,
OECD.SDD.STES:DSD_STES@DF_FINMARK(4.0),BEL,A,IRLT,PA,_Z,_Z,_Z,_Z,N,2005,3.428333,A,0,2,
OECD.SDD.STES:DSD_STES@DF_FINMARK(4.0),BEL,A,IRLT,PA,_Z,_Z,_Z,_Z,N,2006,3.815,A,0,2,
OECD.SDD.STES:DSD_STES@DF_FINMARK(4.0),BEL,A,IRLT,PA,_Z,_Z,_Z,_Z,N,2007,4.328333,A,0,2,
OECD.SDD.STES:DSD_STES@DF_FINMARK(4.0),BEL,A,IRLT,PA,_Z,_Z,_Z,_Z,N,2008,4.4175,A,0,2,
OECD.SDD.STES:DSD_STES@DF_FINMARK(4.0),BEL,A,IRLT,PA,_Z,_Z,_Z,_Z,N,2009,3.901667,A,0,2,
OECD.SDD.STES:DSD_STES@DF_FINMARK(4.0),BEL,A,IRLT,PA,_Z,_Z,_Z,_Z,N,2010,3.4625,A,0,2,
OECD.SDD.STES:DSD_STES@DF_FINMARK(4.0),BEL,A,IRLT,PA,_Z,_Z,_Z,_Z,N,2011,4.233333,A,0,2,
OECD.SDD.STES:DSD_STES@DF_FINMARK(4.0),BEL,A,IRLT,PA,_Z,_Z,_Z,_Z,N,2012,3,A,0,2,
OECD.SDD.STES:DSD_STES@DF_FINMARK(4.0),BEL,A,IRLT,PA,_Z,_Z,_Z,_Z,N,2013,2.41,A,0,2,
OECD.SDD.STES:DSD_STES@DF_FINMARK(4.0),BEL,A,IRLT,PA,_Z,_Z,_Z,_Z,N,2014,1.713333,A,0,2,
OECD.SDD.STES:DSD_STES@DF_FINMARK(4.0),BEL,A,IRLT,PA,_Z,_Z,_Z,_Z,N,2015,0.84,A,0,2,
OECD.SDD.STES:DSD_STES@DF_FINMARK(4.0),BEL,A,IRLT,PA,_Z,_Z,_Z,_Z,N,2016,0.4758333,A,0,2,
OECD.SDD.STES:DSD_STES@DF_FINMARK(4.0),BEL,A,IRLT,PA,_Z,_Z,_Z,_Z,N,2017,0.7225,A,0,2,
OECD.SDD.STES:DSD_STES@DF_FINMARK(4.0),BEL,A,IRLT,PA,_Z,_Z,_Z,_Z,N,2018,0.795,A,0,2,
OECD.SDD.STES:DSD_STES@DF_FINMARK(4.0),BEL,A,IRLT,PA,_Z,_Z,_Z,_Z,N,2019,0.1933333,A,0,2,
OECD.SDD.STES:DSD_STES@DF_FINMARK(4.0),BEL,A,IRLT,PA,_Z,_Z,_Z,_Z,N,2020,-0.1483333,A,0,2,
OECD.SDD.STES:DSD_STES@DF_FINMARK(4.0),BEL,A,IRLT,PA,_Z,_Z,_Z,_Z,N,2021,-0.01416667,A,0,2,
OECD.SDD.STES:DSD_STES@DF_FINMARK(4.0),BEL,A,IRLT,PA,_Z,_Z,_Z,_Z,N,2022,1.733333,A,0,2,
OECD.SDD.STES:DSD_STES@DF_FINMARK(4.0),BEL,A,IRLT,PA,_Z,_Z,_Z,_Z,N,2023,3.089167,A,0,2,
OECD.SDD.STES:DSD_STES@DF_FINMARK(4.0),CHE,A,IRLT,PA,_Z,_Z,_Z,_Z,N,1955,2.9825,A,0,2,
OECD.SDD.STES:DSD_STES@DF_FINMARK(4.0),CHE,A,IRLT,PA,_Z,_Z,_Z,_Z,N,1956,3.125,A,0,2,
OECD.SDD.STES:DSD_STES@DF_FINMARK(4.0),CHE,A,IRLT,PA,_Z,_Z,_Z,_Z,N,1957,3.6675,A,0,2,
OECD.SDD.STES:DSD_STES@DF_FINMARK(4.0),CHE,A,IRLT,PA,_Z,_Z,_Z,_Z,N,1958,3.153333,A,0,2,
OECD.SDD.STES:DSD_STES@DF_FINMARK(4.0),CHE,A,IRLT,PA,_Z,_Z,_Z,_Z,N,1959,3.076667,A,0,2,
OECD.SDD.STES:DSD_STES@DF_FINMARK(4.0),CHE,A,IRLT,PA,_Z,_Z,_Z,_Z,N,1960,3.0925,A,0,2,
OECD.SDD.STES:DSD_STES@DF_FINMARK(4.0),CHE,A,IRLT,PA,_Z,_Z,_Z,_Z,N,1961,2.955833,A,0,2,
OECD.SDD.STES:DSD_STES@DF_FINMARK(4.0),CHE,A,IRLT,PA,_Z,_Z,_Z,_Z,N,1962,3.124167,A,0,2,
OECD.SDD.STES:DSD_STES@DF_FINMARK(4.0),CHE,A,IRLT,PA,_Z,_Z,_Z,_Z,N,1963,3.246667,A,0,2,
OECD.SDD.STES:DSD_STES@DF_FINMARK(4.0),CHE,A,IRLT,PA,_Z,_Z,_Z,_Z,N,1964,3.970833,A,0,2,
OECD.SDD.STES:DSD_STES@DF_FINMARK(4.0),CHE,A,IRLT,PA,_Z,_Z,_Z,_Z,N,1965,3.945833,A,0,2,
OECD.SDD.STES:DSD_STES@DF_FINMARK(4.0),CHE,A,IRLT,PA,_Z,_Z,_Z,_Z,N,1966,4.164166,A,0,2,
OECD.SDD.STES:DSD_STES@DF_FINMARK(4.0),CHE,A,IRLT,PA,_Z,_Z,_Z,_Z,N,1967,4.603333,A,0,2,
OECD.SDD.STES:DSD_STES@DF_FINMARK(4.0),CHE,A,IRLT,PA,_Z,_Z,_Z,_Z,N,1968,4.3725,A,0,2,
OECD.SDD.STES:DSD_STES@DF_FINMARK(4.0),CHE,A,IRLT,PA,_Z,_Z,_Z,_Z,N,1969,4.9,A,0,2,
OECD.SDD.STES:DSD_STES@DF_FINMARK(4.0),CHE,A,IRLT,PA,_Z,_Z,_Z,_Z,N,1970,5.715833,A,0,2,
OECD.SDD.STES:DSD_STES@DF_FINMARK(4.0),CHE,A,IRLT,PA,_Z,_Z,_Z,_Z,N,1971,5.265833,A,0,2,
OECD.SDD.STES:DSD_STES@DF_FINMARK(4.0),CHE,A,IRLT,PA,_Z,_Z,_Z,_Z,N,1972,4.963333,A,0,2,
OECD.SDD.STES:DSD_STES@DF_FINMARK(4.0),CHE,A,IRLT,PA,_Z,_Z,_Z,_Z,N,1973,5.594167,A,0,2,
OECD.SDD.STES:DSD_STES@DF_FINMARK(4.0),CHE,A,IRLT,PA,_Z,_Z,_Z,_Z,N,1974,7.129167,A,0,2,
OECD.SDD.STES:DSD_STES@DF_FINMARK(4.0),CHE,A,IRLT,PA,_Z,_Z,_Z,_Z,N,1975,6.435833,A,0,2,
OECD.SDD.STES:DSD_STES@DF_FINMARK(4.0),CHE,A,IRLT,PA,_Z,_Z,_Z,_Z,N,1976,4.9825,A,0,2,
OECD.SDD.STES:DSD_STES@DF_FINMARK(4.0),CHE,A,IRLT,PA,_Z,_Z,_Z,_Z,N,1977,4.045,A,0,2,
OECD.SDD.STES:DSD_STES@DF_FINMARK(4.0),CHE,A,IRLT,PA,_Z,_Z,_Z,_Z,N,1978,3.326667,A,0,2,
OECD.SDD.STES:DSD_STES@DF_FINMARK(4.0),CHE,A,IRLT,PA,_Z,_Z,_Z,_Z,N,1979,3.4525,A,0,2,
OECD.SDD.STES:DSD_STES@DF_FINMARK(4.0),CHE,A,IRLT,PA,_Z,_Z,_Z,_Z,N,1980,4.7625,A,0,2,
OECD.SDD.STES:DSD_STES@DF_FINMARK(4.0),CHE,A,IRLT,PA,_Z,_Z,_Z,_Z,N,1981,5.57,A,0,2,
OECD.SDD.STES:DSD_STES@DF_FINMARK(4.0),CHE,A,IRLT,PA,_Z,_Z,_Z,_Z,N,1982,4.598333,A,0,2,
OECD.SDD.STES:DSD_STES@DF_FINMARK(4.0),CHE,A,IRLT,PA,_Z,_Z,_Z,_Z,N,1983,4.174167,A,0,2,
OECD.SDD.STES:DSD_STES@DF_FINMARK(4.0),CHE,A,IRLT,PA,_Z,_Z,_Z,_Z,N,1984,4.552917,A,0,2,
OECD.SDD.STES:DSD_STES@DF_FINMARK(4.0),CHE,A,IRLT,PA,_Z,_Z,_Z,_Z,N,1985,4.700083,A,0,2,
OECD.SDD.STES:DSD_STES@DF_FINMARK(4.0),CHE,A,IRLT,PA,_Z,_Z,_Z,_Z,N,1986,4.229917,A,0,2,
OECD.SDD.STES:DSD_STES@DF_FINMARK(4.0),CHE,A,IRLT,PA,_Z,_Z,_Z,_Z,N,1987,4.03275,A,0,2,
OECD.SDD.STES:DSD_STES@DF_FINMARK(4.0),CHE,A,IRLT,PA,_Z,_Z,_Z,_Z,N,1988,4.114083,A,0,2,
OECD.SDD.STES:DSD_STES@DF_FINMARK(4.0),CHE,A,IRLT,PA,_Z,_Z,_Z,_Z,N,1989,5.12325,A,0,2,
OECD.SDD.STES:DSD_STES@DF_FINMARK(4.0),CHE,A,IRLT,PA,_Z,_Z,_Z,_Z,N,1990,6.384083,A,0,2,
OECD.SDD.STES:DSD_STES@DF_FINMARK(4.0),CHE,A,IRLT,PA,_Z,_Z,_Z,_Z,N,1991,6.216417,A,0,2,
OECD.SDD.STES:DSD_STES@DF_FINMARK(4.0),CHE,A,IRLT,PA,_Z,_Z,_Z,_Z,N,1992,6.430083,A,0,2,
OECD.SDD.STES:DSD_STES@DF_FINMARK(4.0),CHE,A,IRLT,PA,_Z,_Z,_Z,_Z,N,1993,4.621833,A,0,2,
OECD.SDD.STES:DSD_STES@DF_FINMARK(4.0),CHE,A,IRLT,PA,_Z,_Z,_Z,_Z,N,1994,5.117833,A,0,2,
OECD.SDD.STES:DSD_STES@DF_FINMARK(4.0),CHE,A,IRLT,PA,_Z,_Z,_Z,_Z,N,1995,4.77825,A,0,2,
OECD.SDD.STES:DSD_STES@DF_FINMARK(4.0),CHE,A,IRLT,PA,_Z,_Z,_Z,_Z,N,1996,4.38375,A,0,2,
OECD.SDD.STES:DSD_STES@DF_FINMARK(4.0),CHE,A,IRLT,PA,_Z,_Z,_Z,_Z,N,1997,3.67025,A,0,2,
OECD.SDD.STES:DSD_STES@DF_FINMARK(4.0),CHE,A,IRLT,PA,_Z,_Z,_Z,_Z,N,1998,3.044583,A,0,2,
OECD.SDD.STES:DSD_STES@DF_FINMARK(4.0),CHE,A,IRLT,PA,_Z,_Z,_Z,_Z,N,1999,3.039333,A,0,2,
OECD.SDD.STES:DSD_STES@DF_FINMARK(4.0),CHE,A,IRLT,PA,_Z,_Z,_Z,_Z,N,2000,3.925083,A,0,2,
OECD.SDD.STES:DSD_STES@DF_FINMARK(4.0),CHE,A,IRLT,PA,_Z,_Z,_Z,_Z,N,2001,3.38175,A,0,2,
OECD.SDD.STES:DSD_STES@DF_FINMARK(4.0),CHE,A,IRLT,PA,_Z,_Z,_Z,_Z,N,2002,3.198917,A,0,2,
OECD.SDD.STES:DSD_STES@DF_FINMARK(4.0),CHE,A,IRLT,PA,_Z,_Z,_Z,_Z,N,2003,2.65875,A,0,2,
OECD.SDD.STES:DSD_STES@DF_FINMARK(4.0),CHE,A,IRLT,PA,_Z,_Z,_Z,_Z,N,2004,2.740167,A,0,2,
OECD.SDD.STES:DSD_STES@DF_FINMARK(4.0),CHE,A,IRLT,PA,_Z,_Z,_Z,_Z,N,2005,2.0955,A,0,2,
OECD.SDD.STES:DSD_STES@DF_FINMARK(4.0),CHE,A,IRLT,PA,_Z,_Z,_Z,_Z,N,2006,2.517083,A,0,2,
OECD.SDD.STES:DSD_STES@DF_FINMARK(4.0),CHE,A,IRLT,PA,_Z,_Z,_Z,_Z,N,2007,2.92675,A,0,2,
OECD.SDD.STES:DSD_STES@DF_FINMARK(4.0),CHE,A,IRLT,PA,_Z,_Z,_Z,_Z,N,2008,2.896833,A,0,2,
OECD.SDD.STES:DSD_STES@DF_FINMARK(4.0),CHE,A,IRLT,PA,_Z,_Z,_Z,_Z,N,2009,2.202667,A,0,2,
OECD.SDD.STES:DSD_STES@DF_FINMARK(4.0),CHE,A,IRLT,PA,_Z,_Z,_Z,_Z,N,2010,1.631917,A,0,2,
OECD.SDD.STES:DSD_STES@DF_FINMARK(4.0),CHE,A,IRLT,PA,_Z,_Z,_Z,_Z,N,2011,1.471333,A,0,2,
OECD.SDD.STES:DSD_STES@DF_FINMARK(4.0),CHE,A,IRLT,PA,_Z,_Z,_Z,_Z,N,2012,0.6454167,A,0,2,
OECD.SDD.STES:DSD_STES@DF_FINMARK(4.0),CHE,A,IRLT,PA,_Z,_Z,_Z,_Z,N,2013,0.9493333,A,0,2,
OECD.SDD.STES:DSD_STES@DF_FINMARK(4.0),CHE,A,IRLT,PA,_Z,_Z,_Z,_Z,N,2014,0.69275,A,0,2,
OECD.SDD.STES:DSD_STES@DF_FINMARK(4.0),CHE,A,IRLT,PA,_Z,_Z,_Z,_Z,N,2015,-0.06866667,A,0,2,
OECD.SDD.STES:DSD_STES@DF_FINMARK(4.0),CHE,A,IRLT,PA,_Z,_Z,_Z,_Z,N,2016,-0.362,A,0,2,
OECD.SDD.STES:DSD_STES@DF_FINMARK(4.0),CHE,A,IRLT,PA,_Z,_Z,_Z,_Z,N,2017,-0.07208333,A,0,2,
OECD.SDD.STES:DSD_STES@DF_FINMARK(4.0),CHE,A,IRLT,PA,_Z,_Z,_Z,_Z,N,2018,0.03316667,A,0,2,
OECD.SDD.STES:DSD_STES@DF_FINMARK(4.0),CHE,A,IRLT,PA,_Z,_Z,_Z,_Z,N,2019,-0.489,A,0,2,
OECD.SDD.STES:DSD_STES@DF_FINMARK(4.0),CHE,A,IRLT,PA,_Z,_Z,_Z,_Z,N,2020,-0.5238333,A,0,2,
OECD.SDD.STES:DSD_STES@DF_FINMARK(4.0),CHE,A,IRLT,PA,_Z,_Z,_Z,_Z,N,2021,-0.23225,A,0,2,
OECD.SDD.STES:DSD_STES@DF_FINMARK(4.0),CHE,A,IRLT,PA,_Z,_Z,_Z,_Z,N,2022,0.8288333,A,0,2,
OECD.SDD.STES:DSD_STES@DF_FINMARK(4.0),CHE,A,IRLT,PA,_Z,_Z,_Z,_Z,N,2023,1.0305,A,0,2,
OECD.SDD.STES:DSD_STES@DF_FINMARK(4.0),DEU,A,IRLT,PA,_Z,_Z,_Z,_Z,N,1957,7.516667,A,0,2,
OECD.SDD.STES:DSD_STES@DF_FINMARK(4.0),DEU,A,IRLT,PA,_Z,_Z,_Z,_Z,N,1958,6.783333,A,0,2,
OECD.SDD.STES:DSD_STES@DF_FINMARK(4.0),DEU,A,IRLT,PA,_Z,_Z,_Z,_Z,N,1959,5.766667,A,0,2,
OECD.SDD.STES:DSD_STES@DF_FINMARK(4.0),DEU,A,IRLT,PA,_Z,_Z,_Z,_Z,N,1960,6.425,A,0,2,
OECD.SDD.STES:DSD_STES@DF_FINMARK(4.0),DEU,A,IRLT,PA,_Z,_Z,_Z,_Z,N,1961,5.875,A,0,2,
OECD.SDD.STES:DSD_STES@DF_FINMARK(4.0),DEU,A,IRLT,PA,_Z,_Z,_Z,_Z,N,1962,5.908333,A,0,2,
OECD.SDD.STES:DSD_STES@DF_FINMARK(4.0),DEU,A,IRLT,PA,_Z,_Z,_Z,_Z,N,1963,6.05,A,0,2,
OECD.SDD.STES:DSD_STES@DF_FINMARK(4.0),DEU,A,IRLT,PA,_Z,_Z,_Z,_Z,N,1964,6.233333,A,0,2,
OECD.SDD.STES:DSD_STES@DF_FINMARK(4.0),DEU,A,IRLT,PA,_Z,_Z,_Z,_Z,N,1965,7.05,A,0,2,
OECD.SDD.STES:DSD_STES@DF_FINMARK(4.0),DEU,A,IRLT,PA,_Z,_Z,_Z,_Z,N,1966,8.125,A,0,2,
OECD.SDD.STES:DSD_STES@DF_FINMARK(4.0),DEU,A,IRLT,PA,_Z,_Z,_Z,_Z,N,1967,6.958333,A,0,2,
OECD.SDD.STES:DSD_STES@DF_FINMARK(4.0),DEU,A,IRLT,PA,_Z,_Z,_Z,_Z,N,1968,6.45,A,0,2,
OECD.SDD.STES:DSD_STES@DF_FINMARK(4.0),DEU,A,IRLT,PA,_Z,_Z,_Z,_Z,N,1969,6.841667,A,0,2,
OECD.SDD.STES:DSD_STES@DF_FINMARK(4.0),DEU,A,IRLT,PA,_Z,_Z,_Z,_Z,N,1970,8.316667,A,0,2,
OECD.SDD.STES:DSD_STES@DF_FINMARK(4.0),DEU,A,IRLT,PA,_Z,_Z,_Z,_Z,N,1971,7.991667,A,0,2,
OECD.SDD.STES:DSD_STES@DF_FINMARK(4.0),DEU,A,IRLT,PA,_Z,_Z,_Z,_Z,N,1972,7.875,A,0,2,
OECD.SDD.STES:DSD_STES@DF_FINMARK(4.0),DEU,A,IRLT,PA,_Z,_Z,_Z,_Z,N,1973,9.308333,A,0,2,
OECD.SDD.STES:DSD_STES@DF_FINMARK(4.0),DEU,A,IRLT,PA,_Z,_Z,_Z,_Z,N,1974,10.44167,A,0,2,
OECD.SDD.STES:DSD_STES@DF_FINMARK(4.0),DEU,A,IRLT,PA,_Z,_Z,_Z,_Z,N,1975,8.675,A,0,2,
OECD.SDD.STES:DSD_STES@DF_FINMARK(4.0),DEU,A,IRLT,PA,_Z,_Z,_Z,_Z,N,1976,8.033334,A,0,2,
OECD.SDD.STES:DSD_STES@DF_FINMARK(4.0),DEU,A,IRLT,PA,_Z,_Z,_Z,_Z,N,1977,6.533333,A,0,2,
OECD.SDD.STES:DSD_STES@DF_FINMARK(4.0),DEU,A,IRLT,PA,_Z,_Z,_Z,_Z,N,1978,6.133333,A,0,2,
OECD.SDD.STES:DSD_STES@DF_FINMARK(4.0),DEU,A,IRLT,PA,_Z,_Z,_Z,_Z,N,1979,7.566667,A,0,2,
OECD.SDD.STES:DSD_STES@DF_FINMARK(4.0),DEU,A,IRLT,PA,_Z,_Z,_Z,_Z,N,1980,8.425,A,0,2,
OECD.SDD.STES:DSD_STES@DF_FINMARK(4.0),DEU,A,IRLT,PA,_Z,_Z,_Z,_Z,N,1981,10.13333,A,0,2,
OECD.SDD.STES:DSD_STES@DF_FINMARK(4.0),DEU,A,IRLT,PA,_Z,_Z,_Z,_Z,N,1982,8.908334,A,0,2,
OECD.SDD.STES:DSD_STES@DF_FINMARK(4.0),DEU,A,IRLT,PA,_Z,_Z,_Z,_Z,N,1983,8.083333,A,0,2,
OECD.SDD.STES:DSD_STES@DF_FINMARK(4.0),DEU,A,IRLT,PA,_Z,_Z,_Z,_Z,N,1984,7.958333,A,0,2,
OECD.SDD.STES:DSD_STES@DF_FINMARK(4.0),DEU,A,IRLT,PA,_Z,_Z,_Z,_Z,N,1985,7.041667,A,0,2,
OECD.SDD.STES:DSD_STES@DF_FINMARK(4.0),DEU,A,IRLT,PA,_Z,_Z,_Z,_Z,N,1986,6.158333,A,0,2,
OECD.SDD.STES:DSD_STES@DF_FINMARK(4.0),DEU,A,IRLT,PA,_Z,_Z,_Z,_Z,N,1987,6.25,A,0,2,
OECD.SDD.STES:DSD_STES@DF_FINMARK(4.0),DEU,A,IRLT,PA,_Z,_Z,_Z,_Z,N,1988,6.491667,A,0,2,
OECD.SDD.STES:DSD_STES@DF_FINMARK(4.0),DEU,A,IRLT,PA,_Z,_Z,_Z,_Z,N,1989,7.025,A,0,2,
OECD.SDD.STES:DSD_STES@DF_FINMARK(4.0),DEU,A,IRLT,PA,_Z,_Z,_Z,_Z,N,1990,8.726459,A,0,2,
OECD.SDD.STES:DSD_STES@DF_FINMARK(4.0),DEU,A,IRLT,PA,_Z,_Z,_Z,_Z,N,1991,8.445625,A,0,2,
OECD.SDD.STES:DSD_STES@DF_FINMARK(4.0),DEU,A,IRLT,PA,_Z,_Z,_Z,_Z,N,1992,7.835208,A,0,2,
OECD.SDD.STES:DSD_STES@DF_FINMARK(4.0),DEU,A,IRLT,PA,_Z,_Z,_Z,_Z,N,1993,6.496459,A,0,2,
OECD.SDD.STES:DSD_STES@DF_FINMARK(4.0),DEU,A,IRLT,PA,_Z,_Z,_Z,_Z,N,1994,6.884414,A,0,2,
OECD.SDD.STES:DSD_STES@DF_FINMARK(4.0),DEU,A,IRLT,PA,_Z,_Z,_Z,_Z,N,1995,6.850543,A,0,2,
OECD.SDD.STES:DSD_STES@DF_FINMARK(4.0),DEU,A,IRLT,PA,_Z,_Z,_Z,_Z,N,1996,6.215378,A,0,2,
OECD.SDD.STES:DSD_STES@DF_FINMARK(4.0),DEU,A,IRLT,PA,_Z,_Z,_Z,_Z,N,1997,5.640138,A,0,2,
OECD.SDD.STES:DSD_STES@DF_FINMARK(4.0),DEU,A,IRLT,PA,_Z,_Z,_Z,_Z,N,1998,4.573801,A,0,2,
OECD.SDD.STES:DSD_STES@DF_FINMARK(4.0),DEU,A,IRLT,PA,_Z,_Z,_Z,_Z,N,1999,4.49061,A,0,2,
OECD.SDD.STES:DSD_STES@DF_FINMARK(4.0),DEU,A,IRLT,PA,_Z,_Z,_Z,_Z,N,2000,5.263958,A,0,2,
OECD.SDD.STES:DSD_STES@DF_FINMARK(4.0),DEU,A,IRLT,PA,_Z,_Z,_Z,_Z,N,2001,4.796593,A,0,2,
OECD.SDD.STES:DSD_STES@DF_FINMARK(4.0),DEU,A,IRLT,PA,_Z,_Z,_Z,_Z,N,2002,4.78358,A,0,2,
OECD.SDD.STES:DSD_STES@DF_FINMARK(4.0),DEU,A,IRLT,PA,_Z,_Z,_Z,_Z,N,2003,4.071143,A,0,2,
OECD.SDD.STES:DSD_STES@DF_FINMARK(4.0),DEU,A,IRLT,PA,_Z,_Z,_Z,_Z,N,2004,4.037156,A,0,2,
OECD.SDD.STES:DSD_STES@DF_FINMARK(4.0),DEU,A,IRLT,PA,_Z,_Z,_Z,_Z,N,2005,3.354017,A,0,2,
OECD.SDD.STES:DSD_STES@DF_FINMARK(4.0),DEU,A,IRLT,PA,_Z,_Z,_Z,_Z,N,2006,3.764125,A,0,2,
OECD.SDD.STES:DSD_STES@DF_FINMARK(4.0),DEU,A,IRLT,PA,_Z,_Z,_Z,_Z,N,2007,4.216955,A,0,2,
OECD.SDD.STES:DSD_STES@DF_FINMARK(4.0),DEU,A,IRLT,PA,_Z,_Z,_Z,_Z,N,2008,3.984768,A,0,2,
OECD.SDD.STES:DSD_STES@DF_FINMARK(4.0),DEU,A,IRLT,PA,_Z,_Z,_Z,_Z,N,2009,3.222218,A,0,2,
OECD.SDD.STES:DSD_STES@DF_FINMARK(4.0),DEU,A,IRLT,PA,_Z,_Z,_Z,_Z,N,2010,2.744267,A,0,2,
OECD.SDD.STES:DSD_STES@DF_FINMARK(4.0),DEU,A,IRLT,PA,_Z,_Z,_Z,_Z,N,2011,2.609185,A,0,2,
OECD.SDD.STES:DSD_STES@DF_FINMARK(4.0),DEU,A,IRLT,PA,_Z,_Z,_Z,_Z,N,2012,1.49513,A,0,2,
OECD.SDD.STES:DSD_STES@DF_FINMARK(4.0),DEU,A,IRLT,PA,_Z,_Z,_Z,_Z,N,2013,1.571408,A,0,2,
OECD.SDD.STES:DSD_STES@DF_FINMARK(4.0),DEU,A,IRLT,PA,_Z,_Z,_Z,_Z,N,2014,1.163472,A,0,2,
OECD.SDD.STES:DSD_STES@DF_FINMARK(4.0),DEU,A,IRLT,PA,_Z,_Z,_Z,_Z,N,2015,0.4951937,A,0,2,
OECD.SDD.STES:DSD_STES@DF_FINMARK(4.0),DEU,A,IRLT,PA,_Z,_Z,_Z,_Z,N,2016,0.09149919,A,0,2,
OECD.SDD.STES:DSD_STES@DF_FINMARK(4.0),DEU,A,IRLT,PA,_Z,_Z,_Z,_Z,N,2017,0.3163361,A,0,2,
OECD.SDD.STES:DSD_STES@DF_FINMARK(4.0),DEU,A,IRLT,PA,_Z,_Z,_Z,_Z,N,2018,0.396364,A,0,2,
OECD.SDD.STES:DSD_STES@DF_FINMARK(4.0),DEU,A,IRLT,PA,_Z,_Z,_Z,_Z,N,2019,-0.2536345,A,0,2,
OECD.SDD.STES:DSD_STES@DF_FINMARK(4.0),DEU,A,IRLT,PA,_Z,_Z,_Z,_Z,N,2020,-0.511024,A,0,2,
OECD.SDD.STES:DSD_STES@DF_FINMARK(4.0),DEU,A,IRLT,PA,_Z,_Z,_Z,_Z,N,2021,-0.3738212,A,0,2,
OECD.SDD.STES:DSD_STES@DF_FINMARK(4.0),DEU,A,IRLT,PA,_Z,_Z,_Z,_Z,N,2022,1.142583,A,0,2,
OECD.SDD.STES:DSD_STES@DF_FINMARK(4.0),DEU,A,IRLT,PA,_Z,_Z,_Z,_Z,N,2023,2.434599,A,0,2,
OECD.SDD.STES:DSD_STES@DF_FINMARK(4.0),ZAF,A,IRLT,PA,_Z,_Z,_Z,_Z,N,1957,4.75,A,0,2,
OECD.SDD.STES:DSD_STES@DF_FINMARK(4.0),ZAF,A,IRLT,PA,_Z,_Z,_Z,_Z,N,1958,5.145833,A,0,2,
OECD.SDD.STES:DSD_STES@DF_FINMARK(4.0),ZAF,A,IRLT,PA,_Z,_Z,_Z,_Z,N,1959,5.25,A,0,2,
OECD.SDD.STES:DSD_STES@DF_FINMARK(4.0),ZAF,A,IRLT,PA,_Z,_Z,_Z,_Z,N,1960,5.293334,A,0,2,
OECD.SDD.STES:DSD_STES@DF_FINMARK(4.0),ZAF,A,IRLT,PA,_Z,_Z,_Z,_Z,N,1961,5.773334,A,0,2,
OECD.SDD.STES:DSD_STES@DF_FINMARK(4.0),ZAF,A,IRLT,PA,_Z,_Z,_Z,_Z,N,1962,5.386667,A,0,2,
OECD.SDD.STES:DSD_STES@DF_FINMARK(4.0),ZAF,A,IRLT,PA,_Z,_Z,_Z,_Z,N,1963,4.75,A,0,2,
OECD.SDD.STES:DSD_STES@DF_FINMARK(4.0),ZAF,A,IRLT,PA,_Z,_Z,_Z,_Z,N,1964,4.770833,A,0,2,
OECD.SDD.STES:DSD_STES@DF_FINMARK(4.0),ZAF,A,IRLT,PA,_Z,_Z,_Z,_Z,N,1965,5.604167,A,0,2,
OECD.SDD.STES:DSD_STES@DF_FINMARK(4.0),ZAF,A,IRLT,PA,_Z,_Z,_Z,_Z,N,1966,6.25,A,0,2,
OECD.SDD.STES:DSD_STES@DF_FINMARK(4.0),ZAF,A,IRLT,PA,_Z,_Z,_Z,_Z,N,1967,6.5,A,0,2,
OECD.SDD.STES:DSD_STES@DF_FINMARK(4.0),ZAF,A,IRLT,PA,_Z,_Z,_Z,_Z,N,1968,6.5,A,0,2,
OECD.SDD.STES:DSD_STES@DF_FINMARK(4.0),ZAF,A,IRLT,PA,_Z,_Z,_Z,_Z,N,1969,6.5,A,0,2,
OECD.SDD.STES:DSD_STES@DF_FINMARK(4.0),ZAF,A,IRLT,PA,_Z,_Z,_Z,_Z,N,1970,7.145833,A,0,2,
OECD.SDD.STES:DSD_STES@DF_FINMARK(4.0),ZAF,A,IRLT,PA,_Z,_Z,_Z,_Z,N,1971,8.375,A,0,2,
OECD.SDD.STES:DSD_STES@DF_FINMARK(4.0),ZAF,A,IRLT,PA,_Z,_Z,_Z,_Z,N,1972,8.353333,A,0,2,
OECD.SDD.STES:DSD_STES@DF_FINMARK(4.0),ZAF,A,IRLT,PA,_Z,_Z,_Z,_Z,N,1973,7.8325,A,0,2,
OECD.SDD.STES:DSD_STES@DF_FINMARK(4.0),ZAF,A,IRLT,PA,_Z,_Z,_Z,_Z,N,1974,8.958333,A,0,2,
OECD.SDD.STES:DSD_STES@DF_FINMARK(4.0),ZAF,A,IRLT,PA,_Z,_Z,_Z,_Z,N,1975,9.708333,A,0,2,
OECD.SDD.STES:DSD_STES@DF_FINMARK(4.0),ZAF,A,IRLT,PA,_Z,_Z,_Z,_Z,N,1976,10.43667,A,0,2,
OECD.SDD.STES:DSD_STES@DF_FINMARK(4.0),ZAF,A,IRLT,PA,_Z,_Z,_Z,_Z,N,1977,11.00833,A,0,2,
OECD.SDD.STES:DSD_STES@DF_FINMARK(4.0),ZAF,A,IRLT,PA,_Z,_Z,_Z,_Z,N,1978,10.39583,A,0,2,
OECD.SDD.STES:DSD_STES@DF_FINMARK(4.0),ZAF,A,IRLT,PA,_Z,_Z,_Z,_Z,N,1979,9.26,A,0,2,
OECD.SDD.STES:DSD_STES@DF_FINMARK(4.0),ZAF,A,IRLT,PA,_Z,_Z,_Z,_Z,N,1980,10.08583,A,0,2,
OECD.SDD.STES:DSD_STES@DF_FINMARK(4.0),ZAF,A,IRLT,PA,_Z,_Z,_Z,_Z,N,1981,12.9875,A,0,2,
OECD.SDD.STES:DSD_STES@DF_FINMARK(4.0),ZAF,A,IRLT,PA,_Z,_Z,_Z,_Z,N,1982,13.50833,A,0,2,
OECD.SDD.STES:DSD_STES@DF_FINMARK(4.0),ZAF,A,IRLT,PA,_Z,_Z,_Z,_Z,N,1983,12.665,A,0,2,
OECD.SDD.STES:DSD_STES@DF_FINMARK(4.0),ZAF,A,IRLT,PA,_Z,_Z,_Z,_Z,N,1984,15.22667,A,0,2,
OECD.SDD.STES:DSD_STES@DF_FINMARK(4.0),ZAF,A,IRLT,PA,_Z,_Z,_Z,_Z,N,1985,16.79167,A,0,2,
OECD.SDD.STES:DSD_STES@DF_FINMARK(4.0),ZAF,A,IRLT,PA,_Z,_Z,_Z,_Z,N,1986,16.36583,A,0,2,
OECD.SDD.STES:DSD_STES@DF_FINMARK(4.0),ZAF,A,IRLT,PA,_Z,_Z,_Z,_Z,N,1987,15.29667,A,0,2,
OECD.SDD.STES:DSD_STES@DF_FINMARK(4.0),ZAF,A,IRLT,PA,_Z,_Z,_Z,_Z,N,1988,16.37167,A,0,2,
OECD.SDD.STES:DSD_STES@DF_FINMARK(4.0),ZAF,A,IRLT,PA,_Z,_Z,_Z,_Z,N,1989,16.90083,A,0,2,
OECD.SDD.STES:DSD_STES@DF_FINMARK(4.0),ZAF,A,IRLT,PA,_Z,_Z,_Z,_Z,N,1990,16.15083,A,0,2,
OECD.SDD.STES:DSD_STES@DF_FINMARK(4.0),ZAF,A,IRLT,PA,_Z,_Z,_Z,_Z,N,1991,16.34417,A,0,2,
OECD.SDD.STES:DSD_STES@DF_FINMARK(4.0),ZAF,A,IRLT,PA,_Z,_Z,_Z,_Z,N,1992,15.44,A,0,2,
OECD.SDD.STES:DSD_STES@DF_FINMARK(4.0),ZAF,A,IRLT,PA,_Z,_Z,_Z,_Z,N,1993,13.9675,A,0,2,
OECD.SDD.STES:DSD_STES@DF_FINMARK(4.0),ZAF,A,IRLT,PA,_Z,_Z,_Z,_Z,N,1994,14.83167,A,0,2,
OECD.SDD.STES:DSD_STES@DF_FINMARK(4.0),ZAF,A,IRLT,PA,_Z,_Z,_Z,_Z,N,1995,16.10667,A,0,2,
OECD.SDD.STES:DSD_STES@DF_FINMARK(4.0),ZAF,A,IRLT,PA,_Z,_Z,_Z,_Z,N,1996,15.48333,A,0,2,
OECD.SDD.STES:DSD_STES@DF_FINMARK(4.0),ZAF,A,IRLT,PA,_Z,_Z,_Z,_Z,N,1997,14.6975,A,0,2,
OECD.SDD.STES:DSD_STES@DF_FINMARK(4.0),ZAF,A,IRLT,PA,_Z,_Z,_Z,_Z,N,1998,15.1225,A,0,2,
OECD.SDD.STES:DSD_STES@DF_FINMARK(4.0),ZAF,A,IRLT,PA,_Z,_Z,_Z,_Z,N,1999,14.90167,A,0,2,
OECD.SDD.STES:DSD_STES@DF_FINMARK(4.0),ZAF,A,IRLT,PA,_Z,_Z,_Z,_Z,N,2000,13.78667,A,0,2,
OECD.SDD.STES:DSD_STES@DF_FINMARK(4.0),ZAF,A,IRLT,PA,_Z,_Z,_Z,_Z,N,2001,11.40667,A,0,2,
OECD.SDD.STES:DSD_STES@DF_FINMARK(4.0),ZAF,A,IRLT,PA,_Z,_Z,_Z,_Z,N,2002,11.50888,A,0,2,
OECD.SDD.STES:DSD_STES@DF_FINMARK(4.0),ZAF,A,IRLT,PA,_Z,_Z,_Z,_Z,N,2003,9.617318,A,0,2,
OECD.SDD.STES:DSD_STES@DF_FINMARK(4.0),ZAF,A,IRLT,PA,_Z,_Z,_Z,_Z,N,2004,9.515293,A,0,2,
OECD.SDD.STES:DSD_STES@DF_FINMARK(4.0),ZAF,A,IRLT,PA,_Z,_Z,_Z,_Z,N,2005,8.067034,A,0,2,
OECD.SDD.STES:DSD_STES@DF_FINMARK(4.0),ZAF,A,IRLT,PA,_Z,_Z,_Z,_Z,N,2006,7.934869,A,0,2,
OECD.SDD.STES:DSD_STES@DF_FINMARK(4.0),ZAF,A,IRLT,PA,_Z,_Z,_Z,_Z,N,2007,7.98763,A,0,2,
OECD.SDD.STES:DSD_STES@DF_FINMARK(4.0),ZAF,A,IRLT,PA,_Z,_Z,_Z,_Z,N,2008,9.091066,A,0,2,
OECD.SDD.STES:DSD_STES@DF_FINMARK(4.0),ZAF,A,IRLT,PA,_Z,_Z,_Z,_Z,N,2009,8.691194,A,0,2,
OECD.SDD.STES:DSD_STES@DF_FINMARK(4.0),ZAF,A,IRLT,PA,_Z,_Z,_Z,_Z,N,2010,8.615417,A,0,2,
OECD.SDD.STES:DSD_STES@DF_FINMARK(4.0),ZAF,A,IRLT,PA,_Z,_Z,_Z,_Z,N,2011,8.514085,A,0,2,
OECD.SDD.STES:DSD_STES@DF_FINMARK(4.0),ZAF,A,IRLT,PA,_Z,_Z,_Z,_Z,N,2012,7.902799,A,0,2,
OECD.SDD.STES:DSD_STES@DF_FINMARK(4.0),ZAF,A,IRLT,PA,_Z,_Z,_Z,_Z,N,2013,7.719594,A,0,2,
OECD.SDD.STES:DSD_STES@DF_FINMARK(4.0),ZAF,A,IRLT,PA,_Z,_Z,_Z,_Z,N,2014,8.243854,A,0,2,
OECD.SDD.STES:DSD_STES@DF_FINMARK(4.0),ZAF,A,IRLT,PA,_Z,_Z,_Z,_Z,N,2015,8.159151,A,0,2,
OECD.SDD.STES:DSD_STES@DF_FINMARK(4.0),ZAF,A,IRLT,PA,_Z,_Z,_Z,_Z,N,2016,9.016841,A,0,2,
OECD.SDD.STES:DSD_STES@DF_FINMARK(4.0),ZAF,A,IRLT,PA,_Z,_Z,_Z,_Z,N,2017,9.054002,A,0,2,
OECD.SDD.STES:DSD_STES@DF_FINMARK(4.0),ZAF,A,IRLT,PA,_Z,_Z,_Z,_Z,N,2018,9.127577,A,0,2,
OECD.SDD.STES:DSD_STES@DF_FINMARK(4.0),ZAF,A,IRLT,PA,_Z,_Z,_Z,_Z,N,2019,9.072575,A,0,2,
OECD.SDD.STES:DSD_STES@DF_FINMARK(4.0),ZAF,A,IRLT,PA,_Z,_Z,_Z,_Z,N,2020,10.07324,A,0,2,
OECD.SDD.STES:DSD_STES@DF_FINMARK(4.0),ZAF,A,IRLT,PA,_Z,_Z,_Z,_Z,N,2021,9.789732,A,0,2,
OECD.SDD.STES:DSD_STES@DF_FINMARK(4.0),ZAF,A,IRLT,PA,_Z,_Z,_Z,_Z,N,2022,10.73649,A,0,2,
OECD.SDD.STES:DSD_STES@DF_FINMARK(4.0),ZAF,A,IRLT,PA,_Z,_Z,_Z,_Z,N,2023,11.62392,A,0,2,
OECD.SDD.STES:DSD_STES@DF_FINMARK(4.0),CAN,A,IRLT,PA,_Z,_Z,_Z,_Z,N,1955,3.189167,A,0,2,
OECD.SDD.STES:DSD_STES@DF_FINMARK(4.0),CAN,A,IRLT,PA,_Z,_Z,_Z,_Z,N,1956,3.605833,A,0,2,
OECD.SDD.STES:DSD_STES@DF_FINMARK(4.0),CAN,A,IRLT,PA,_Z,_Z,_Z,_Z,N,1957,4.125,A,0,2,
OECD.SDD.STES:DSD_STES@DF_FINMARK(4.0),CAN,A,IRLT,PA,_Z,_Z,_Z,_Z,N,1958,4.115833,A,0,2,
OECD.SDD.STES:DSD_STES@DF_FINMARK(4.0),CAN,A,IRLT,PA,_Z,_Z,_Z,_Z,N,1959,5.048333,A,0,2,
OECD.SDD.STES:DSD_STES@DF_FINMARK(4.0),CAN,A,IRLT,PA,_Z,_Z,_Z,_Z,N,1960,5.188334,A,0,2,
OECD.SDD.STES:DSD_STES@DF_FINMARK(4.0),CAN,A,IRLT,PA,_Z,_Z,_Z,_Z,N,1961,5.058333,A,0,2,
OECD.SDD.STES:DSD_STES@DF_FINMARK(4.0),CAN,A,IRLT,PA,_Z,_Z,_Z,_Z,N,1962,5.099167,A,0,2,
OECD.SDD.STES:DSD_STES@DF_FINMARK(4.0),CAN,A,IRLT,PA,_Z,_Z,_Z,_Z,N,1963,5.090833,A,0,2,
OECD.SDD.STES:DSD_STES@DF_FINMARK(4.0),CAN,A,IRLT,PA,_Z,_Z,_Z,_Z,N,1964,5.184166,A,0,2,
OECD.SDD.STES:DSD_STES@DF_FINMARK(4.0),CAN,A,IRLT,PA,_Z,_Z,_Z,_Z,N,1965,5.199167,A,0,2,
OECD.SDD.STES:DSD_STES@DF_FINMARK(4.0),CAN,A,IRLT,PA,_Z,_Z,_Z,_Z,N,1966,5.685,A,0,2,
OECD.SDD.STES:DSD_STES@DF_FINMARK(4.0),CAN,A,IRLT,PA,_Z,_Z,_Z,_Z,N,1967,5.898334,A,0,2,
OECD.SDD.STES:DSD_STES@DF_FINMARK(4.0),CAN,A,IRLT,PA,_Z,_Z,_Z,_Z,N,1968,6.725,A,0,2,
OECD.SDD.STES:DSD_STES@DF_FINMARK(4.0),CAN,A,IRLT,PA,_Z,_Z,_Z,_Z,N,1969,7.558333,A,0,2,
OECD.SDD.STES:DSD_STES@DF_FINMARK(4.0),CAN,A,IRLT,PA,_Z,_Z,_Z,_Z,N,1970,7.965833,A,0,2,
OECD.SDD.STES:DSD_STES@DF_FINMARK(4.0),CAN,A,IRLT,PA,_Z,_Z,_Z,_Z,N,1971,6.945,A,0,2,
OECD.SDD.STES:DSD_STES@DF_FINMARK(4.0),CAN,A,IRLT,PA,_Z,_Z,_Z,_Z,N,1972,7.225,A,0,2,
OECD.SDD.STES:DSD_STES@DF_FINMARK(4.0),CAN,A,IRLT,PA,_Z,_Z,_Z,_Z,N,1973,7.528333,A,0,2,
OECD.SDD.STES:DSD_STES@DF_FINMARK(4.0),CAN,A,IRLT,PA,_Z,_Z,_Z,_Z,N,1974,8.87,A,0,2,
OECD.SDD.STES:DSD_STES@DF_FINMARK(4.0),CAN,A,IRLT,PA,_Z,_Z,_Z,_Z,N,1975,8.993333,A,0,2,
OECD.SDD.STES:DSD_STES@DF_FINMARK(4.0),CAN,A,IRLT,PA,_Z,_Z,_Z,_Z,N,1976,9.229167,A,0,2,
OECD.SDD.STES:DSD_STES@DF_FINMARK(4.0),CAN,A,IRLT,PA,_Z,_Z,_Z,_Z,N,1977,8.693334,A,0,2,
OECD.SDD.STES:DSD_STES@DF_FINMARK(4.0),CAN,A,IRLT,PA,_Z,_Z,_Z,_Z,N,1978,9.235833,A,0,2,
OECD.SDD.STES:DSD_STES@DF_FINMARK(4.0),CAN,A,IRLT,PA,_Z,_Z,_Z,_Z,N,1979,10.17917,A,0,2,
OECD.SDD.STES:DSD_STES@DF_FINMARK(4.0),CAN,A,IRLT,PA,_Z,_Z,_Z,_Z,N,1980,12.33833,A,0,2,
OECD.SDD.STES:DSD_STES@DF_FINMARK(4.0),CAN,A,IRLT,PA,_Z,_Z,_Z,_Z,N,1981,14.98917,A,0,2,
OECD.SDD.STES:DSD_STES@DF_FINMARK(4.0),CAN,A,IRLT,PA,_Z,_Z,_Z,_Z,N,1983,11.39858,A,0,2,
OECD.SDD.STES:DSD_STES@DF_FINMARK(4.0),CAN,A,IRLT,PA,_Z,_Z,_Z,_Z,N,1984,12.71004,A,0,2,
OECD.SDD.STES:DSD_STES@DF_FINMARK(4.0),CAN,A,IRLT,PA,_Z,_Z,_Z,_Z,N,1985,10.91183,A,0,2,
OECD.SDD.STES:DSD_STES@DF_FINMARK(4.0),CAN,A,IRLT,PA,_Z,_Z,_Z,_Z,N,1986,9.145541,A,0,2,
OECD.SDD.STES:DSD_STES@DF_FINMARK(4.0),CAN,A,IRLT,PA,_Z,_Z,_Z,_Z,N,1987,9.470708,A,0,2,
OECD.SDD.STES:DSD_STES@DF_FINMARK(4.0),CAN,A,IRLT,PA,_Z,_Z,_Z,_Z,N,1988,9.830916,A,0,2,
OECD.SDD.STES:DSD_STES@DF_FINMARK(4.0),CAN,A,IRLT,PA,_Z,_Z,_Z,_Z,N,1989,9.782253,A,0,2,
OECD.SDD.STES:DSD_STES@DF_FINMARK(4.0),CAN,A,IRLT,PA,_Z,_Z,_Z,_Z,N,1990,10.72708,A,0,2,
OECD.SDD.STES:DSD_STES@DF_FINMARK(4.0),CAN,A,IRLT,PA,_Z,_Z,_Z,_Z,N,1991,9.455926,A,0,2,
OECD.SDD.STES:DSD_STES@DF_FINMARK(4.0),CAN,A,IRLT,PA,_Z,_Z,_Z,_Z,N,1992,8.061233,A,0,2,
OECD.SDD.STES:DSD_STES@DF_FINMARK(4.0),CAN,A,IRLT,PA,_Z,_Z,_Z,_Z,N,1993,7.24507,A,0,2,
OECD.SDD.STES:DSD_STES@DF_FINMARK(4.0),CAN,A,IRLT,PA,_Z,_Z,_Z,_Z,N,1994,8.364868,A,0,2,
OECD.SDD.STES:DSD_STES@DF_FINMARK(4.0),CAN,A,IRLT,PA,_Z,_Z,_Z,_Z,N,1995,8.161792,A,0,2,
OECD.SDD.STES:DSD_STES@DF_FINMARK(4.0),CAN,A,IRLT,PA,_Z,_Z,_Z,_Z,N,1996,7.229915,A,0,2,
OECD.SDD.STES:DSD_STES@DF_FINMARK(4.0),CAN,A,IRLT,PA,_Z,_Z,_Z,_Z,N,1997,6.143073,A,0,2,
OECD.SDD.STES:DSD_STES@DF_FINMARK(4.0),CAN,A,IRLT,PA,_Z,_Z,_Z,_Z,N,1998,5.279053,A,0,2,
OECD.SDD.STES:DSD_STES@DF_FINMARK(4.0),CAN,A,IRLT,PA,_Z,_Z,_Z,_Z,N,1999,5.541102,A,0,2,
OECD.SDD.STES:DSD_STES@DF_FINMARK(4.0),CAN,A,IRLT,PA,_Z,_Z,_Z,_Z,N,2000,5.925412,A,0,2,
OECD.SDD.STES:DSD_STES@DF_FINMARK(4.0),CAN,A,IRLT,PA,_Z,_Z,_Z,_Z,N,2001,5.480272,A,0,2,
OECD.SDD.STES:DSD_STES@DF_FINMARK(4.0),CAN,A,IRLT,PA,_Z,_Z,_Z,_Z,N,2002,5.290907,A,0,2,
OECD.SDD.STES:DSD_STES@DF_FINMARK(4.0),CAN,A,IRLT,PA,_Z,_Z,_Z,_Z,N,2003,4.810544,A,0,2,
OECD.SDD.STES:DSD_STES@DF_FINMARK(4.0),CAN,A,IRLT,PA,_Z,_Z,_Z,_Z,N,2004,4.579607,A,0,2,
OECD.SDD.STES:DSD_STES@DF_FINMARK(4.0),CAN,A,IRLT,PA,_Z,_Z,_Z,_Z,N,2005,4.066929,A,0,2,
OECD.SDD.STES:DSD_STES@DF_FINMARK(4.0),CAN,A,IRLT,PA,_Z,_Z,_Z,_Z,N,2006,4.20776,A,0,2,
OECD.SDD.STES:DSD_STES@DF_FINMARK(4.0),CAN,A,IRLT,PA,_Z,_Z,_Z,_Z,N,2007,4.269767,A,0,2,
OECD.SDD.STES:DSD_STES@DF_FINMARK(4.0),CAN,A,IRLT,PA,_Z,_Z,_Z,_Z,N,2008,3.605302,A,0,2,
OECD.SDD.STES:DSD_STES@DF_FINMARK(4.0),CAN,A,IRLT,PA,_Z,_Z,_Z,_Z,N,2009,3.230619,A,0,2,
OECD.SDD.STES:DSD_STES@DF_FINMARK(4.0),CAN,A,IRLT,PA,_Z,_Z,_Z,_Z,N,2010,3.23514,A,0,2,
OECD.SDD.STES:DSD_STES@DF_FINMARK(4.0),CAN,A,IRLT,PA,_Z,_Z,_Z,_Z,N,2011,2.783036,A,0,2,
OECD.SDD.STES:DSD_STES@DF_FINMARK(4.0),CAN,A,IRLT,PA,_Z,_Z,_Z,_Z,N,2012,1.87341,A,0,2,
OECD.SDD.STES:DSD_STES@DF_FINMARK(4.0),CAN,A,IRLT,PA,_Z,_Z,_Z,_Z,N,2013,2.261959,A,0,2,
OECD.SDD.STES:DSD_STES@DF_FINMARK(4.0),CAN,A,IRLT,PA,_Z,_Z,_Z,_Z,N,2014,2.23083,A,0,2,
OECD.SDD.STES:DSD_STES@DF_FINMARK(4.0),CAN,A,IRLT,PA,_Z,_Z,_Z,_Z,N,2015,1.521695,A,0,2,
OECD.SDD.STES:DSD_STES@DF_FINMARK(4.0),CAN,A,IRLT,PA,_Z,_Z,_Z,_Z,N,2016,1.251758,A,0,2,
OECD.SDD.STES:DSD_STES@DF_FINMARK(4.0),CAN,A,IRLT,PA,_Z,_Z,_Z,_Z,N,2017,1.783652,A,0,2,
OECD.SDD.STES:DSD_STES@DF_FINMARK(4.0),CAN,A,IRLT,PA,_Z,_Z,_Z,_Z,N,2018,2.277912,A,0,2,
OECD.SDD.STES:DSD_STES@DF_FINMARK(4.0),CAN,A,IRLT,PA,_Z,_Z,_Z,_Z,N,2020,0.7531087,A,0,2,
OECD.SDD.STES:DSD_STES@DF_FINMARK(4.0),CAN,A,IRLT,PA,_Z,_Z,_Z,_Z,N,2021,1.358811,A,0,2,
OECD.SDD.STES:DSD_STES@DF_FINMARK(4.0),GBR,A,IRLT,PA,_Z,_Z,_Z,_Z,N,1960,5.855834,A,0,2,
OECD.SDD.STES:DSD_STES@DF_FINMARK(4.0),GBR,A,IRLT,PA,_Z,_Z,_Z,_Z,N,1961,6.264167,A,0,2,
OECD.SDD.STES:DSD_STES@DF_FINMARK(4.0),GBR,A,IRLT,PA,_Z,_Z,_Z,_Z,N,1962,5.764167,A,0,2,
OECD.SDD.STES:DSD_STES@DF_FINMARK(4.0),GBR,A,IRLT,PA,_Z,_Z,_Z,_Z,N,1963,5.165833,A,0,2,
OECD.SDD.STES:DSD_STES@DF_FINMARK(4.0),GBR,A,IRLT,PA,_Z,_Z,_Z,_Z,N,1964,5.7025,A,0,2,
OECD.SDD.STES:DSD_STES@DF_FINMARK(4.0),GBR,A,IRLT,PA,_Z,_Z,_Z,_Z,N,1965,6.551667,A,0,2,
OECD.SDD.STES:DSD_STES@DF_FINMARK(4.0),GBR,A,IRLT,PA,_Z,_Z,_Z,_Z,N,1966,6.866667,A,0,2,
OECD.SDD.STES:DSD_STES@DF_FINMARK(4.0),GBR,A,IRLT,PA,_Z,_Z,_Z,_Z,N,1967,6.7,A,0,2,
OECD.SDD.STES:DSD_STES@DF_FINMARK(4.0),GBR,A,IRLT,PA,_Z,_Z,_Z,_Z,N,1968,7.509167,A,0,2,
OECD.SDD.STES:DSD_STES@DF_FINMARK(4.0),GBR,A,IRLT,PA,_Z,_Z,_Z,_Z,N,1969,8.83,A,0,2,
OECD.SDD.STES:DSD_STES@DF_FINMARK(4.0),GBR,A,IRLT,PA,_Z,_Z,_Z,_Z,N,1970,8.634167,A,0,2,
OECD.SDD.STES:DSD_STES@DF_FINMARK(4.0),GBR,A,IRLT,PA,_Z,_Z,_Z,_Z,N,1971,7.868333,A,0,2,
OECD.SDD.STES:DSD_STES@DF_FINMARK(4.0),GBR,A,IRLT,PA,_Z,_Z,_Z,_Z,N,1972,8.375,A,0,2,
OECD.SDD.STES:DSD_STES@DF_FINMARK(4.0),GBR,A,IRLT,PA,_Z,_Z,_Z,_Z,N,1973,10.55833,A,0,2,
OECD.SDD.STES:DSD_STES@DF_FINMARK(4.0),GBR,A,IRLT,PA,_Z,_Z,_Z,_Z,N,1974,14.20667,A,0,2,
OECD.SDD.STES:DSD_STES@DF_FINMARK(4.0),GBR,A,IRLT,PA,_Z,_Z,_Z,_Z,N,1975,13.18167,A,0,2,
OECD.SDD.STES:DSD_STES@DF_FINMARK(4.0),GBR,A,IRLT,PA,_Z,_Z,_Z,_Z,N,1976,13.61,A,0,2,
OECD.SDD.STES:DSD_STES@DF_FINMARK(4.0),GBR,A,IRLT,PA,_Z,_Z,_Z,_Z,N,1977,12.0275,A,0,2,
OECD.SDD.STES:DSD_STES@DF_FINMARK(4.0),GBR,A,IRLT,PA,_Z,_Z,_Z,_Z,N,1978,12.065,A,0,2,
OECD.SDD.STES:DSD_STES@DF_FINMARK(4.0),GBR,A,IRLT,PA,_Z,_Z,_Z,_Z,N,1979,12.94583,A,0,2,
OECD.SDD.STES:DSD_STES@DF_FINMARK(4.0),GBR,A,IRLT,PA,_Z,_Z,_Z,_Z,N,1980,13.91333,A,0,2,
OECD.SDD.STES:DSD_STES@DF_FINMARK(4.0),GBR,A,IRLT,PA,_Z,_Z,_Z,_Z,N,1981,14.88333,A,0,2,
OECD.SDD.STES:DSD_STES@DF_FINMARK(4.0),GBR,A,IRLT,PA,_Z,_Z,_Z,_Z,N,1982,13.085,A,0,2,
OECD.SDD.STES:DSD_STES@DF_FINMARK(4.0),GBR,A,IRLT,PA,_Z,_Z,_Z,_Z,N,1983,11.26833,A,0,2,
OECD.SDD.STES:DSD_STES@DF_FINMARK(4.0),GBR,A,IRLT,PA,_Z,_Z,_Z,_Z,N,1984,11.1275,A,0,2,
OECD.SDD.STES:DSD_STES@DF_FINMARK(4.0),GBR,A,IRLT,PA,_Z,_Z,_Z,_Z,N,1985,10.97,A,0,2,
OECD.SDD.STES:DSD_STES@DF_FINMARK(4.0),GBR,A,IRLT,PA,_Z,_Z,_Z,_Z,N,1986,10.135,A,0,2,
OECD.SDD.STES:DSD_STES@DF_FINMARK(4.0),GBR,A,IRLT,PA,_Z,_Z,_Z,_Z,N,1987,9.570833,A,0,2,
OECD.SDD.STES:DSD_STES@DF_FINMARK(4.0),GBR,A,IRLT,PA,_Z,_Z,_Z,_Z,N,1988,9.675834,A,0,2,
OECD.SDD.STES:DSD_STES@DF_FINMARK(4.0),GBR,A,IRLT,PA,_Z,_Z,_Z,_Z,N,1989,10.19083,A,0,2,
OECD.SDD.STES:DSD_STES@DF_FINMARK(4.0),GBR,A,IRLT,PA,_Z,_Z,_Z,_Z,N,1990,11.8025,A,0,2,
OECD.SDD.STES:DSD_STES@DF_FINMARK(4.0),GBR,A,IRLT,PA,_Z,_Z,_Z,_Z,N,1991,10.105,A,0,2,
OECD.SDD.STES:DSD_STES@DF_FINMARK(4.0),GBR,A,IRLT,PA,_Z,_Z,_Z,_Z,N,1992,9.063334,A,0,2,
OECD.SDD.STES:DSD_STES@DF_FINMARK(4.0),GBR,A,IRLT,PA,_Z,_Z,_Z,_Z,N,1993,7.479609,A,0,2,
OECD.SDD.STES:DSD_STES@DF_FINMARK(4.0),GBR,A,IRLT,PA,_Z,_Z,_Z,_Z,N,1994,8.1221,A,0,2,
OECD.SDD.STES:DSD_STES@DF_FINMARK(4.0),GBR,A,IRLT,PA,_Z,_Z,_Z,_Z,N,1995,8.200283,A,0,2,
OECD.SDD.STES:DSD_STES@DF_FINMARK(4.0),GBR,A,IRLT,PA,_Z,_Z,_Z,_Z,N,1996,7.810184,A,0,2,
OECD.SDD.STES:DSD_STES@DF_FINMARK(4.0),GBR,A,IRLT,PA,_Z,_Z,_Z,_Z,N,1997,7.052592,A,0,2,
OECD.SDD.STES:DSD_STES@DF_FINMARK(4.0),GBR,A,IRLT,PA,_Z,_Z,_Z,_Z,N,1998,5.550958,A,0,2,
OECD.SDD.STES:DSD_STES@DF_FINMARK(4.0),GBR,A,IRLT,PA,_Z,_Z,_Z,_Z,N,1999,5.093525,A,0,2,
OECD.SDD.STES:DSD_STES@DF_FINMARK(4.0),GBR,A,IRLT,PA,_Z,_Z,_Z,_Z,N,2000,5.328975,A,0,2,
OECD.SDD.STES:DSD_STES@DF_FINMARK(4.0),GBR,A,IRLT,PA,_Z,_Z,_Z,_Z,N,2001,4.9295,A,0,2,
OECD.SDD.STES:DSD_STES@DF_FINMARK(4.0),GBR,A,IRLT,PA,_Z,_Z,_Z,_Z,N,2002,4.894242,A,0,2,
OECD.SDD.STES:DSD_STES@DF_FINMARK(4.0),GBR,A,IRLT,PA,_Z,_Z,_Z,_Z,N,2003,4.526592,A,0,2,
OECD.SDD.STES:DSD_STES@DF_FINMARK(4.0),GBR,A,IRLT,PA,_Z,_Z,_Z,_Z,N,2004,4.882267,A,0,2,
OECD.SDD.STES:DSD_STES@DF_FINMARK(4.0),GBR,A,IRLT,PA,_Z,_Z,_Z,_Z,N,2005,4.413892,A,0,2,
OECD.SDD.STES:DSD_STES@DF_FINMARK(4.0),GBR,A,IRLT,PA,_Z,_Z,_Z,_Z,N,2006,4.501675,A,0,2,
OECD.SDD.STES:DSD_STES@DF_FINMARK(4.0),GBR,A,IRLT,PA,_Z,_Z,_Z,_Z,N,2007,5.011275,A,0,2,
OECD.SDD.STES:DSD_STES@DF_FINMARK(4.0),GBR,A,IRLT,PA,_Z,_Z,_Z,_Z,N,2008,4.590725,A,0,2,
OECD.SDD.STES:DSD_STES@DF_FINMARK(4.0),GBR,A,IRLT,PA,_Z,_Z,_Z,_Z,N,2009,3.647517,A,0,2,
OECD.SDD.STES:DSD_STES@DF_FINMARK(4.0),GBR,A,IRLT,PA,_Z,_Z,_Z,_Z,N,2010,3.624425,A,0,2,
OECD.SDD.STES:DSD_STES@DF_FINMARK(4.0),GBR,A,IRLT,PA,_Z,_Z,_Z,_Z,N,2011,3.135992,A,0,2,
OECD.SDD.STES:DSD_STES@DF_FINMARK(4.0),GBR,A,IRLT,PA,_Z,_Z,_Z,_Z,N,2012,1.918042,A,0,2,
OECD.SDD.STES:DSD_STES@DF_FINMARK(4.0),GBR,A,IRLT,PA,_Z,_Z,_Z,_Z,N,2013,2.389783,A,0,2,
OECD.SDD.STES:DSD_STES@DF_FINMARK(4.0),GBR,A,IRLT,PA,_Z,_Z,_Z,_Z,N,2014,2.569083,A,0,2,
OECD.SDD.STES:DSD_STES@DF_FINMARK(4.0),GBR,A,IRLT,PA,_Z,_Z,_Z,_Z,N,2015,1.901033,A,0,2,
OECD.SDD.STES:DSD_STES@DF_FINMARK(4.0),GBR,A,IRLT,PA,_Z,_Z,_Z,_Z,N,2016,1.305208,A,0,2,
OECD.SDD.STES:DSD_STES@DF_FINMARK(4.0),GBR,A,IRLT,PA,_Z,_Z,_Z,_Z,N,2017,1.235808,A,0,2,
OECD.SDD.STES:DSD_STES@DF_FINMARK(4.0),GBR,A,IRLT,PA,_Z,_Z,_Z,_Z,N,2018,1.460658,A,0,2,
OECD.SDD.STES:DSD_STES@DF_FINMARK(4.0),GBR,A,IRLT,PA,_Z,_Z,_Z,_Z,N,2019,0.935825,A,0,2,
OECD.SDD.STES:DSD_STES@DF_FINMARK(4.0),GBR,A,IRLT,PA,_Z,_Z,_Z,_Z,N,2020,0.3744417,A,0,2,
OECD.SDD.STES:DSD_STES@DF_FINMARK(4.0),GBR,A,IRLT,PA,_Z,_Z,_Z,_Z,N,2021,0.7876083,A,0,2,
OECD.SDD.STES:DSD_STES@DF_FINMARK(4.0),GBR,A,IRLT,PA,_Z,_Z,_Z,_Z,N,2022,2.447292,A,0,2,
OECD.SDD.STES:DSD_STES@DF_FINMARK(4.0),GBR,A,IRLT,PA,_Z,_Z,_Z,_Z,N,2023,4.0583,A,0,2,
OECD.SDD.STES:DSD_STES@DF_FINMARK(4.0),AUS,A,IRLT,PA,_Z,_Z,_Z,_Z,N,1970,6.646667,A,0,2,
OECD.SDD.STES:DSD_STES@DF_FINMARK(4.0),AUS,A,IRLT,PA,_Z,_Z,_Z,_Z,N,1971,6.713333,A,0,2,
OECD.SDD.STES:DSD_STES@DF_FINMARK(4.0),AUS,A,IRLT,PA,_Z,_Z,_Z,_Z,N,1972,5.831666,A,0,2,
OECD.SDD.STES:DSD_STES@DF_FINMARK(4.0),AUS,A,IRLT,PA,_Z,_Z,_Z,_Z,N,1973,6.933333,A,0,2,
OECD.SDD.STES:DSD_STES@DF_FINMARK(4.0),AUS,A,IRLT,PA,_Z,_Z,_Z,_Z,N,1974,9.036667,A,0,2,
OECD.SDD.STES:DSD_STES@DF_FINMARK(4.0),AUS,A,IRLT,PA,_Z,_Z,_Z,_Z,N,1975,9.741667,A,0,2,
OECD.SDD.STES:DSD_STES@DF_FINMARK(4.0),AUS,A,IRLT,PA,_Z,_Z,_Z,_Z,N,1976,10.03083,A,0,2,
OECD.SDD.STES:DSD_STES@DF_FINMARK(4.0),AUS,A,IRLT,PA,_Z,_Z,_Z,_Z,N,1977,10.22667,A,0,2,
OECD.SDD.STES:DSD_STES@DF_FINMARK(4.0),AUS,A,IRLT,PA,_Z,_Z,_Z,_Z,N,1978,9.06,A,0,2,
OECD.SDD.STES:DSD_STES@DF_FINMARK(4.0),AUS,A,IRLT,PA,_Z,_Z,_Z,_Z,N,1979,9.749166,A,0,2,
OECD.SDD.STES:DSD_STES@DF_FINMARK(4.0),AUS,A,IRLT,PA,_Z,_Z,_Z,_Z,N,1980,11.6475,A,0,2,
OECD.SDD.STES:DSD_STES@DF_FINMARK(4.0),AUS,A,IRLT,PA,_Z,_Z,_Z,_Z,N,1981,13.95833,A,0,2,
OECD.SDD.STES:DSD_STES@DF_FINMARK(4.0),AUS,A,IRLT,PA,_Z,_Z,_Z,_Z,N,1982,15.375,A,0,2,
OECD.SDD.STES:DSD_STES@DF_FINMARK(4.0),AUS,A,IRLT,PA,_Z,_Z,_Z,_Z,N,1983,13.8875,A,0,2,
OECD.SDD.STES:DSD_STES@DF_FINMARK(4.0),AUS,A,IRLT,PA,_Z,_Z,_Z,_Z,N,1984,13.525,A,0,2,
OECD.SDD.STES:DSD_STES@DF_FINMARK(4.0),AUS,A,IRLT,PA,_Z,_Z,_Z,_Z,N,1985,13.95417,A,0,2,
OECD.SDD.STES:DSD_STES@DF_FINMARK(4.0),AUS,A,IRLT,PA,_Z,_Z,_Z,_Z,N,1986,13.41667,A,0,2,
OECD.SDD.STES:DSD_STES@DF_FINMARK(4.0),AUS,A,IRLT,PA,_Z,_Z,_Z,_Z,N,1987,13.19167,A,0,2,
OECD.SDD.STES:DSD_STES@DF_FINMARK(4.0),AUS,A,IRLT,PA,_Z,_Z,_Z,_Z,N,1988,12.10417,A,0,2,
OECD.SDD.STES:DSD_STES@DF_FINMARK(4.0),AUS,A,IRLT,PA,_Z,_Z,_Z,_Z,N,1989,13.40833,A,0,2,
OECD.SDD.STES:DSD_STES@DF_FINMARK(4.0),AUS,A,IRLT,PA,_Z,_Z,_Z,_Z,N,1990,13.18,A,0,2,
OECD.SDD.STES:DSD_STES@DF_FINMARK(4.0),AUS,A,IRLT,PA,_Z,_Z,_Z,_Z,N,1991,10.69083,A,0,2,
OECD.SDD.STES:DSD_STES@DF_FINMARK(4.0),AUS,A,IRLT,PA,_Z,_Z,_Z,_Z,N,1992,9.22,A,0,2,
OECD.SDD.STES:DSD_STES@DF_FINMARK(4.0),AUS,A,IRLT,PA,_Z,_Z,_Z,_Z,N,1993,7.280833,A,0,2,
OECD.SDD.STES:DSD_STES@DF_FINMARK(4.0),AUS,A,IRLT,PA,_Z,_Z,_Z,_Z,N,1994,9.041667,A,0,2,
OECD.SDD.STES:DSD_STES@DF_FINMARK(4.0),AUS,A,IRLT,PA,_Z,_Z,_Z,_Z,N,1995,9.210896,A,0,2,
OECD.SDD.STES:DSD_STES@DF_FINMARK(4.0),AUS,A,IRLT,PA,_Z,_Z,_Z,_Z,N,1996,8.209207,A,0,2,
OECD.SDD.STES:DSD_STES@DF_FINMARK(4.0),AUS,A,IRLT,PA,_Z,_Z,_Z,_Z,N,1997,6.954918,A,0,2,
OECD.SDD.STES:DSD_STES@DF_FINMARK(4.0),AUS,A,IRLT,PA,_Z,_Z,_Z,_Z,N,1998,5.49297,A,0,2,
OECD.SDD.STES:DSD_STES@DF_FINMARK(4.0),AUS,A,IRLT,PA,_Z,_Z,_Z,_Z,N,1999,6.009312,A,0,2,
OECD.SDD.STES:DSD_STES@DF_FINMARK(4.0),AUS,A,IRLT,PA,_Z,_Z,_Z,_Z,N,2000,6.314569,A,0,2,
OECD.SDD.STES:DSD_STES@DF_FINMARK(4.0),AUS,A,IRLT,PA,_Z,_Z,_Z,_Z,N,2001,5.615264,A,0,2,
OECD.SDD.STES:DSD_STES@DF_FINMARK(4.0),AUS,A,IRLT,PA,_Z,_Z,_Z,_Z,N,2002,5.843958,A,0,2,
OECD.SDD.STES:DSD_STES@DF_FINMARK(4.0),AUS,A,IRLT,PA,_Z,_Z,_Z,_Z,N,2003,5.366776,A,0,2,
OECD.SDD.STES:DSD_STES@DF_FINMARK(4.0),AUS,A,IRLT,PA,_Z,_Z,_Z,_Z,N,2004,5.590775,A,0,2,
OECD.SDD.STES:DSD_STES@DF_FINMARK(4.0),AUS,A,IRLT,PA,_Z,_Z,_Z,_Z,N,2005,5.339973,A,0,2,
OECD.SDD.STES:DSD_STES@DF_FINMARK(4.0),AUS,A,IRLT,PA,_Z,_Z,_Z,_Z,N,2006,5.587872,A,0,2,
OECD.SDD.STES:DSD_STES@DF_FINMARK(4.0),AUS,A,IRLT,PA,_Z,_Z,_Z,_Z,N,2007,5.994521,A,0,2,
OECD.SDD.STES:DSD_STES@DF_FINMARK(4.0),AUS,A,IRLT,PA,_Z,_Z,_Z,_Z,N,2008,5.817944,A,0,2,
OECD.SDD.STES:DSD_STES@DF_FINMARK(4.0),AUS,A,IRLT,PA,_Z,_Z,_Z,_Z,N,2009,5.039512,A,0,2,
OECD.SDD.STES:DSD_STES@DF_FINMARK(4.0),AUS,A,IRLT,PA,_Z,_Z,_Z,_Z,N,2010,5.366042,A,0,2,
OECD.SDD.STES:DSD_STES@DF_FINMARK(4.0),AUS,A,IRLT,PA,_Z,_Z,_Z,_Z,N,2011,4.879583,A,0,2,
OECD.SDD.STES:DSD_STES@DF_FINMARK(4.0),AUS,A,IRLT,PA,_Z,_Z,_Z,_Z,N,2012,3.379167,A,0,2,
OECD.SDD.STES:DSD_STES@DF_FINMARK(4.0),AUS,A,IRLT,PA,_Z,_Z,_Z,_Z,N,2013,3.723042,A,0,2,
OECD.SDD.STES:DSD_STES@DF_FINMARK(4.0),AUS,A,IRLT,PA,_Z,_Z,_Z,_Z,N,2014,3.663833,A,0,2,
OECD.SDD.STES:DSD_STES@DF_FINMARK(4.0),AUS,A,IRLT,PA,_Z,_Z,_Z,_Z,N,2016,2.340833,A,0,2,
OECD.SDD.STES:DSD_STES@DF_FINMARK(4.0),AUS,A,IRLT,PA,_Z,_Z,_Z,_Z,N,2021,1.47975,A,0,2,
OECD.SDD.STES:DSD_STES@DF_FINMARK(4.0),AUT,A,IRLT,PA,_Z,_Z,_Z,_Z,N,1990,8.7275,A,0,2,
OECD.SDD.STES:DSD_STES@DF_FINMARK(4.0),AUT,A,IRLT,PA,_Z,_Z,_Z,_Z,N,1991,8.546667,A,0,2,
OECD.SDD.STES:DSD_STES@DF_FINMARK(4.0),AUT,A,IRLT,PA,_Z,_Z,_Z,_Z,N,1992,8.139167,A,0,2,
OECD.SDD.STES:DSD_STES@DF_FINMARK(4.0),AUT,A,IRLT,PA,_Z,_Z,_Z,_Z,N,1993,6.704325,A,0,2,
OECD.SDD.STES:DSD_STES@DF_FINMARK(4.0),AUT,A,IRLT,PA,_Z,_Z,_Z,_Z,N,1994,7.025466,A,0,2,
OECD.SDD.STES:DSD_STES@DF_FINMARK(4.0),AUT,A,IRLT,PA,_Z,_Z,_Z,_Z,N,1995,7.135075,A,0,2,
OECD.SDD.STES:DSD_STES@DF_FINMARK(4.0),AUT,A,IRLT,PA,_Z,_Z,_Z,_Z,N,1996,6.321466,A,0,2,
OECD.SDD.STES:DSD_STES@DF_FINMARK(4.0),AUT,A,IRLT,PA,_Z,_Z,_Z,_Z,N,1997,5.682842,A,0,2,
OECD.SDD.STES:DSD_STES@DF_FINMARK(4.0),AUT,A,IRLT,PA,_Z,_Z,_Z,_Z,N,1998,4.7135,A,0,2,
OECD.SDD.STES:DSD_STES@DF_FINMARK(4.0),AUT,A,IRLT,PA,_Z,_Z,_Z,_Z,N,1999,4.6809,A,0,2,
OECD.SDD.STES:DSD_STES@DF_FINMARK(4.0),AUT,A,IRLT,PA,_Z,_Z,_Z,_Z,N,2000,5.5554,A,0,2,
OECD.SDD.STES:DSD_STES@DF_FINMARK(4.0),AUT,A,IRLT,PA,_Z,_Z,_Z,_Z,N,2001,5.080167,A,0,2,
OECD.SDD.STES:DSD_STES@DF_FINMARK(4.0),AUT,A,IRLT,PA,_Z,_Z,_Z,_Z,N,2002,4.9638,A,0,2,
OECD.SDD.STES:DSD_STES@DF_FINMARK(4.0),AUT,A,IRLT,PA,_Z,_Z,_Z,_Z,N,2003,4.140867,A,0,2,
OECD.SDD.STES:DSD_STES@DF_FINMARK(4.0),AUT,A,IRLT,PA,_Z,_Z,_Z,_Z,N,2004,4.130892,A,0,2,
OECD.SDD.STES:DSD_STES@DF_FINMARK(4.0),AUT,A,IRLT,PA,_Z,_Z,_Z,_Z,N,2005,3.393733,A,0,2,
OECD.SDD.STES:DSD_STES@DF_FINMARK(4.0),AUT,A,IRLT,PA,_Z,_Z,_Z,_Z,N,2006,3.800842,A,0,2,
OECD.SDD.STES:DSD_STES@DF_FINMARK(4.0),AUT,A,IRLT,PA,_Z,_Z,_Z,_Z,N,2007,4.297083,A,0,2,
OECD.SDD.STES:DSD_STES@DF_FINMARK(4.0),AUT,A,IRLT,PA,_Z,_Z,_Z,_Z,N,2008,4.358525,A,0,2,
OECD.SDD.STES:DSD_STES@DF_FINMARK(4.0),AUT,A,IRLT,PA,_Z,_Z,_Z,_Z,N,2009,3.937633,A,0,2,
OECD.SDD.STES:DSD_STES@DF_FINMARK(4.0),AUT,A,IRLT,PA,_Z,_Z,_Z,_Z,N,2010,3.226383,A,0,2,
OECD.SDD.STES:DSD_STES@DF_FINMARK(4.0),AUT,A,IRLT,PA,_Z,_Z,_Z,_Z,N,2011,3.319658,A,0,2,
OECD.SDD.STES:DSD_STES@DF_FINMARK(4.0),AUT,A,IRLT,PA,_Z,_Z,_Z,_Z,N,2012,2.371175,A,0,2,
OECD.SDD.STES:DSD_STES@DF_FINMARK(4.0),AUT,A,IRLT,PA,_Z,_Z,_Z,_Z,N,2013,2.010758,A,0,2,
OECD.SDD.STES:DSD_STES@DF_FINMARK(4.0),AUT,A,IRLT,PA,_Z,_Z,_Z,_Z,N,2014,1.487292,A,0,2,
OECD.SDD.STES:DSD_STES@DF_FINMARK(4.0),AUT,A,IRLT,PA,_Z,_Z,_Z,_Z,N,2015,0.7470416,A,0,2,
OECD.SDD.STES:DSD_STES@DF_FINMARK(4.0),AUT,A,IRLT,PA,_Z,_Z,_Z,_Z,N,2016,0.3753833,A,0,2,
OECD.SDD.STES:DSD_STES@DF_FINMARK(4.0),AUT,A,IRLT,PA,_Z,_Z,_Z,_Z,N,2017,0.5832833,A,0,2,
OECD.SDD.STES:DSD_STES@DF_FINMARK(4.0),AUT,A,IRLT,PA,_Z,_Z,_Z,_Z,N,2018,0.6861584,A,0,2,
OECD.SDD.STES:DSD_STES@DF_FINMARK(4.0),AUT,A,IRLT,PA,_Z,_Z,_Z,_Z,N,2019,0.06293333,A,0,2,
OECD.SDD.STES:DSD_STES@DF_FINMARK(4.0),AUT,A,IRLT,PA,_Z,_Z,_Z,_Z,N,2020,-0.22485,A,0,2,
OECD.SDD.STES:DSD_STES@DF_FINMARK(4.0),AUT,A,IRLT,PA,_Z,_Z,_Z,_Z,N,2021,-0.08538333,A,0,2,
OECD.SDD.STES:DSD_STES@DF_FINMARK(4.0),AUT,A,IRLT,PA,_Z,_Z,_Z,_Z,N,2022,1.71115,A,0,2,
OECD.SDD.STES:DSD_STES@DF_FINMARK(4.0),AUT,A,IRLT,PA,_Z,_Z,_Z,_Z,N,2023,3.082675,A,0,2,
OECD.SDD.STES:DSD_STES@DF_FINMARK(4.0),CHL,A,IRLT,PA,_Z,_Z,_Z,_Z,N,2006,6.16,A,0,2,
OECD.SDD.STES:DSD_STES@DF_FINMARK(4.0),CHL,A,IRLT,PA,_Z,_Z,_Z,_Z,N,2009,5.665295,A,0,2,
OECD.SDD.STES:DSD_STES@DF_FINMARK(4.0),CHL,A,IRLT,PA,_Z,_Z,_Z,_Z,N,2010,6.252874,A,0,2,
OECD.SDD.STES:DSD_STES@DF_FINMARK(4.0),CHL,A,IRLT,PA,_Z,_Z,_Z,_Z,N,2011,5.969645,A,0,2,
OECD.SDD.STES:DSD_STES@DF_FINMARK(4.0),CHL,A,IRLT,PA,_Z,_Z,_Z,_Z,N,2012,5.42557,A,0,2,
OECD.SDD.STES:DSD_STES@DF_FINMARK(4.0),CHL,A,IRLT,PA,_Z,_Z,_Z,_Z,N,2013,5.308737,A,0,2,
OECD.SDD.STES:DSD_STES@DF_FINMARK(4.0),CHL,A,IRLT,PA,_Z,_Z,_Z,_Z,N,2014,4.736615,A,0,2,
OECD.SDD.STES:DSD_STES@DF_FINMARK(4.0),CHL,A,IRLT,PA,_Z,_Z,_Z,_Z,N,2015,4.480221,A,0,2,
OECD.SDD.STES:DSD_STES@DF_FINMARK(4.0),CHL,A,IRLT,PA,_Z,_Z,_Z,_Z,N,2016,4.405277,A,0,2,
OECD.SDD.STES:DSD_STES@DF_FINMARK(4.0),CHL,A,IRLT,PA,_Z,_Z,_Z,_Z,N,2017,4.244958,A,0,2,
OECD.SDD.STES:DSD_STES@DF_FINMARK(4.0),CHL,A,IRLT,PA,_Z,_Z,_Z,_Z,N,2018,4.497857,A,0,2,
OECD.SDD.STES:DSD_STES@DF_FINMARK(4.0),CHL,A,IRLT,PA,_Z,_Z,_Z,_Z,N,2019,3.577887,A,0,2,
OECD.SDD.STES:DSD_STES@DF_FINMARK(4.0),CHL,A,IRLT,PA,_Z,_Z,_Z,_Z,N,2020,2.798563,A,0,2,
OECD.SDD.STES:DSD_STES@DF_FINMARK(4.0),CHL,A,IRLT,PA,_Z,_Z,_Z,_Z,N,2021,4.36159,A,0,2,
OECD.SDD.STES:DSD_STES@DF_FINMARK(4.0),CHL,A,IRLT,PA,_Z,_Z,_Z,_Z,N,2022,6.260022,A,0,2,
OECD.SDD.STES:DSD_STES@DF_FINMARK(4.0),CHL,A,IRLT,PA,_Z,_Z,_Z,_Z,N,2023,5.655799,A,0,2,
OECD.SDD.STES:DSD_STES@DF_FINMARK(4.0),COL,A,IRLT,PA,_Z,_Z,_Z,_Z,N,2019,6.4975,A,0,2,
OECD.SDD.STES:DSD_STES@DF_FINMARK(4.0),COL,A,IRLT,PA,_Z,_Z,_Z,_Z,N,2020,6.333333,A,0,2,
OECD.SDD.STES:DSD_STES@DF_FINMARK(4.0),COL,A,IRLT,PA,_Z,_Z,_Z,_Z,N,2021,7.624166,A,0,2,
OECD.SDD.STES:DSD_STES@DF_FINMARK(4.0),COL,A,IRLT,PA,_Z,_Z,_Z,_Z,N,2023,11.33917,A,0,2,
OECD.SDD.STES:DSD_STES@DF_FINMARK(4.0),CZE,A,IRLT,PA,_Z,_Z,_Z,_Z,N,2001,6.314695,A,0,2,
OECD.SDD.STES:DSD_STES@DF_FINMARK(4.0),CZE,A,IRLT,PA,_Z,_Z,_Z,_Z,N,2002,4.876591,A,0,2,
OECD.SDD.STES:DSD_STES@DF_FINMARK(4.0),CZE,A,IRLT,PA,_Z,_Z,_Z,_Z,N,2003,4.115298,A,0,2,
OECD.SDD.STES:DSD_STES@DF_FINMARK(4.0),CZE,A,IRLT,PA,_Z,_Z,_Z,_Z,N,2004,4.820179,A,0,2,
OECD.SDD.STES:DSD_STES@DF_FINMARK(4.0),CZE,A,IRLT,PA,_Z,_Z,_Z,_Z,N,2005,3.54439,A,0,2,
OECD.SDD.STES:DSD_STES@DF_FINMARK(4.0),CZE,A,IRLT,PA,_Z,_Z,_Z,_Z,N,2006,3.798232,A,0,2,
OECD.SDD.STES:DSD_STES@DF_FINMARK(4.0),CZE,A,IRLT,PA,_Z,_Z,_Z,_Z,N,2007,4.302215,A,0,2,
OECD.SDD.STES:DSD_STES@DF_FINMARK(4.0),CZE,A,IRLT,PA,_Z,_Z,_Z,_Z,N,2008,4.633777,A,0,2,
OECD.SDD.STES:DSD_STES@DF_FINMARK(4.0),CZE,A,IRLT,PA,_Z,_Z,_Z,_Z,N,2009,4.837805,A,0,2,
OECD.SDD.STES:DSD_STES@DF_FINMARK(4.0),CZE,A,IRLT,PA,_Z,_Z,_Z,_Z,N,2010,3.885424,A,0,2,
OECD.SDD.STES:DSD_STES@DF_FINMARK(4.0),CZE,A,IRLT,PA,_Z,_Z,_Z,_Z,N,2011,3.707123,A,0,2,
OECD.SDD.STES:DSD_STES@DF_FINMARK(4.0),CZE,A,IRLT,PA,_Z,_Z,_Z,_Z,N,2012,2.781841,A,0,2,
OECD.SDD.STES:DSD_STES@DF_FINMARK(4.0),CZE,A,IRLT,PA,_Z,_Z,_Z,_Z,N,2013,2.111804,A,0,2,
OECD.SDD.STES:DSD_STES@DF_FINMARK(4.0),CZE,A,IRLT,PA,_Z,_Z,_Z,_Z,N,2014,1.575471,A,0,2,
OECD.SDD.STES:DSD_STES@DF_FINMARK(4.0),CZE,A,IRLT,PA,_Z,_Z,_Z,_Z,N,2015,0.5739477,A,0,2,
OECD.SDD.STES:DSD_STES@DF_FINMARK(4.0),CZE,A,IRLT,PA,_Z,_Z,_Z,_Z,N,2016,0.4271085,A,0,2,
OECD.SDD.STES:DSD_STES@DF_FINMARK(4.0),CZE,A,IRLT,PA,_Z,_Z,_Z,_Z,N,2017,0.9803625,A,0,2,
OECD.SDD.STES:DSD_STES@DF_FINMARK(4.0),CZE,A,IRLT,PA,_Z,_Z,_Z,_Z,N,2018,1.981123,A,0,2,
OECD.SDD.STES:DSD_STES@DF_FINMARK(4.0),CZE,A,IRLT,PA,_Z,_Z,_Z,_Z,N,2019,1.548116,A,0,2,
OECD.SDD.STES:DSD_STES@DF_FINMARK(4.0),CZE,A,IRLT,PA,_Z,_Z,_Z,_Z,N,2020,1.128786,A,0,2,
OECD.SDD.STES:DSD_STES@DF_FINMARK(4.0),CZE,A,IRLT,PA,_Z,_Z,_Z,_Z,N,2021,1.903468,A,0,2,
OECD.SDD.STES:DSD_STES@DF_FINMARK(4.0),CZE,A,IRLT,PA,_Z,_Z,_Z,_Z,N,2022,4.333534,A,0,2,
OECD.SDD.STES:DSD_STES@DF_FINMARK(4.0),CZE,A,IRLT,PA,_Z,_Z,_Z,_Z,N,2023,4.438432,A,0,2,
OECD.SDD.STES:DSD_STES@DF_FINMARK(4.0),DNK,A,IRLT,PA,_Z,_Z,_Z,_Z,N,1993,7.30375,A,0,2,
OECD.SDD.STES:DSD_STES@DF_FINMARK(4.0),DNK,A,IRLT,PA,_Z,_Z,_Z,_Z,N,1994,7.825333,A,0,2,
OECD.SDD.STES:DSD_STES@DF_FINMARK(4.0),DNK,A,IRLT,PA,_Z,_Z,_Z,_Z,N,1995,8.268583,A,0,2,
OECD.SDD.STES:DSD_STES@DF_FINMARK(4.0),DNK,A,IRLT,PA,_Z,_Z,_Z,_Z,N,1996,7.193083,A,0,2,
OECD.SDD.STES:DSD_STES@DF_FINMARK(4.0),DNK,A,IRLT,PA,_Z,_Z,_Z,_Z,N,1997,6.252584,A,0,2,
OECD.SDD.STES:DSD_STES@DF_FINMARK(4.0),DNK,A,IRLT,PA,_Z,_Z,_Z,_Z,N,1998,4.937583,A,0,2,
OECD.SDD.STES:DSD_STES@DF_FINMARK(4.0),DNK,A,IRLT,PA,_Z,_Z,_Z,_Z,N,1999,4.909,A,0,2,
OECD.SDD.STES:DSD_STES@DF_FINMARK(4.0),DNK,A,IRLT,PA,_Z,_Z,_Z,_Z,N,2000,5.641833,A,0,2,
OECD.SDD.STES:DSD_STES@DF_FINMARK(4.0),DNK,A,IRLT,PA,_Z,_Z,_Z,_Z,N,2001,5.079167,A,0,2,
OECD.SDD.STES:DSD_STES@DF_FINMARK(4.0),DNK,A,IRLT,PA,_Z,_Z,_Z,_Z,N,2002,5.055917,A,0,2,
OECD.SDD.STES:DSD_STES@DF_FINMARK(4.0),DNK,A,IRLT,PA,_Z,_Z,_Z,_Z,N,2003,4.30775,A,0,2,
OECD.SDD.STES:DSD_STES@DF_FINMARK(4.0),DNK,A,IRLT,PA,_Z,_Z,_Z,_Z,N,2004,4.304584,A,0,2,
OECD.SDD.STES:DSD_STES@DF_FINMARK(4.0),DNK,A,IRLT,PA,_Z,_Z,_Z,_Z,N,2005,3.40375,A,0,2,
OECD.SDD.STES:DSD_STES@DF_FINMARK(4.0),DNK,A,IRLT,PA,_Z,_Z,_Z,_Z,N,2006,3.812,A,0,2,
OECD.SDD.STES:DSD_STES@DF_FINMARK(4.0),DNK,A,IRLT,PA,_Z,_Z,_Z,_Z,N,2007,4.286417,A,0,2,
OECD.SDD.STES:DSD_STES@DF_FINMARK(4.0),DNK,A,IRLT,PA,_Z,_Z,_Z,_Z,N,2008,4.284333,A,0,2,
OECD.SDD.STES:DSD_STES@DF_FINMARK(4.0),DNK,A,IRLT,PA,_Z,_Z,_Z,_Z,N,2009,3.586333,A,0,2,
OECD.SDD.STES:DSD_STES@DF_FINMARK(4.0),DNK,A,IRLT,PA,_Z,_Z,_Z,_Z,N,2010,2.926083,A,0,2,
OECD.SDD.STES:DSD_STES@DF_FINMARK(4.0),DNK,A,IRLT,PA,_Z,_Z,_Z,_Z,N,2011,2.72925,A,0,2,
OECD.SDD.STES:DSD_STES@DF_FINMARK(4.0),DNK,A,IRLT,PA,_Z,_Z,_Z,_Z,N,2012,1.403417,A,0,2,
OECD.SDD.STES:DSD_STES@DF_FINMARK(4.0),DNK,A,IRLT,PA,_Z,_Z,_Z,_Z,N,2013,1.745,A,0,2,
OECD.SDD.STES:DSD_STES@DF_FINMARK(4.0),DNK,A,IRLT,PA,_Z,_Z,_Z,_Z,N,2014,1.324833,A,0,2,
OECD.SDD.STES:DSD_STES@DF_FINMARK(4.0),DNK,A,IRLT,PA,_Z,_Z,_Z,_Z,N,2015,0.6905,A,0,2,
OECD.SDD.STES:DSD_STES@DF_FINMARK(4.0),DNK,A,IRLT,PA,_Z,_Z,_Z,_Z,N,2016,0.3203333,A,0,2,
OECD.SDD.STES:DSD_STES@DF_FINMARK(4.0),DNK,A,IRLT,PA,_Z,_Z,_Z,_Z,N,2017,0.4764167,A,0,2,
OECD.SDD.STES:DSD_STES@DF_FINMARK(4.0),DNK,A,IRLT,PA,_Z,_Z,_Z,_Z,N,2018,0.4548333,A,0,2,
OECD.SDD.STES:DSD_STES@DF_FINMARK(4.0),DNK,A,IRLT,PA,_Z,_Z,_Z,_Z,N,2019,-0.1834167,A,0,2,
OECD.SDD.STES:DSD_STES@DF_FINMARK(4.0),DNK,A,IRLT,PA,_Z,_Z,_Z,_Z,N,2020,-0.35925,A,0,2,
OECD.SDD.STES:DSD_STES@DF_FINMARK(4.0),DNK,A,IRLT,PA,_Z,_Z,_Z,_Z,N,2021,-0.06083333,A,0,2,
OECD.SDD.STES:DSD_STES@DF_FINMARK(4.0),DNK,A,IRLT,PA,_Z,_Z,_Z,_Z,N,2022,1.47775,A,0,2,
OECD.SDD.STES:DSD_STES@DF_FINMARK(4.0),EST,A,IRLT,PA,_Z,_Z,_Z,_Z,N,2021,0.06333333,A,0,2,
OECD.SDD.STES:DSD_STES@DF_FINMARK(4.0),EST,A,IRLT,PA,_Z,_Z,_Z,_Z,N,2022,2.285833,A,0,2,
OECD.SDD.STES:DSD_STES@DF_FINMARK(4.0),EST,A,IRLT,PA,_Z,_Z,_Z,_Z,N,2023,3.900833,A,0,2,
OECD.SDD.STES:DSD_STES@DF_FINMARK(4.0),FIN,A,IRLT,PA,_Z,_Z,_Z,_Z,N,1988,10.5575,A,0,2,
OECD.SDD.STES:DSD_STES@DF_FINMARK(4.0),FIN,A,IRLT,PA,_Z,_Z,_Z,_Z,N,1989,12.08583,A,0,2,
OECD.SDD.STES:DSD_STES@DF_FINMARK(4.0),FIN,A,IRLT,PA,_Z,_Z,_Z,_Z,N,1990,13.21,A,0,2,
OECD.SDD.STES:DSD_STES@DF_FINMARK(4.0),FIN,A,IRLT,PA,_Z,_Z,_Z,_Z,N,1991,11.71167,A,0,2,
OECD.SDD.STES:DSD_STES@DF_FINMARK(4.0),FIN,A,IRLT,PA,_Z,_Z,_Z,_Z,N,1992,11.9725,A,0,2,
OECD.SDD.STES:DSD_STES@DF_FINMARK(4.0),FIN,A,IRLT,PA,_Z,_Z,_Z,_Z,N,1993,8.825,A,0,2,
OECD.SDD.STES:DSD_STES@DF_FINMARK(4.0),FIN,A,IRLT,PA,_Z,_Z,_Z,_Z,N,1994,9.036667,A,0,2,
OECD.SDD.STES:DSD_STES@DF_FINMARK(4.0),FIN,A,IRLT,PA,_Z,_Z,_Z,_Z,N,1995,8.791667,A,0,2,
OECD.SDD.STES:DSD_STES@DF_FINMARK(4.0),FIN,A,IRLT,PA,_Z,_Z,_Z,_Z,N,1996,7.076667,A,0,2,
OECD.SDD.STES:DSD_STES@DF_FINMARK(4.0),FIN,A,IRLT,PA,_Z,_Z,_Z,_Z,N,1997,5.9575,A,0,2,
OECD.SDD.STES:DSD_STES@DF_FINMARK(4.0),FIN,A,IRLT,PA,_Z,_Z,_Z,_Z,N,1998,4.7875,A,0,2,
OECD.SDD.STES:DSD_STES@DF_FINMARK(4.0),FIN,A,IRLT,PA,_Z,_Z,_Z,_Z,N,1999,4.7225,A,0,2,
OECD.SDD.STES:DSD_STES@DF_FINMARK(4.0),FIN,A,IRLT,PA,_Z,_Z,_Z,_Z,N,2000,5.4825,A,0,2,
OECD.SDD.STES:DSD_STES@DF_FINMARK(4.0),FIN,A,IRLT,PA,_Z,_Z,_Z,_Z,N,2001,5.043334,A,0,2,
OECD.SDD.STES:DSD_STES@DF_FINMARK(4.0),FIN,A,IRLT,PA,_Z,_Z,_Z,_Z,N,2002,4.980834,A,0,2,
OECD.SDD.STES:DSD_STES@DF_FINMARK(4.0),FIN,A,IRLT,PA,_Z,_Z,_Z,_Z,N,2003,4.135,A,0,2,
OECD.SDD.STES:DSD_STES@DF_FINMARK(4.0),FIN,A,IRLT,PA,_Z,_Z,_Z,_Z,N,2004,4.109167,A,0,2,
OECD.SDD.STES:DSD_STES@DF_FINMARK(4.0),FIN,A,IRLT,PA,_Z,_Z,_Z,_Z,N,2005,3.350833,A,0,2,
OECD.SDD.STES:DSD_STES@DF_FINMARK(4.0),FIN,A,IRLT,PA,_Z,_Z,_Z,_Z,N,2006,3.7825,A,0,2,
OECD.SDD.STES:DSD_STES@DF_FINMARK(4.0),FIN,A,IRLT,PA,_Z,_Z,_Z,_Z,N,2007,4.293334,A,0,2,
OECD.SDD.STES:DSD_STES@DF_FINMARK(4.0),FIN,A,IRLT,PA,_Z,_Z,_Z,_Z,N,2008,4.29,A,0,2,
OECD.SDD.STES:DSD_STES@DF_FINMARK(4.0),FIN,A,IRLT,PA,_Z,_Z,_Z,_Z,N,2009,3.738333,A,0,2,
OECD.SDD.STES:DSD_STES@DF_FINMARK(4.0),FIN,A,IRLT,PA,_Z,_Z,_Z,_Z,N,2010,3.010833,A,0,2,
OECD.SDD.STES:DSD_STES@DF_FINMARK(4.0),FIN,A,IRLT,PA,_Z,_Z,_Z,_Z,N,2011,3.005833,A,0,2,
OECD.SDD.STES:DSD_STES@DF_FINMARK(4.0),FIN,A,IRLT,PA,_Z,_Z,_Z,_Z,N,2012,1.883333,A,0,2,
OECD.SDD.STES:DSD_STES@DF_FINMARK(4.0),FIN,A,IRLT,PA,_Z,_Z,_Z,_Z,N,2013,1.860833,A,0,2,
OECD.SDD.STES:DSD_STES@DF_FINMARK(4.0),FIN,A,IRLT,PA,_Z,_Z,_Z,_Z,N,2014,1.448333,A,0,2,
OECD.SDD.STES:DSD_STES@DF_FINMARK(4.0),FIN,A,IRLT,PA,_Z,_Z,_Z,_Z,N,2015,0.7233334,A,0,2,
OECD.SDD.STES:DSD_STES@DF_FINMARK(4.0),FIN,A,IRLT,PA,_Z,_Z,_Z,_Z,N,2016,0.365,A,0,2,
OECD.SDD.STES:DSD_STES@DF_FINMARK(4.0),FIN,A,IRLT,PA,_Z,_Z,_Z,_Z,N,2017,0.5466667,A,0,2,
OECD.SDD.STES:DSD_STES@DF_FINMARK(4.0),FIN,A,IRLT,PA,_Z,_Z,_Z,_Z,N,2018,0.6616667,A,0,2,
OECD.SDD.STES:DSD_STES@DF_FINMARK(4.0),FIN,A,IRLT,PA,_Z,_Z,_Z,_Z,N,2019,0.07,A,0,2,
OECD.SDD.STES:DSD_STES@DF_FINMARK(4.0),FIN,A,IRLT,PA,_Z,_Z,_Z,_Z,N,2020,-0.2191667,A,0,2,
OECD.SDD.STES:DSD_STES@DF_FINMARK(4.0),FIN,A,IRLT,PA,_Z,_Z,_Z,_Z,N,2021,-0.09507604,A,0,2,
OECD.SDD.STES:DSD_STES@DF_FINMARK(4.0),FIN,A,IRLT,PA,_Z,_Z,_Z,_Z,N,2022,1.655308,A,0,2,
OECD.SDD.STES:DSD_STES@DF_FINMARK(4.0),FRA,A,IRLT,PA,_Z,_Z,_Z,_Z,N,1960,5.663333,A,0,2,
OECD.SDD.STES:DSD_STES@DF_FINMARK(4.0),FRA,A,IRLT,PA,_Z,_Z,_Z,_Z,N,1961,5.519166,A,0,2,
OECD.SDD.STES:DSD_STES@DF_FINMARK(4.0),FRA,A,IRLT,PA,_Z,_Z,_Z,_Z,N,1962,5.434166,A,0,2,
OECD.SDD.STES:DSD_STES@DF_FINMARK(4.0),FRA,A,IRLT,PA,_Z,_Z,_Z,_Z,N,1963,5.338333,A,0,2,
OECD.SDD.STES:DSD_STES@DF_FINMARK(4.0),FRA,A,IRLT,PA,_Z,_Z,_Z,_Z,N,1964,5.449167,A,0,2,
OECD.SDD.STES:DSD_STES@DF_FINMARK(4.0),FRA,A,IRLT,PA,_Z,_Z,_Z,_Z,N,1965,6.2025,A,0,2,
OECD.SDD.STES:DSD_STES@DF_FINMARK(4.0),FRA,A,IRLT,PA,_Z,_Z,_Z,_Z,N,1966,6.579167,A,0,2,
OECD.SDD.STES:DSD_STES@DF_FINMARK(4.0),FRA,A,IRLT,PA,_Z,_Z,_Z,_Z,N,1967,6.706666,A,0,2,
OECD.SDD.STES:DSD_STES@DF_FINMARK(4.0),FRA,A,IRLT,PA,_Z,_Z,_Z,_Z,N,1969,8.1775,A,0,2,
OECD.SDD.STES:DSD_STES@DF_FINMARK(4.0),FRA,A,IRLT,PA,_Z,_Z,_Z,_Z,N,1970,8.550834,A,0,2,
OECD.SDD.STES:DSD_STES@DF_FINMARK(4.0),FRA,A,IRLT,PA,_Z,_Z,_Z,_Z,N,1971,8.421667,A,0,2,
OECD.SDD.STES:DSD_STES@DF_FINMARK(4.0),FRA,A,IRLT,PA,_Z,_Z,_Z,_Z,N,1972,8.013333,A,0,2,
OECD.SDD.STES:DSD_STES@DF_FINMARK(4.0),FRA,A,IRLT,PA,_Z,_Z,_Z,_Z,N,1973,8.998333,A,0,2,
OECD.SDD.STES:DSD_STES@DF_FINMARK(4.0),FRA,A,IRLT,PA,_Z,_Z,_Z,_Z,N,1974,11.0025,A,0,2,
OECD.SDD.STES:DSD_STES@DF_FINMARK(4.0),FRA,A,IRLT,PA,_Z,_Z,_Z,_Z,N,1975,10.31167,A,0,2,
OECD.SDD.STES:DSD_STES@DF_FINMARK(4.0),FRA,A,IRLT,PA,_Z,_Z,_Z,_Z,N,1976,10.51,A,0,2,
OECD.SDD.STES:DSD_STES@DF_FINMARK(4.0),FRA,A,IRLT,PA,_Z,_Z,_Z,_Z,N,1977,10.99167,A,0,2,
OECD.SDD.STES:DSD_STES@DF_FINMARK(4.0),FRA,A,IRLT,PA,_Z,_Z,_Z,_Z,N,1978,10.61167,A,0,2,
OECD.SDD.STES:DSD_STES@DF_FINMARK(4.0),FRA,A,IRLT,PA,_Z,_Z,_Z,_Z,N,1979,10.8475,A,0,2,
OECD.SDD.STES:DSD_STES@DF_FINMARK(4.0),FRA,A,IRLT,PA,_Z,_Z,_Z,_Z,N,1980,13.78417,A,0,2,
OECD.SDD.STES:DSD_STES@DF_FINMARK(4.0),FRA,A,IRLT,PA,_Z,_Z,_Z,_Z,N,1981,16.29167,A,0,2,
OECD.SDD.STES:DSD_STES@DF_FINMARK(4.0),FRA,A,IRLT,PA,_Z,_Z,_Z,_Z,N,1982,15.9975,A,0,2,
OECD.SDD.STES:DSD_STES@DF_FINMARK(4.0),FRA,A,IRLT,PA,_Z,_Z,_Z,_Z,N,1983,14.36833,A,0,2,
OECD.SDD.STES:DSD_STES@DF_FINMARK(4.0),FRA,A,IRLT,PA,_Z,_Z,_Z,_Z,N,1984,13.40417,A,0,2,
OECD.SDD.STES:DSD_STES@DF_FINMARK(4.0),FRA,A,IRLT,PA,_Z,_Z,_Z,_Z,N,1985,11.86667,A,0,2,
OECD.SDD.STES:DSD_STES@DF_FINMARK(4.0),GRC,A,IRLT,PA,_Z,_Z,_Z,_Z,N,1998,8.481667,A,0,2,
OECD.SDD.STES:DSD_STES@DF_FINMARK(4.0),GRC,A,IRLT,PA,_Z,_Z,_Z,_Z,N,1999,6.05,A,0,2,
OECD.SDD.STES:DSD_STES@DF_FINMARK(4.0),GRC,A,IRLT,PA,_Z,_Z,_Z,_Z,N,2000,6.105834,A,0,2,
OECD.SDD.STES:DSD_STES@DF_FINMARK(4.0),GRC,A,IRLT,PA,_Z,_Z,_Z,_Z,N,2001,5.304167,A,0,2,
OECD.SDD.STES:DSD_STES@DF_FINMARK(4.0),GRC,A,IRLT,PA,_Z,_Z,_Z,_Z,N,2002,5.121666,A,0,2,
OECD.SDD.STES:DSD_STES@DF_FINMARK(4.0),GRC,A,IRLT,PA,_Z,_Z,_Z,_Z,N,2005,3.585,A,0,2,
OECD.SDD.STES:DSD_STES@DF_FINMARK(4.0),GRC,A,IRLT,PA,_Z,_Z,_Z,_Z,N,2006,4.07,A,0,2,
OECD.SDD.STES:DSD_STES@DF_FINMARK(4.0),GRC,A,IRLT,PA,_Z,_Z,_Z,_Z,N,2007,4.5,A,0,2,
OECD.SDD.STES:DSD_STES@DF_FINMARK(4.0),GRC,A,IRLT,PA,_Z,_Z,_Z,_Z,N,2010,9.091666,A,0,2,
OECD.SDD.STES:DSD_STES@DF_FINMARK(4.0),GRC,A,IRLT,PA,_Z,_Z,_Z,_Z,N,2011,15.74917,A,0,2,
OECD.SDD.STES:DSD_STES@DF_FINMARK(4.0),GRC,A,IRLT,PA,_Z,_Z,_Z,_Z,N,2013,10.05417,A,0,2,
OECD.SDD.STES:DSD_STES@DF_FINMARK(4.0),GRC,A,IRLT,PA,_Z,_Z,_Z,_Z,N,2014,6.929167,A,0,2,
OECD.SDD.STES:DSD_STES@DF_FINMARK(4.0),GRC,A,IRLT,PA,_Z,_Z,_Z,_Z,N,2016,8.36,A,0,2,
OECD.SDD.STES:DSD_STES@DF_FINMARK(4.0),GRC,A,IRLT,PA,_Z,_Z,_Z,_Z,N,2017,5.978333,A,0,2,
OECD.SDD.STES:DSD_STES@DF_FINMARK(4.0),GRC,A,IRLT,PA,_Z,_Z,_Z,_Z,N,2018,4.185,A,0,2,
OECD.SDD.STES:DSD_STES@DF_FINMARK(4.0),GRC,A,IRLT,PA,_Z,_Z,_Z,_Z,N,2019,2.585833,A,0,2,
OECD.SDD.STES:DSD_STES@DF_FINMARK(4.0),GRC,A,IRLT,PA,_Z,_Z,_Z,_Z,N,2020,1.271667,A,0,2,
OECD.SDD.STES:DSD_STES@DF_FINMARK(4.0),GRC,A,IRLT,PA,_Z,_Z,_Z,_Z,N,2022,3.486667,A,0,2,
OECD.SDD.STES:DSD_STES@DF_FINMARK(4.0),GRC,A,IRLT,PA,_Z,_Z,_Z,_Z,N,2023,4.001667,A,0,2,
OECD.SDD.STES:DSD_STES@DF_FINMARK(4.0),HUN,A,IRLT,PA,_Z,_Z,_Z,_Z,N,2000,8.55,A,0,2,
OECD.SDD.STES:DSD_STES@DF_FINMARK(4.0),HUN,A,IRLT,PA,_Z,_Z,_Z,_Z,N,2001,7.945,A,0,2,
OECD.SDD.STES:DSD_STES@DF_FINMARK(4.0),HUN,A,IRLT,PA,_Z,_Z,_Z,_Z,N,2002,7.085834,A,0,2,
OECD.SDD.STES:DSD_STES@DF_FINMARK(4.0),HUN,A,IRLT,PA,_Z,_Z,_Z,_Z,N,2003,6.773334,A,0,2,
OECD.SDD.STES:DSD_STES@DF_FINMARK(4.0),HUN,A,IRLT,PA,_Z,_Z,_Z,_Z,N,2004,8.291667,A,0,2,
OECD.SDD.STES:DSD_STES@DF_FINMARK(4.0),HUN,A,IRLT,PA,_Z,_Z,_Z,_Z,N,2005,6.598333,A,0,2,
OECD.SDD.STES:DSD_STES@DF_FINMARK(4.0),HUN,A,IRLT,PA,_Z,_Z,_Z,_Z,N,2006,7.115833,A,0,2,
OECD.SDD.STES:DSD_STES@DF_FINMARK(4.0),HUN,A,IRLT,PA,_Z,_Z,_Z,_Z,N,2007,6.744167,A,0,2,
OECD.SDD.STES:DSD_STES@DF_FINMARK(4.0),HUN,A,IRLT,PA,_Z,_Z,_Z,_Z,N,2008,8.238334,A,0,2,
OECD.SDD.STES:DSD_STES@DF_FINMARK(4.0),HUN,A,IRLT,PA,_Z,_Z,_Z,_Z,N,2009,9.123333,A,0,2,
OECD.SDD.STES:DSD_STES@DF_FINMARK(4.0),HUN,A,IRLT,PA,_Z,_Z,_Z,_Z,N,2010,7.281667,A,0,2,
OECD.SDD.STES:DSD_STES@DF_FINMARK(4.0),HUN,A,IRLT,PA,_Z,_Z,_Z,_Z,N,2011,7.635409,A,0,2,
OECD.SDD.STES:DSD_STES@DF_FINMARK(4.0),HUN,A,IRLT,PA,_Z,_Z,_Z,_Z,N,2012,7.890833,A,0,2,
OECD.SDD.STES:DSD_STES@DF_FINMARK(4.0),HUN,A,IRLT,PA,_Z,_Z,_Z,_Z,N,2013,5.923333,A,0,2,
OECD.SDD.STES:DSD_STES@DF_FINMARK(4.0),HUN,A,IRLT,PA,_Z,_Z,_Z,_Z,N,2014,4.809166,A,0,2,
OECD.SDD.STES:DSD_STES@DF_FINMARK(4.0),HUN,A,IRLT,PA,_Z,_Z,_Z,_Z,N,2015,3.4325,A,0,2,
OECD.SDD.STES:DSD_STES@DF_FINMARK(4.0),HUN,A,IRLT,PA,_Z,_Z,_Z,_Z,N,2016,3.143333,A,0,2,
OECD.SDD.STES:DSD_STES@DF_FINMARK(4.0),HUN,A,IRLT,PA,_Z,_Z,_Z,_Z,N,2017,2.9625,A,0,2,
OECD.SDD.STES:DSD_STES@DF_FINMARK(4.0),HUN,A,IRLT,PA,_Z,_Z,_Z,_Z,N,2018,3.058333,A,0,2,
OECD.SDD.STES:DSD_STES@DF_FINMARK(4.0),HUN,A,IRLT,PA,_Z,_Z,_Z,_Z,N,2019,2.465,A,0,2,
OECD.SDD.STES:DSD_STES@DF_FINMARK(4.0),HUN,A,IRLT,PA,_Z,_Z,_Z,_Z,N,2020,2.225,A,0,2,
OECD.SDD.STES:DSD_STES@DF_FINMARK(4.0),HUN,A,IRLT,PA,_Z,_Z,_Z,_Z,N,2021,3.060833,A,0,2,
OECD.SDD.STES:DSD_STES@DF_FINMARK(4.0),HUN,A,IRLT,PA,_Z,_Z,_Z,_Z,N,2022,7.570833,A,0,2,
OECD.SDD.STES:DSD_STES@DF_FINMARK(4.0),HUN,A,IRLT,PA,_Z,_Z,_Z,_Z,N,2023,7.5125,A,0,2,
OECD.SDD.STES:DSD_STES@DF_FINMARK(4.0),ISL,A,IRLT,PA,_Z,_Z,_Z,_Z,N,1994,6.978333,A,0,2,
OECD.SDD.STES:DSD_STES@DF_FINMARK(4.0),ISL,A,IRLT,PA,_Z,_Z,_Z,_Z,N,1995,9.651667,A,0,2,
OECD.SDD.STES:DSD_STES@DF_FINMARK(4.0),ISL,A,IRLT,PA,_Z,_Z,_Z,_Z,N,1996,9.24,A,0,2,
OECD.SDD.STES:DSD_STES@DF_FINMARK(4.0),ISL,A,IRLT,PA,_Z,_Z,_Z,_Z,N,1997,8.705833,A,0,2,
OECD.SDD.STES:DSD_STES@DF_FINMARK(4.0),ISL,A,IRLT,PA,_Z,_Z,_Z,_Z,N,1998,7.664166,A,0,2,
OECD.SDD.STES:DSD_STES@DF_FINMARK(4.0),ISL,A,IRLT,PA,_Z,_Z,_Z,_Z,N,1999,8.47,A,0,2,
OECD.SDD.STES:DSD_STES@DF_FINMARK(4.0),ISL,A,IRLT,PA,_Z,_Z,_Z,_Z,N,2000,11.195,A,0,2,
OECD.SDD.STES:DSD_STES@DF_FINMARK(4.0),ISL,A,IRLT,PA,_Z,_Z,_Z,_Z,N,2001,10.35917,A,0,2,
OECD.SDD.STES:DSD_STES@DF_FINMARK(4.0),ISL,A,IRLT,PA,_Z,_Z,_Z,_Z,N,2002,7.959742,A,0,2,
OECD.SDD.STES:DSD_STES@DF_FINMARK(4.0),ISL,A,IRLT,PA,_Z,_Z,_Z,_Z,N,2003,6.652117,A,0,2,
OECD.SDD.STES:DSD_STES@DF_FINMARK(4.0),ISL,A,IRLT,PA,_Z,_Z,_Z,_Z,N,2004,7.491667,A,0,2,
OECD.SDD.STES:DSD_STES@DF_FINMARK(4.0),ISL,A,IRLT,PA,_Z,_Z,_Z,_Z,N,2005,8.636942,A,0,2,
OECD.SDD.STES:DSD_STES@DF_FINMARK(4.0),ISL,A,IRLT,PA,_Z,_Z,_Z,_Z,N,2006,8.830566,A,0,2,
OECD.SDD.STES:DSD_STES@DF_FINMARK(4.0),ISL,A,IRLT,PA,_Z,_Z,_Z,_Z,N,2007,9.419559,A,0,2,
OECD.SDD.STES:DSD_STES@DF_FINMARK(4.0),ISL,A,IRLT,PA,_Z,_Z,_Z,_Z,N,2008,11.06824,A,0,2,
OECD.SDD.STES:DSD_STES@DF_FINMARK(4.0),ISL,A,IRLT,PA,_Z,_Z,_Z,_Z,N,2009,8.256277,A,0,2,
OECD.SDD.STES:DSD_STES@DF_FINMARK(4.0),ISL,A,IRLT,PA,_Z,_Z,_Z,_Z,N,2010,6.085834,A,0,2,
OECD.SDD.STES:DSD_STES@DF_FINMARK(4.0),ISL,A,IRLT,PA,_Z,_Z,_Z,_Z,N,2011,5.978333,A,0,2,
OECD.SDD.STES:DSD_STES@DF_FINMARK(4.0),ISL,A,IRLT,PA,_Z,_Z,_Z,_Z,N,2012,6.194167,A,0,2,
OECD.SDD.STES:DSD_STES@DF_FINMARK(4.0),ISL,A,IRLT,PA,_Z,_Z,_Z,_Z,N,2013,5.789166,A,0,2,
OECD.SDD.STES:DSD_STES@DF_FINMARK(4.0),ISL,A,IRLT,PA,_Z,_Z,_Z,_Z,N,2014,6.373333,A,0,2,
OECD.SDD.STES:DSD_STES@DF_FINMARK(4.0),ISL,A,IRLT,PA,_Z,_Z,_Z,_Z,N,2015,6.259167,A,0,2,
OECD.SDD.STES:DSD_STES@DF_FINMARK(4.0),ISL,A,IRLT,PA,_Z,_Z,_Z,_Z,N,2016,5.603333,A,0,2,
OECD.SDD.STES:DSD_STES@DF_FINMARK(4.0),ISL,A,IRLT,PA,_Z,_Z,_Z,_Z,N,2017,4.858333,A,0,2,
OECD.SDD.STES:DSD_STES@DF_FINMARK(4.0),ISL,A,IRLT,PA,_Z,_Z,_Z,_Z,N,2018,5.330833,A,0,2,
OECD.SDD.STES:DSD_STES@DF_FINMARK(4.0),ISL,A,IRLT,PA,_Z,_Z,_Z,_Z,N,2019,3.974167,A,0,2,
OECD.SDD.STES:DSD_STES@DF_FINMARK(4.0),ISL,A,IRLT,PA,_Z,_Z,_Z,_Z,N,2020,2.466667,A,0,2,
OECD.SDD.STES:DSD_STES@DF_FINMARK(4.0),ISL,A,IRLT,PA,_Z,_Z,_Z,_Z,N,2021,3.3875,A,0,2,
OECD.SDD.STES:DSD_STES@DF_FINMARK(4.0),IRL,A,IRLT,PA,_Z,_Z,_Z,_Z,N,2018,0.9518417,A,0,2,
OECD.SDD.STES:DSD_STES@DF_FINMARK(4.0),IRL,A,IRLT,PA,_Z,_Z,_Z,_Z,N,2019,0.3310583,A,0,2,
OECD.SDD.STES:DSD_STES@DF_FINMARK(4.0),IRL,A,IRLT,PA,_Z,_Z,_Z,_Z,N,2020,-0.06104167,A,0,2,
OECD.SDD.STES:DSD_STES@DF_FINMARK(4.0),IRL,A,IRLT,PA,_Z,_Z,_Z,_Z,N,2021,0.06315833,A,0,2,
OECD.SDD.STES:DSD_STES@DF_FINMARK(4.0),IRL,A,IRLT,PA,_Z,_Z,_Z,_Z,N,2022,1.745617,A,0,2,
OECD.SDD.STES:DSD_STES@DF_FINMARK(4.0),IRL,A,IRLT,PA,_Z,_Z,_Z,_Z,N,2023,2.866617,A,0,2,
OECD.SDD.STES:DSD_STES@DF_FINMARK(4.0),ISR,A,IRLT,PA,_Z,_Z,_Z,_Z,N,1997,4.065,A,0,2,
OECD.SDD.STES:DSD_STES@DF_FINMARK(4.0),ISR,A,IRLT,PA,_Z,_Z,_Z,_Z,N,1998,4.925,A,0,2,
OECD.SDD.STES:DSD_STES@DF_FINMARK(4.0),ISR,A,IRLT,PA,_Z,_Z,_Z,_Z,N,1999,5.199167,A,0,2,
OECD.SDD.STES:DSD_STES@DF_FINMARK(4.0),ISR,A,IRLT,PA,_Z,_Z,_Z,_Z,N,2000,5.475833,A,0,2,
OECD.SDD.STES:DSD_STES@DF_FINMARK(4.0),ISR,A,IRLT,PA,_Z,_Z,_Z,_Z,N,2001,6.42648,A,0,2,
OECD.SDD.STES:DSD_STES@DF_FINMARK(4.0),ISR,A,IRLT,PA,_Z,_Z,_Z,_Z,N,2002,9.233088,A,0,2,
OECD.SDD.STES:DSD_STES@DF_FINMARK(4.0),ISR,A,IRLT,PA,_Z,_Z,_Z,_Z,N,2003,8.884284,A,0,2,
OECD.SDD.STES:DSD_STES@DF_FINMARK(4.0),ISR,A,IRLT,PA,_Z,_Z,_Z,_Z,N,2004,7.561666,A,0,2,
OECD.SDD.STES:DSD_STES@DF_FINMARK(4.0),ISR,A,IRLT,PA,_Z,_Z,_Z,_Z,N,2005,6.361667,A,0,2,
OECD.SDD.STES:DSD_STES@DF_FINMARK(4.0),ISR,A,IRLT,PA,_Z,_Z,_Z,_Z,N,2006,6.314167,A,0,2,
OECD.SDD.STES:DSD_STES@DF_FINMARK(4.0),ISR,A,IRLT,PA,_Z,_Z,_Z,_Z,N,2007,5.554167,A,0,2,
OECD.SDD.STES:DSD_STES@DF_FINMARK(4.0),ISR,A,IRLT,PA,_Z,_Z,_Z,_Z,N,2008,5.923333,A,0,2,
OECD.SDD.STES:DSD_STES@DF_FINMARK(4.0),ISR,A,IRLT,PA,_Z,_Z,_Z,_Z,N,2009,5.063334,A,0,2,
OECD.SDD.STES:DSD_STES@DF_FINMARK(4.0),ISR,A,IRLT,PA,_Z,_Z,_Z,_Z,N,2010,4.684166,A,0,2,
OECD.SDD.STES:DSD_STES@DF_FINMARK(4.0),ISR,A,IRLT,PA,_Z,_Z,_Z,_Z,N,2011,4.98,A,0,2,
OECD.SDD.STES:DSD_STES@DF_FINMARK(4.0),ISR,A,IRLT,PA,_Z,_Z,_Z,_Z,N,2012,4.399167,A,0,2,
OECD.SDD.STES:DSD_STES@DF_FINMARK(4.0),ISR,A,IRLT,PA,_Z,_Z,_Z,_Z,N,2013,3.795833,A,0,2,
OECD.SDD.STES:DSD_STES@DF_FINMARK(4.0),ISR,A,IRLT,PA,_Z,_Z,_Z,_Z,N,2014,2.885833,A,0,2,
OECD.SDD.STES:DSD_STES@DF_FINMARK(4.0),ISR,A,IRLT,PA,_Z,_Z,_Z,_Z,N,2015,2.07,A,0,2,
OECD.SDD.STES:DSD_STES@DF_FINMARK(4.0),ISR,A,IRLT,PA,_Z,_Z,_Z,_Z,N,2016,1.879167,A,0,2,
OECD.SDD.STES:DSD_STES@DF_FINMARK(4.0),ISR,A,IRLT,PA,_Z,_Z,_Z,_Z,N,2017,1.909167,A,0,2,
OECD.SDD.STES:DSD_STES@DF_FINMARK(4.0),ISR,A,IRLT,PA,_Z,_Z,_Z,_Z,N,2018,1.994167,A,0,2,
OECD.SDD.STES:DSD_STES@DF_FINMARK(4.0),ISR,A,IRLT,PA,_Z,_Z,_Z,_Z,N,2019,1.468333,A,0,2,
OECD.SDD.STES:DSD_STES@DF_FINMARK(4.0),ISR,A,IRLT,PA,_Z,_Z,_Z,_Z,N,2020,0.7775,A,0,2,
OECD.SDD.STES:DSD_STES@DF_FINMARK(4.0),ISR,A,IRLT,PA,_Z,_Z,_Z,_Z,N,2021,1.116667,A,0,2,
OECD.SDD.STES:DSD_STES@DF_FINMARK(4.0),ISR,A,IRLT,PA,_Z,_Z,_Z,_Z,N,2022,2.619167,A,0,2,
OECD.SDD.STES:DSD_STES@DF_FINMARK(4.0),ISR,A,IRLT,PA,_Z,_Z,_Z,_Z,N,2023,3.868083,A,0,2,
OECD.SDD.STES:DSD_STES@DF_FINMARK(4.0),JPN,A,IRLT,PA,_Z,_Z,_Z,_Z,N,1989,5.12725,A,0,2,
OECD.SDD.STES:DSD_STES@DF_FINMARK(4.0),JPN,A,IRLT,PA,_Z,_Z,_Z,_Z,N,1990,6.959917,A,0,2,
OECD.SDD.STES:DSD_STES@DF_FINMARK(4.0),JPN,A,IRLT,PA,_Z,_Z,_Z,_Z,N,1991,6.336667,A,0,2,
OECD.SDD.STES:DSD_STES@DF_FINMARK(4.0),JPN,A,IRLT,PA,_Z,_Z,_Z,_Z,N,1992,5.326583,A,0,2,
OECD.SDD.STES:DSD_STES@DF_FINMARK(4.0),JPN,A,IRLT,PA,_Z,_Z,_Z,_Z,N,1993,4.320917,A,0,2,
OECD.SDD.STES:DSD_STES@DF_FINMARK(4.0),JPN,A,IRLT,PA,_Z,_Z,_Z,_Z,N,1994,4.363333,A,0,2,
OECD.SDD.STES:DSD_STES@DF_FINMARK(4.0),JPN,A,IRLT,PA,_Z,_Z,_Z,_Z,N,1995,3.4435,A,0,2,
OECD.SDD.STES:DSD_STES@DF_FINMARK(4.0),JPN,A,IRLT,PA,_Z,_Z,_Z,_Z,N,1996,3.1015,A,0,2,
OECD.SDD.STES:DSD_STES@DF_FINMARK(4.0),JPN,A,IRLT,PA,_Z,_Z,_Z,_Z,N,1997,2.373667,A,0,2,
OECD.SDD.STES:DSD_STES@DF_FINMARK(4.0),JPN,A,IRLT,PA,_Z,_Z,_Z,_Z,N,1998,1.541417,A,0,2,
OECD.SDD.STES:DSD_STES@DF_FINMARK(4.0),JPN,A,IRLT,PA,_Z,_Z,_Z,_Z,N,1999,1.749,A,0,2,
OECD.SDD.STES:DSD_STES@DF_FINMARK(4.0),JPN,A,IRLT,PA,_Z,_Z,_Z,_Z,N,2000,1.744417,A,0,2,
OECD.SDD.STES:DSD_STES@DF_FINMARK(4.0),JPN,A,IRLT,PA,_Z,_Z,_Z,_Z,N,2001,1.319,A,0,2,
OECD.SDD.STES:DSD_STES@DF_FINMARK(4.0),JPN,A,IRLT,PA,_Z,_Z,_Z,_Z,N,2002,1.263167,A,0,2,
OECD.SDD.STES:DSD_STES@DF_FINMARK(4.0),JPN,A,IRLT,PA,_Z,_Z,_Z,_Z,N,2003,1.00325,A,0,2,
OECD.SDD.STES:DSD_STES@DF_FINMARK(4.0),JPN,A,IRLT,PA,_Z,_Z,_Z,_Z,N,2004,1.492667,A,0,2,
OECD.SDD.STES:DSD_STES@DF_FINMARK(4.0),JPN,A,IRLT,PA,_Z,_Z,_Z,_Z,N,2005,1.35475,A,0,2,
OECD.SDD.STES:DSD_STES@DF_FINMARK(4.0),JPN,A,IRLT,PA,_Z,_Z,_Z,_Z,N,2006,1.7405,A,0,2,
OECD.SDD.STES:DSD_STES@DF_FINMARK(4.0),JPN,A,IRLT,PA,_Z,_Z,_Z,_Z,N,2007,1.6655,A,0,2,
OECD.SDD.STES:DSD_STES@DF_FINMARK(4.0),JPN,A,IRLT,PA,_Z,_Z,_Z,_Z,N,2008,1.467333,A,0,2,
OECD.SDD.STES:DSD_STES@DF_FINMARK(4.0),JPN,A,IRLT,PA,_Z,_Z,_Z,_Z,N,2009,1.33375,A,0,2,
OECD.SDD.STES:DSD_STES@DF_FINMARK(4.0),JPN,A,IRLT,PA,_Z,_Z,_Z,_Z,N,2010,1.148333,A,0,2,
OECD.SDD.STES:DSD_STES@DF_FINMARK(4.0),JPN,A,IRLT,PA,_Z,_Z,_Z,_Z,N,2011,1.102417,A,0,2,
OECD.SDD.STES:DSD_STES@DF_FINMARK(4.0),JPN,A,IRLT,PA,_Z,_Z,_Z,_Z,N,2012,0.8355833,A,0,2,
OECD.SDD.STES:DSD_STES@DF_FINMARK(4.0),JPN,A,IRLT,PA,_Z,_Z,_Z,_Z,N,2013,0.6896667,A,0,2,
OECD.SDD.STES:DSD_STES@DF_FINMARK(4.0),JPN,A,IRLT,PA,_Z,_Z,_Z,_Z,N,2014,0.5203333,A,0,2,
OECD.SDD.STES:DSD_STES@DF_FINMARK(4.0),JPN,A,IRLT,PA,_Z,_Z,_Z,_Z,N,2015,0.35,A,0,2,
OECD.SDD.STES:DSD_STES@DF_FINMARK(4.0),JPN,A,IRLT,PA,_Z,_Z,_Z,_Z,N,2016,-0.06625,A,0,2,
OECD.SDD.STES:DSD_STES@DF_FINMARK(4.0),JPN,A,IRLT,PA,_Z,_Z,_Z,_Z,N,2017,0.05166667,A,0,2,
OECD.SDD.STES:DSD_STES@DF_FINMARK(4.0),JPN,A,IRLT,PA,_Z,_Z,_Z,_Z,N,2018,0.065,A,0,2,
OECD.SDD.STES:DSD_STES@DF_FINMARK(4.0),JPN,A,IRLT,PA,_Z,_Z,_Z,_Z,N,2019,-0.1104167,A,0,2,
OECD.SDD.STES:DSD_STES@DF_FINMARK(4.0),JPN,A,IRLT,PA,_Z,_Z,_Z,_Z,N,2020,-0.005416667,A,0,2,
OECD.SDD.STES:DSD_STES@DF_FINMARK(4.0),JPN,A,IRLT,PA,_Z,_Z,_Z,_Z,N,2021,0.07166667,A,0,2,
OECD.SDD.STES:DSD_STES@DF_FINMARK(4.0),JPN,A,IRLT,PA,_Z,_Z,_Z,_Z,N,2022,0.2316667,A,0,2,
OECD.SDD.STES:DSD_STES@DF_FINMARK(4.0),JPN,A,IRLT,PA,_Z,_Z,_Z,_Z,N,2023,0.5625,A,0,2,
OECD.SDD.STES:DSD_STES@DF_FINMARK(4.0),KOR,A,IRLT,PA,_Z,_Z,_Z,_Z,N,2001,6.855,A,0,2,
OECD.SDD.STES:DSD_STES@DF_FINMARK(4.0),KOR,A,IRLT,PA,_Z,_Z,_Z,_Z,N,2002,6.586667,A,0,2,
OECD.SDD.STES:DSD_STES@DF_FINMARK(4.0),KOR,A,IRLT,PA,_Z,_Z,_Z,_Z,N,2003,5.048333,A,0,2,
OECD.SDD.STES:DSD_STES@DF_FINMARK(4.0),KOR,A,IRLT,PA,_Z,_Z,_Z,_Z,N,2004,4.728333,A,0,2,
OECD.SDD.STES:DSD_STES@DF_FINMARK(4.0),KOR,A,IRLT,PA,_Z,_Z,_Z,_Z,N,2005,4.95,A,0,2,
OECD.SDD.STES:DSD_STES@DF_FINMARK(4.0),KOR,A,IRLT,PA,_Z,_Z,_Z,_Z,N,2006,5.151667,A,0,2,
OECD.SDD.STES:DSD_STES@DF_FINMARK(4.0),KOR,A,IRLT,PA,_Z,_Z,_Z,_Z,N,2007,5.350833,A,0,2,
OECD.SDD.STES:DSD_STES@DF_FINMARK(4.0),KOR,A,IRLT,PA,_Z,_Z,_Z,_Z,N,2008,5.568333,A,0,2,
OECD.SDD.STES:DSD_STES@DF_FINMARK(4.0),KOR,A,IRLT,PA,_Z,_Z,_Z,_Z,N,2009,5.165833,A,0,2,
OECD.SDD.STES:DSD_STES@DF_FINMARK(4.0),KOR,A,IRLT,PA,_Z,_Z,_Z,_Z,N,2010,4.773334,A,0,2,
OECD.SDD.STES:DSD_STES@DF_FINMARK(4.0),KOR,A,IRLT,PA,_Z,_Z,_Z,_Z,N,2011,4.2025,A,0,2,
OECD.SDD.STES:DSD_STES@DF_FINMARK(4.0),KOR,A,IRLT,PA,_Z,_Z,_Z,_Z,N,2012,3.4475,A,0,2,
OECD.SDD.STES:DSD_STES@DF_FINMARK(4.0),KOR,A,IRLT,PA,_Z,_Z,_Z,_Z,N,2013,3.278083,A,0,2,
OECD.SDD.STES:DSD_STES@DF_FINMARK(4.0),KOR,A,IRLT,PA,_Z,_Z,_Z,_Z,N,2014,3.186333,A,0,2,
OECD.SDD.STES:DSD_STES@DF_FINMARK(4.0),KOR,A,IRLT,PA,_Z,_Z,_Z,_Z,N,2015,2.30575,A,0,2,
OECD.SDD.STES:DSD_STES@DF_FINMARK(4.0),KOR,A,IRLT,PA,_Z,_Z,_Z,_Z,N,2016,1.747417,A,0,2,
OECD.SDD.STES:DSD_STES@DF_FINMARK(4.0),KOR,A,IRLT,PA,_Z,_Z,_Z,_Z,N,2017,2.282583,A,0,2,
OECD.SDD.STES:DSD_STES@DF_FINMARK(4.0),KOR,A,IRLT,PA,_Z,_Z,_Z,_Z,N,2018,2.50275,A,0,2,
OECD.SDD.STES:DSD_STES@DF_FINMARK(4.0),KOR,A,IRLT,PA,_Z,_Z,_Z,_Z,N,2019,1.70225,A,0,2,
OECD.SDD.STES:DSD_STES@DF_FINMARK(4.0),KOR,A,IRLT,PA,_Z,_Z,_Z,_Z,N,2020,1.499667,A,0,2,
OECD.SDD.STES:DSD_STES@DF_FINMARK(4.0),KOR,A,IRLT,PA,_Z,_Z,_Z,_Z,N,2021,2.0645,A,0,2,
OECD.SDD.STES:DSD_STES@DF_FINMARK(4.0),KOR,A,IRLT,PA,_Z,_Z,_Z,_Z,N,2022,3.3635,A,0,2,
OECD.SDD.STES:DSD_STES@DF_FINMARK(4.0),KOR,A,IRLT,PA,_Z,_Z,_Z,_Z,N,2023,3.642333,A,0,2,
OECD.SDD.STES:DSD_STES@DF_FINMARK(4.0),LVA,A,IRLT,PA,_Z,_Z,_Z,_Z,N,2001,7.573333,A,0,2,
OECD.SDD.STES:DSD_STES@DF_FINMARK(4.0),LVA,A,IRLT,PA,_Z,_Z,_Z,_Z,N,2002,5.408333,A,0,2,
OECD.SDD.STES:DSD_STES@DF_FINMARK(4.0),LVA,A,IRLT,PA,_Z,_Z,_Z,_Z,N,2003,4.900833,A,0,2,
OECD.SDD.STES:DSD_STES@DF_FINMARK(4.0),LVA,A,IRLT,PA,_Z,_Z,_Z,_Z,N,2004,4.8575,A,0,2,
OECD.SDD.STES:DSD_STES@DF_FINMARK(4.0),LVA,A,IRLT,PA,_Z,_Z,_Z,_Z,N,2005,3.875,A,0,2,
OECD.SDD.STES:DSD_STES@DF_FINMARK(4.0),LVA,A,IRLT,PA,_Z,_Z,_Z,_Z,N,2006,4.133333,A,0,2,
OECD.SDD.STES:DSD_STES@DF_FINMARK(4.0),LVA,A,IRLT,PA,_Z,_Z,_Z,_Z,N,2007,5.2825,A,0,2,
OECD.SDD.STES:DSD_STES@DF_FINMARK(4.0),LVA,A,IRLT,PA,_Z,_Z,_Z,_Z,N,2008,6.431667,A,0,2,
OECD.SDD.STES:DSD_STES@DF_FINMARK(4.0),LVA,A,IRLT,PA,_Z,_Z,_Z,_Z,N,2009,12.3575,A,0,2,
OECD.SDD.STES:DSD_STES@DF_FINMARK(4.0),LVA,A,IRLT,PA,_Z,_Z,_Z,_Z,N,2010,10.3375,A,0,2,
OECD.SDD.STES:DSD_STES@DF_FINMARK(4.0),LVA,A,IRLT,PA,_Z,_Z,_Z,_Z,N,2011,5.9075,A,0,2,
OECD.SDD.STES:DSD_STES@DF_FINMARK(4.0),LVA,A,IRLT,PA,_Z,_Z,_Z,_Z,N,2012,4.565,A,0,2,
OECD.SDD.STES:DSD_STES@DF_FINMARK(4.0),LVA,A,IRLT,PA,_Z,_Z,_Z,_Z,N,2013,3.34,A,0,2,
OECD.SDD.STES:DSD_STES@DF_FINMARK(4.0),LVA,A,IRLT,PA,_Z,_Z,_Z,_Z,N,2014,2.508333,A,0,2,
OECD.SDD.STES:DSD_STES@DF_FINMARK(4.0),LVA,A,IRLT,PA,_Z,_Z,_Z,_Z,N,2015,0.9633333,A,0,2,
OECD.SDD.STES:DSD_STES@DF_FINMARK(4.0),LVA,A,IRLT,PA,_Z,_Z,_Z,_Z,N,2016,0.5341667,A,0,2,
OECD.SDD.STES:DSD_STES@DF_FINMARK(4.0),LVA,A,IRLT,PA,_Z,_Z,_Z,_Z,N,2017,0.8341666,A,0,2,
OECD.SDD.STES:DSD_STES@DF_FINMARK(4.0),LVA,A,IRLT,PA,_Z,_Z,_Z,_Z,N,2018,0.9025,A,0,2,
OECD.SDD.STES:DSD_STES@DF_FINMARK(4.0),LVA,A,IRLT,PA,_Z,_Z,_Z,_Z,N,2019,0.3425,A,0,2,
OECD.SDD.STES:DSD_STES@DF_FINMARK(4.0),LVA,A,IRLT,PA,_Z,_Z,_Z,_Z,N,2020,-0.0625,A,0,2,
OECD.SDD.STES:DSD_STES@DF_FINMARK(4.0),LVA,A,IRLT,PA,_Z,_Z,_Z,_Z,N,2021,-0.0025,A,0,2,
OECD.SDD.STES:DSD_STES@DF_FINMARK(4.0),LVA,A,IRLT,PA,_Z,_Z,_Z,_Z,N,2022,2.2725,A,0,2,
OECD.SDD.STES:DSD_STES@DF_FINMARK(4.0),LVA,A,IRLT,PA,_Z,_Z,_Z,_Z,N,2023,3.828333,A,0,2,
OECD.SDD.STES:DSD_STES@DF_FINMARK(4.0),LTU,A,IRLT,PA,_Z,_Z,_Z,_Z,N,2001,8.15225,A,0,2,
OECD.SDD.STES:DSD_STES@DF_FINMARK(4.0),LTU,A,IRLT,PA,_Z,_Z,_Z,_Z,N,2002,6.06325,A,0,2,
OECD.SDD.STES:DSD_STES@DF_FINMARK(4.0),LTU,A,IRLT,PA,_Z,_Z,_Z,_Z,N,2003,5.320333,A,0,2,
OECD.SDD.STES:DSD_STES@DF_FINMARK(4.0),LTU,A,IRLT,PA,_Z,_Z,_Z,_Z,N,2004,4.502584,A,0,2,
OECD.SDD.STES:DSD_STES@DF_FINMARK(4.0),LTU,A,IRLT,PA,_Z,_Z,_Z,_Z,N,2005,3.697417,A,0,2,
OECD.SDD.STES:DSD_STES@DF_FINMARK(4.0),LTU,A,IRLT,PA,_Z,_Z,_Z,_Z,N,2006,4.078667,A,0,2,
OECD.SDD.STES:DSD_STES@DF_FINMARK(4.0),LTU,A,IRLT,PA,_Z,_Z,_Z,_Z,N,2007,4.54475,A,0,2,
OECD.SDD.STES:DSD_STES@DF_FINMARK(4.0),LTU,A,IRLT,PA,_Z,_Z,_Z,_Z,N,2008,5.60775,A,0,2,
OECD.SDD.STES:DSD_STES@DF_FINMARK(4.0),LTU,A,IRLT,PA,_Z,_Z,_Z,_Z,N,2009,14.00442,A,0,2,
OECD.SDD.STES:DSD_STES@DF_FINMARK(4.0),LTU,A,IRLT,PA,_Z,_Z,_Z,_Z,N,2010,5.566667,A,0,2,
OECD.SDD.STES:DSD_STES@DF_FINMARK(4.0),LTU,A,IRLT,PA,_Z,_Z,_Z,_Z,N,2011,5.16,A,0,2,
OECD.SDD.STES:DSD_STES@DF_FINMARK(4.0),LTU,A,IRLT,PA,_Z,_Z,_Z,_Z,N,2012,4.830833,A,0,2,
OECD.SDD.STES:DSD_STES@DF_FINMARK(4.0),LTU,A,IRLT,PA,_Z,_Z,_Z,_Z,N,2013,3.831667,A,0,2,
OECD.SDD.STES:DSD_STES@DF_FINMARK(4.0),LTU,A,IRLT,PA,_Z,_Z,_Z,_Z,N,2014,2.7925,A,0,2,
OECD.SDD.STES:DSD_STES@DF_FINMARK(4.0),LTU,A,IRLT,PA,_Z,_Z,_Z,_Z,N,2015,1.380833,A,0,2,
OECD.SDD.STES:DSD_STES@DF_FINMARK(4.0),LTU,A,IRLT,PA,_Z,_Z,_Z,_Z,N,2016,0.8983333,A,0,2,
OECD.SDD.STES:DSD_STES@DF_FINMARK(4.0),LTU,A,IRLT,PA,_Z,_Z,_Z,_Z,N,2017,0.31,A,0,2,
OECD.SDD.STES:DSD_STES@DF_FINMARK(4.0),LTU,A,IRLT,PA,_Z,_Z,_Z,_Z,N,2018,0.31,A,0,2,
OECD.SDD.STES:DSD_STES@DF_FINMARK(4.0),LTU,A,IRLT,PA,_Z,_Z,_Z,_Z,N,2019,0.31,A,0,2,
OECD.SDD.STES:DSD_STES@DF_FINMARK(4.0),LTU,A,IRLT,PA,_Z,_Z,_Z,_Z,N,2020,0.2233333,A,0,2,
OECD.SDD.STES:DSD_STES@DF_FINMARK(4.0),LTU,A,IRLT,PA,_Z,_Z,_Z,_Z,N,2021,0.16,A,0,2,
OECD.SDD.STES:DSD_STES@DF_FINMARK(4.0),LTU,A,IRLT,PA,_Z,_Z,_Z,_Z,N,2022,0.6133333,A,0,2,
OECD.SDD.STES:DSD_STES@DF_FINMARK(4.0),LTU,A,IRLT,PA,_Z,_Z,_Z,_Z,N,2023,2.88,A,0,2,
OECD.SDD.STES:DSD_STES@DF_FINMARK(4.0),LUX,A,IRLT,PA,_Z,_Z,_Z,_Z,N,1994,7.150583,A,0,2,
OECD.SDD.STES:DSD_STES@DF_FINMARK(4.0),LUX,A,IRLT,PA,_Z,_Z,_Z,_Z,N,1995,7.230333,A,0,2,
OECD.SDD.STES:DSD_STES@DF_FINMARK(4.0),LUX,A,IRLT,PA,_Z,_Z,_Z,_Z,N,1996,6.32075,A,0,2,
OECD.SDD.STES:DSD_STES@DF_FINMARK(4.0),LUX,A,IRLT,PA,_Z,_Z,_Z,_Z,N,1997,5.597917,A,0,2,
OECD.SDD.STES:DSD_STES@DF_FINMARK(4.0),LUX,A,IRLT,PA,_Z,_Z,_Z,_Z,N,1999,4.66375,A,0,2,
OECD.SDD.STES:DSD_STES@DF_FINMARK(4.0),LUX,A,IRLT,PA,_Z,_Z,_Z,_Z,N,2000,5.518167,A,0,2,
OECD.SDD.STES:DSD_STES@DF_FINMARK(4.0),LUX,A,IRLT,PA,_Z,_Z,_Z,_Z,N,2001,4.859,A,0,2,
OECD.SDD.STES:DSD_STES@DF_FINMARK(4.0),LUX,A,IRLT,PA,_Z,_Z,_Z,_Z,N,2002,4.703166,A,0,2,
OECD.SDD.STES:DSD_STES@DF_FINMARK(4.0),LUX,A,IRLT,PA,_Z,_Z,_Z,_Z,N,2003,3.316,A,0,2,
OECD.SDD.STES:DSD_STES@DF_FINMARK(4.0),LUX,A,IRLT,PA,_Z,_Z,_Z,_Z,N,2004,2.843417,A,0,2,
OECD.SDD.STES:DSD_STES@DF_FINMARK(4.0),LUX,A,IRLT,PA,_Z,_Z,_Z,_Z,N,2006,3.303667,A,0,2,
OECD.SDD.STES:DSD_STES@DF_FINMARK(4.0),LUX,A,IRLT,PA,_Z,_Z,_Z,_Z,N,2007,4.461083,A,0,2,
OECD.SDD.STES:DSD_STES@DF_FINMARK(4.0),LUX,A,IRLT,PA,_Z,_Z,_Z,_Z,N,2008,4.608167,A,0,2,
OECD.SDD.STES:DSD_STES@DF_FINMARK(4.0),LUX,A,IRLT,PA,_Z,_Z,_Z,_Z,N,2009,4.22875,A,0,2,
OECD.SDD.STES:DSD_STES@DF_FINMARK(4.0),LUX,A,IRLT,PA,_Z,_Z,_Z,_Z,N,2010,3.169167,A,0,2,
OECD.SDD.STES:DSD_STES@DF_FINMARK(4.0),LUX,A,IRLT,PA,_Z,_Z,_Z,_Z,N,2011,2.923333,A,0,2,
OECD.SDD.STES:DSD_STES@DF_FINMARK(4.0),LUX,A,IRLT,PA,_Z,_Z,_Z,_Z,N,2012,1.821,A,0,2,
OECD.SDD.STES:DSD_STES@DF_FINMARK(4.0),LUX,A,IRLT,PA,_Z,_Z,_Z,_Z,N,2013,1.850917,A,0,2,
OECD.SDD.STES:DSD_STES@DF_FINMARK(4.0),LUX,A,IRLT,PA,_Z,_Z,_Z,_Z,N,2017,0.5448334,A,0,2,
OECD.SDD.STES:DSD_STES@DF_FINMARK(4.0),LUX,A,IRLT,PA,_Z,_Z,_Z,_Z,N,2018,0.5646667,A,0,2,
OECD.SDD.STES:DSD_STES@DF_FINMARK(4.0),LUX,A,IRLT,PA,_Z,_Z,_Z,_Z,N,2019,-0.1205833,A,0,2,
OECD.SDD.STES:DSD_STES@DF_FINMARK(4.0),LUX,A,IRLT,PA,_Z,_Z,_Z,_Z,N,2020,-0.4135833,A,0,2,
OECD.SDD.STES:DSD_STES@DF_FINMARK(4.0),LUX,A,IRLT,PA,_Z,_Z,_Z,_Z,N,2021,-0.3565833,A,0,2,
OECD.SDD.STES:DSD_STES@DF_FINMARK(4.0),LUX,A,IRLT,PA,_Z,_Z,_Z,_Z,N,2022,1.7275,A,0,2,
OECD.SDD.STES:DSD_STES@DF_FINMARK(4.0),LUX,A,IRLT,PA,_Z,_Z,_Z,_Z,N,2023,2.9665,A,0,2,
OECD.SDD.STES:DSD_STES@DF_FINMARK(4.0),MEX,A,IRLT,PA,_Z,_Z,_Z,_Z,N,2002,10.125,A,0,2,
OECD.SDD.STES:DSD_STES@DF_FINMARK(4.0),MEX,A,IRLT,PA,_Z,_Z,_Z,_Z,N,2003,8.981667,A,0,2,
OECD.SDD.STES:DSD_STES@DF_FINMARK(4.0),MEX,A,IRLT,PA,_Z,_Z,_Z,_Z,N,2004,9.538333,A,0,2,
OECD.SDD.STES:DSD_STES@DF_FINMARK(4.0),MEX,A,IRLT,PA,_Z,_Z,_Z,_Z,N,2005,9.4175,A,0,2,
OECD.SDD.STES:DSD_STES@DF_FINMARK(4.0),MEX,A,IRLT,PA,_Z,_Z,_Z,_Z,N,2006,8.388333,A,0,2,
OECD.SDD.STES:DSD_STES@DF_FINMARK(4.0),NLD,A,IRLT,PA,_Z,_Z,_Z,_Z,N,1959,4.398334,A,0,2,
OECD.SDD.STES:DSD_STES@DF_FINMARK(4.0),NLD,A,IRLT,PA,_Z,_Z,_Z,_Z,N,1960,4.455,A,0,2,
OECD.SDD.STES:DSD_STES@DF_FINMARK(4.0),NLD,A,IRLT,PA,_Z,_Z,_Z,_Z,N,1961,4.179167,A,0,2,
OECD.SDD.STES:DSD_STES@DF_FINMARK(4.0),NLD,A,IRLT,PA,_Z,_Z,_Z,_Z,N,1962,4.235833,A,0,2,
OECD.SDD.STES:DSD_STES@DF_FINMARK(4.0),NLD,A,IRLT,PA,_Z,_Z,_Z,_Z,N,1963,4.309166,A,0,2,
OECD.SDD.STES:DSD_STES@DF_FINMARK(4.0),NLD,A,IRLT,PA,_Z,_Z,_Z,_Z,N,1964,5.089167,A,0,2,
OECD.SDD.STES:DSD_STES@DF_FINMARK(4.0),NLD,A,IRLT,PA,_Z,_Z,_Z,_Z,N,1965,5.500834,A,0,2,
OECD.SDD.STES:DSD_STES@DF_FINMARK(4.0),NLD,A,IRLT,PA,_Z,_Z,_Z,_Z,N,1966,6.583333,A,0,2,
OECD.SDD.STES:DSD_STES@DF_FINMARK(4.0),NLD,A,IRLT,PA,_Z,_Z,_Z,_Z,N,1967,6.424167,A,0,2,
OECD.SDD.STES:DSD_STES@DF_FINMARK(4.0),NLD,A,IRLT,PA,_Z,_Z,_Z,_Z,N,1968,6.519166,A,0,2,
OECD.SDD.STES:DSD_STES@DF_FINMARK(4.0),NLD,A,IRLT,PA,_Z,_Z,_Z,_Z,N,1969,7.473333,A,0,2,
OECD.SDD.STES:DSD_STES@DF_FINMARK(4.0),NLD,A,IRLT,PA,_Z,_Z,_Z,_Z,N,1970,8.010834,A,0,2,
OECD.SDD.STES:DSD_STES@DF_FINMARK(4.0),NLD,A,IRLT,PA,_Z,_Z,_Z,_Z,N,1971,7.625834,A,0,2,
OECD.SDD.STES:DSD_STES@DF_FINMARK(4.0),NLD,A,IRLT,PA,_Z,_Z,_Z,_Z,N,1972,7.354167,A,0,2,
OECD.SDD.STES:DSD_STES@DF_FINMARK(4.0),NLD,A,IRLT,PA,_Z,_Z,_Z,_Z,N,1973,7.916667,A,0,2,
OECD.SDD.STES:DSD_STES@DF_FINMARK(4.0),NLD,A,IRLT,PA,_Z,_Z,_Z,_Z,N,1974,9.824166,A,0,2,
OECD.SDD.STES:DSD_STES@DF_FINMARK(4.0),NLD,A,IRLT,PA,_Z,_Z,_Z,_Z,N,1975,8.786667,A,0,2,
OECD.SDD.STES:DSD_STES@DF_FINMARK(4.0),NLD,A,IRLT,PA,_Z,_Z,_Z,_Z,N,1976,8.9525,A,0,2,
OECD.SDD.STES:DSD_STES@DF_FINMARK(4.0),NLD,A,IRLT,PA,_Z,_Z,_Z,_Z,N,1977,8.100833,A,0,2,
OECD.SDD.STES:DSD_STES@DF_FINMARK(4.0),NLD,A,IRLT,PA,_Z,_Z,_Z,_Z,N,1978,7.735833,A,0,2,
OECD.SDD.STES:DSD_STES@DF_FINMARK(4.0),NLD,A,IRLT,PA,_Z,_Z,_Z,_Z,N,1979,8.775,A,0,2,
OECD.SDD.STES:DSD_STES@DF_FINMARK(4.0),NLD,A,IRLT,PA,_Z,_Z,_Z,_Z,N,1980,10.20833,A,0,2,
OECD.SDD.STES:DSD_STES@DF_FINMARK(4.0),NLD,A,IRLT,PA,_Z,_Z,_Z,_Z,N,1981,11.5525,A,0,2,
OECD.SDD.STES:DSD_STES@DF_FINMARK(4.0),NLD,A,IRLT,PA,_Z,_Z,_Z,_Z,N,1982,10.0975,A,0,2,
OECD.SDD.STES:DSD_STES@DF_FINMARK(4.0),NLD,A,IRLT,PA,_Z,_Z,_Z,_Z,N,1983,8.610833,A,0,2,
OECD.SDD.STES:DSD_STES@DF_FINMARK(4.0),NLD,A,IRLT,PA,_Z,_Z,_Z,_Z,N,1984,8.328333,A,0,2,
OECD.SDD.STES:DSD_STES@DF_FINMARK(4.0),NLD,A,IRLT,PA,_Z,_Z,_Z,_Z,N,1985,7.3275,A,0,2,
OECD.SDD.STES:DSD_STES@DF_FINMARK(4.0),NLD,A,IRLT,PA,_Z,_Z,_Z,_Z,N,2014,1.454667,A,0,2,
OECD.SDD.STES:DSD_STES@DF_FINMARK(4.0),NLD,A,IRLT,PA,_Z,_Z,_Z,_Z,N,2017,0.5220833,A,0,2,
OECD.SDD.STES:DSD_STES@DF_FINMARK(4.0),NLD,A,IRLT,PA,_Z,_Z,_Z,_Z,N,2018,0.5769167,A,0,2,
OECD.SDD.STES:DSD_STES@DF_FINMARK(4.0),NLD,A,IRLT,PA,_Z,_Z,_Z,_Z,N,2019,-0.07016667,A,0,2,
OECD.SDD.STES:DSD_STES@DF_FINMARK(4.0),NLD,A,IRLT,PA,_Z,_Z,_Z,_Z,N,2020,-0.3768333,A,0,2,
OECD.SDD.STES:DSD_STES@DF_FINMARK(4.0),NLD,A,IRLT,PA,_Z,_Z,_Z,_Z,N,2021,-0.3280833,A,0,2,
OECD.SDD.STES:DSD_STES@DF_FINMARK(4.0),NLD,A,IRLT,PA,_Z,_Z,_Z,_Z,N,2022,1.377667,A,0,2,
OECD.SDD.STES:DSD_STES@DF_FINMARK(4.0),NLD,A,IRLT,PA,_Z,_Z,_Z,_Z,N,2023,2.792,A,0,2,
OECD.SDD.STES:DSD_STES@DF_FINMARK(4.0),NZL,A,IRLT,PA,_Z,_Z,_Z,_Z,N,1970,5.5075,A,0,2,
OECD.SDD.STES:DSD_STES@DF_FINMARK(4.0),NZL,A,IRLT,PA,_Z,_Z,_Z,_Z,N,1971,5.516667,A,0,2,
OECD.SDD.STES:DSD_STES@DF_FINMARK(4.0),NZL,A,IRLT,PA,_Z,_Z,_Z,_Z,N,1972,5.523334,A,0,2,
OECD.SDD.STES:DSD_STES@DF_FINMARK(4.0),NZL,A,IRLT,PA,_Z,_Z,_Z,_Z,N,1973,5.796667,A,0,2,
OECD.SDD.STES:DSD_STES@DF_FINMARK(4.0),NZL,A,IRLT,PA,_Z,_Z,_Z,_Z,N,1974,6.0825,A,0,2,
OECD.SDD.STES:DSD_STES@DF_FINMARK(4.0),NZL,A,IRLT,PA,_Z,_Z,_Z,_Z,N,1975,6.326667,A,0,2,
OECD.SDD.STES:DSD_STES@DF_FINMARK(4.0),NZL,A,IRLT,PA,_Z,_Z,_Z,_Z,N,1976,8.341666,A,0,2,
OECD.SDD.STES:DSD_STES@DF_FINMARK(4.0),NZL,A,IRLT,PA,_Z,_Z,_Z,_Z,N,1977,9.239166,A,0,2,
OECD.SDD.STES:DSD_STES@DF_FINMARK(4.0),NZL,A,IRLT,PA,_Z,_Z,_Z,_Z,N,1978,9.979167,A,0,2,
OECD.SDD.STES:DSD_STES@DF_FINMARK(4.0),NZL,A,IRLT,PA,_Z,_Z,_Z,_Z,N,1979,11.97909,A,0,2,
OECD.SDD.STES:DSD_STES@DF_FINMARK(4.0),NZL,A,IRLT,PA,_Z,_Z,_Z,_Z,N,1980,13.28333,A,0,2,
OECD.SDD.STES:DSD_STES@DF_FINMARK(4.0),NZL,A,IRLT,PA,_Z,_Z,_Z,_Z,N,1981,12.8325,A,0,2,
OECD.SDD.STES:DSD_STES@DF_FINMARK(4.0),NZL,A,IRLT,PA,_Z,_Z,_Z,_Z,N,1982,12.89333,A,0,2,
OECD.SDD.STES:DSD_STES@DF_FINMARK(4.0),NZL,A,IRLT,PA,_Z,_Z,_Z,_Z,N,1983,12.1825,A,0,2,
OECD.SDD.STES:DSD_STES@DF_FINMARK(4.0),NZL,A,IRLT,PA,_Z,_Z,_Z,_Z,N,1984,12.61,A,0,2,
OECD.SDD.STES:DSD_STES@DF_FINMARK(4.0),NZL,A,IRLT,PA,_Z,_Z,_Z,_Z,N,1985,17.6575,A,0,2,
OECD.SDD.STES:DSD_STES@DF_FINMARK(4.0),NZL,A,IRLT,PA,_Z,_Z,_Z,_Z,N,1986,16.4475,A,0,2,
OECD.SDD.STES:DSD_STES@DF_FINMARK(4.0),NZL,A,IRLT,PA,_Z,_Z,_Z,_Z,N,1987,15.71,A,0,2,
OECD.SDD.STES:DSD_STES@DF_FINMARK(4.0),NZL,A,IRLT,PA,_Z,_Z,_Z,_Z,N,1988,13.11583,A,0,2,
OECD.SDD.STES:DSD_STES@DF_FINMARK(4.0),NZL,A,IRLT,PA,_Z,_Z,_Z,_Z,N,1989,12.82917,A,0,2,
OECD.SDD.STES:DSD_STES@DF_FINMARK(4.0),NZL,A,IRLT,PA,_Z,_Z,_Z,_Z,N,1990,12.445,A,0,2,
OECD.SDD.STES:DSD_STES@DF_FINMARK(4.0),NZL,A,IRLT,PA,_Z,_Z,_Z,_Z,N,1991,10.11,A,0,2,
OECD.SDD.STES:DSD_STES@DF_FINMARK(4.0),NZL,A,IRLT,PA,_Z,_Z,_Z,_Z,N,1992,8.401667,A,0,2,
OECD.SDD.STES:DSD_STES@DF_FINMARK(4.0),NZL,A,IRLT,PA,_Z,_Z,_Z,_Z,N,1993,6.934166,A,0,2,
OECD.SDD.STES:DSD_STES@DF_FINMARK(4.0),NZL,A,IRLT,PA,_Z,_Z,_Z,_Z,N,1994,7.630833,A,0,2,
OECD.SDD.STES:DSD_STES@DF_FINMARK(4.0),NZL,A,IRLT,PA,_Z,_Z,_Z,_Z,N,1995,7.779167,A,0,2,
OECD.SDD.STES:DSD_STES@DF_FINMARK(4.0),NZL,A,IRLT,PA,_Z,_Z,_Z,_Z,N,1996,7.894166,A,0,2,
OECD.SDD.STES:DSD_STES@DF_FINMARK(4.0),NZL,A,IRLT,PA,_Z,_Z,_Z,_Z,N,1997,7.191667,A,0,2,
OECD.SDD.STES:DSD_STES@DF_FINMARK(4.0),NZL,A,IRLT,PA,_Z,_Z,_Z,_Z,N,1998,6.2875,A,0,2,
OECD.SDD.STES:DSD_STES@DF_FINMARK(4.0),NZL,A,IRLT,PA,_Z,_Z,_Z,_Z,N,1999,6.4125,A,0,2,
OECD.SDD.STES:DSD_STES@DF_FINMARK(4.0),NZL,A,IRLT,PA,_Z,_Z,_Z,_Z,N,2000,6.8525,A,0,2,
OECD.SDD.STES:DSD_STES@DF_FINMARK(4.0),NZL,A,IRLT,PA,_Z,_Z,_Z,_Z,N,2001,6.393333,A,0,2,
OECD.SDD.STES:DSD_STES@DF_FINMARK(4.0),NZL,A,IRLT,PA,_Z,_Z,_Z,_Z,N,2002,6.5275,A,0,2,
OECD.SDD.STES:DSD_STES@DF_FINMARK(4.0),NZL,A,IRLT,PA,_Z,_Z,_Z,_Z,N,2003,5.866667,A,0,2,
OECD.SDD.STES:DSD_STES@DF_FINMARK(4.0),NZL,A,IRLT,PA,_Z,_Z,_Z,_Z,N,2004,6.065834,A,0,2,
OECD.SDD.STES:DSD_STES@DF_FINMARK(4.0),NZL,A,IRLT,PA,_Z,_Z,_Z,_Z,N,2005,5.875,A,0,2,
OECD.SDD.STES:DSD_STES@DF_FINMARK(4.0),NZL,A,IRLT,PA,_Z,_Z,_Z,_Z,N,2006,5.780833,A,0,2,
OECD.SDD.STES:DSD_STES@DF_FINMARK(4.0),NZL,A,IRLT,PA,_Z,_Z,_Z,_Z,N,2007,6.265,A,0,2,
OECD.SDD.STES:DSD_STES@DF_FINMARK(4.0),NZL,A,IRLT,PA,_Z,_Z,_Z,_Z,N,2008,6.080833,A,0,2,
OECD.SDD.STES:DSD_STES@DF_FINMARK(4.0),NZL,A,IRLT,PA,_Z,_Z,_Z,_Z,N,2009,5.456666,A,0,2,
OECD.SDD.STES:DSD_STES@DF_FINMARK(4.0),NZL,A,IRLT,PA,_Z,_Z,_Z,_Z,N,2010,5.603333,A,0,2,
OECD.SDD.STES:DSD_STES@DF_FINMARK(4.0),NZL,A,IRLT,PA,_Z,_Z,_Z,_Z,N,2011,4.945,A,0,2,
OECD.SDD.STES:DSD_STES@DF_FINMARK(4.0),NZL,A,IRLT,PA,_Z,_Z,_Z,_Z,N,2012,3.685,A,0,2,
OECD.SDD.STES:DSD_STES@DF_FINMARK(4.0),NZL,A,IRLT,PA,_Z,_Z,_Z,_Z,N,2013,4.093333,A,0,2,
OECD.SDD.STES:DSD_STES@DF_FINMARK(4.0),NZL,A,IRLT,PA,_Z,_Z,_Z,_Z,N,2014,4.304167,A,0,2,
OECD.SDD.STES:DSD_STES@DF_FINMARK(4.0),NZL,A,IRLT,PA,_Z,_Z,_Z,_Z,N,2015,3.423333,A,0,2,
OECD.SDD.STES:DSD_STES@DF_FINMARK(4.0),NZL,A,IRLT,PA,_Z,_Z,_Z,_Z,N,2016,2.761667,A,0,2,
OECD.SDD.STES:DSD_STES@DF_FINMARK(4.0),NZL,A,IRLT,PA,_Z,_Z,_Z,_Z,N,2017,2.990833,A,0,2,
OECD.SDD.STES:DSD_STES@DF_FINMARK(4.0),NZL,A,IRLT,PA,_Z,_Z,_Z,_Z,N,2021,1.815,A,0,2,
OECD.SDD.STES:DSD_STES@DF_FINMARK(4.0),NOR,A,IRLT,PA,_Z,_Z,_Z,_Z,N,1985,12.91167,A,0,2,
OECD.SDD.STES:DSD_STES@DF_FINMARK(4.0),NOR,A,IRLT,PA,_Z,_Z,_Z,_Z,N,1986,13.29917,A,0,2,
OECD.SDD.STES:DSD_STES@DF_FINMARK(4.0),NOR,A,IRLT,PA,_Z,_Z,_Z,_Z,N,1987,13.305,A,0,2,
OECD.SDD.STES:DSD_STES@DF_FINMARK(4.0),NOR,A,IRLT,PA,_Z,_Z,_Z,_Z,N,1988,12.89583,A,0,2,
OECD.SDD.STES:DSD_STES@DF_FINMARK(4.0),NOR,A,IRLT,PA,_Z,_Z,_Z,_Z,N,1989,10.82583,A,0,2,
OECD.SDD.STES:DSD_STES@DF_FINMARK(4.0),NOR,A,IRLT,PA,_Z,_Z,_Z,_Z,N,1990,10.68,A,0,2,
OECD.SDD.STES:DSD_STES@DF_FINMARK(4.0),NOR,A,IRLT,PA,_Z,_Z,_Z,_Z,N,1991,9.996667,A,0,2,
OECD.SDD.STES:DSD_STES@DF_FINMARK(4.0),NOR,A,IRLT,PA,_Z,_Z,_Z,_Z,N,1992,9.606667,A,0,2,
OECD.SDD.STES:DSD_STES@DF_FINMARK(4.0),NOR,A,IRLT,PA,_Z,_Z,_Z,_Z,N,1993,6.880833,A,0,2,
OECD.SDD.STES:DSD_STES@DF_FINMARK(4.0),NOR,A,IRLT,PA,_Z,_Z,_Z,_Z,N,1994,7.435833,A,0,2,
OECD.SDD.STES:DSD_STES@DF_FINMARK(4.0),NOR,A,IRLT,PA,_Z,_Z,_Z,_Z,N,1995,7.424167,A,0,2,
OECD.SDD.STES:DSD_STES@DF_FINMARK(4.0),NOR,A,IRLT,PA,_Z,_Z,_Z,_Z,N,1996,6.773334,A,0,2,
OECD.SDD.STES:DSD_STES@DF_FINMARK(4.0),NOR,A,IRLT,PA,_Z,_Z,_Z,_Z,N,1997,5.888333,A,0,2,
OECD.SDD.STES:DSD_STES@DF_FINMARK(4.0),NOR,A,IRLT,PA,_Z,_Z,_Z,_Z,N,1998,5.4,A,0,2,
OECD.SDD.STES:DSD_STES@DF_FINMARK(4.0),NOR,A,IRLT,PA,_Z,_Z,_Z,_Z,N,1999,5.4975,A,0,2,
OECD.SDD.STES:DSD_STES@DF_FINMARK(4.0),NOR,A,IRLT,PA,_Z,_Z,_Z,_Z,N,2000,6.218333,A,0,2,
OECD.SDD.STES:DSD_STES@DF_FINMARK(4.0),NOR,A,IRLT,PA,_Z,_Z,_Z,_Z,N,2001,6.236667,A,0,2,
OECD.SDD.STES:DSD_STES@DF_FINMARK(4.0),NOR,A,IRLT,PA,_Z,_Z,_Z,_Z,N,2002,6.384167,A,0,2,
OECD.SDD.STES:DSD_STES@DF_FINMARK(4.0),NOR,A,IRLT,PA,_Z,_Z,_Z,_Z,N,2003,5.045,A,0,2,
OECD.SDD.STES:DSD_STES@DF_FINMARK(4.0),NOR,A,IRLT,PA,_Z,_Z,_Z,_Z,N,2004,4.368333,A,0,2,
OECD.SDD.STES:DSD_STES@DF_FINMARK(4.0),NOR,A,IRLT,PA,_Z,_Z,_Z,_Z,N,2005,3.745833,A,0,2,
OECD.SDD.STES:DSD_STES@DF_FINMARK(4.0),NOR,A,IRLT,PA,_Z,_Z,_Z,_Z,N,2006,4.076667,A,0,2,
OECD.SDD.STES:DSD_STES@DF_FINMARK(4.0),NOR,A,IRLT,PA,_Z,_Z,_Z,_Z,N,2007,4.774167,A,0,2,
OECD.SDD.STES:DSD_STES@DF_FINMARK(4.0),NOR,A,IRLT,PA,_Z,_Z,_Z,_Z,N,2008,4.458333,A,0,2,
OECD.SDD.STES:DSD_STES@DF_FINMARK(4.0),NOR,A,IRLT,PA,_Z,_Z,_Z,_Z,N,2009,3.998333,A,0,2,
OECD.SDD.STES:DSD_STES@DF_FINMARK(4.0),NOR,A,IRLT,PA,_Z,_Z,_Z,_Z,N,2010,3.528333,A,0,2,
OECD.SDD.STES:DSD_STES@DF_FINMARK(4.0),NOR,A,IRLT,PA,_Z,_Z,_Z,_Z,N,2011,3.135,A,0,2,
OECD.SDD.STES:DSD_STES@DF_FINMARK(4.0),NOR,A,IRLT,PA,_Z,_Z,_Z,_Z,N,2012,2.101667,A,0,2,
OECD.SDD.STES:DSD_STES@DF_FINMARK(4.0),NOR,A,IRLT,PA,_Z,_Z,_Z,_Z,N,2013,2.5775,A,0,2,
OECD.SDD.STES:DSD_STES@DF_FINMARK(4.0),NOR,A,IRLT,PA,_Z,_Z,_Z,_Z,N,2014,2.515,A,0,2,
OECD.SDD.STES:DSD_STES@DF_FINMARK(4.0),NOR,A,IRLT,PA,_Z,_Z,_Z,_Z,N,2015,1.565,A,0,2,
OECD.SDD.STES:DSD_STES@DF_FINMARK(4.0),NOR,A,IRLT,PA,_Z,_Z,_Z,_Z,N,2016,1.331667,A,0,2,
OECD.SDD.STES:DSD_STES@DF_FINMARK(4.0),NOR,A,IRLT,PA,_Z,_Z,_Z,_Z,N,2017,1.6375,A,0,2,
OECD.SDD.STES:DSD_STES@DF_FINMARK(4.0),NOR,A,IRLT,PA,_Z,_Z,_Z,_Z,N,2018,1.879167,A,0,2,
OECD.SDD.STES:DSD_STES@DF_FINMARK(4.0),NOR,A,IRLT,PA,_Z,_Z,_Z,_Z,N,2019,1.494167,A,0,2,
OECD.SDD.STES:DSD_STES@DF_FINMARK(4.0),NOR,A,IRLT,PA,_Z,_Z,_Z,_Z,N,2020,0.8175,A,0,2,
OECD.SDD.STES:DSD_STES@DF_FINMARK(4.0),NOR,A,IRLT,PA,_Z,_Z,_Z,_Z,N,2021,1.41587,A,0,2,
OECD.SDD.STES:DSD_STES@DF_FINMARK(4.0),POL,A,IRLT,PA,_Z,_Z,_Z,_Z,N,2001,10.68167,A,0,2,
OECD.SDD.STES:DSD_STES@DF_FINMARK(4.0),POL,A,IRLT,PA,_Z,_Z,_Z,_Z,N,2002,7.355834,A,0,2,
OECD.SDD.STES:DSD_STES@DF_FINMARK(4.0),POL,A,IRLT,PA,_Z,_Z,_Z,_Z,N,2003,5.7775,A,0,2,
OECD.SDD.STES:DSD_STES@DF_FINMARK(4.0),POL,A,IRLT,PA,_Z,_Z,_Z,_Z,N,2004,6.896667,A,0,2,
OECD.SDD.STES:DSD_STES@DF_FINMARK(4.0),POL,A,IRLT,PA,_Z,_Z,_Z,_Z,N,2005,5.218333,A,0,2,
OECD.SDD.STES:DSD_STES@DF_FINMARK(4.0),POL,A,IRLT,PA,_Z,_Z,_Z,_Z,N,2006,5.231667,A,0,2,
OECD.SDD.STES:DSD_STES@DF_FINMARK(4.0),POL,A,IRLT,PA,_Z,_Z,_Z,_Z,N,2007,5.484334,A,0,2,
OECD.SDD.STES:DSD_STES@DF_FINMARK(4.0),POL,A,IRLT,PA,_Z,_Z,_Z,_Z,N,2008,6.071667,A,0,2,
OECD.SDD.STES:DSD_STES@DF_FINMARK(4.0),POL,A,IRLT,PA,_Z,_Z,_Z,_Z,N,2009,6.120598,A,0,2,
OECD.SDD.STES:DSD_STES@DF_FINMARK(4.0),POL,A,IRLT,PA,_Z,_Z,_Z,_Z,N,2010,5.781667,A,0,2,
OECD.SDD.STES:DSD_STES@DF_FINMARK(4.0),POL,A,IRLT,PA,_Z,_Z,_Z,_Z,N,2011,5.955583,A,0,2,
OECD.SDD.STES:DSD_STES@DF_FINMARK(4.0),POL,A,IRLT,PA,_Z,_Z,_Z,_Z,N,2012,4.999283,A,0,2,
OECD.SDD.STES:DSD_STES@DF_FINMARK(4.0),POL,A,IRLT,PA,_Z,_Z,_Z,_Z,N,2013,4.033292,A,0,2,
OECD.SDD.STES:DSD_STES@DF_FINMARK(4.0),POL,A,IRLT,PA,_Z,_Z,_Z,_Z,N,2014,3.516211,A,0,2,
OECD.SDD.STES:DSD_STES@DF_FINMARK(4.0),POL,A,IRLT,PA,_Z,_Z,_Z,_Z,N,2015,2.700557,A,0,2,
OECD.SDD.STES:DSD_STES@DF_FINMARK(4.0),POL,A,IRLT,PA,_Z,_Z,_Z,_Z,N,2016,3.035689,A,0,2,
OECD.SDD.STES:DSD_STES@DF_FINMARK(4.0),POL,A,IRLT,PA,_Z,_Z,_Z,_Z,N,2017,3.42,A,0,2,
OECD.SDD.STES:DSD_STES@DF_FINMARK(4.0),POL,A,IRLT,PA,_Z,_Z,_Z,_Z,N,2018,3.198333,A,0,2,
OECD.SDD.STES:DSD_STES@DF_FINMARK(4.0),POL,A,IRLT,PA,_Z,_Z,_Z,_Z,N,2019,2.3475,A,0,2,
OECD.SDD.STES:DSD_STES@DF_FINMARK(4.0),POL,A,IRLT,PA,_Z,_Z,_Z,_Z,N,2020,1.499167,A,0,2,
OECD.SDD.STES:DSD_STES@DF_FINMARK(4.0),POL,A,IRLT,PA,_Z,_Z,_Z,_Z,N,2021,1.944167,A,0,2,
OECD.SDD.STES:DSD_STES@DF_FINMARK(4.0),POL,A,IRLT,PA,_Z,_Z,_Z,_Z,N,2022,6.053333,A,0,2,
OECD.SDD.STES:DSD_STES@DF_FINMARK(4.0),POL,A,IRLT,PA,_Z,_Z,_Z,_Z,N,2023,5.805833,A,0,2,
OECD.SDD.STES:DSD_STES@DF_FINMARK(4.0),PRT,A,IRLT,PA,_Z,_Z,_Z,_Z,N,1994,10.47833,A,0,2,
OECD.SDD.STES:DSD_STES@DF_FINMARK(4.0),PRT,A,IRLT,PA,_Z,_Z,_Z,_Z,N,1995,11.465,A,0,2,
OECD.SDD.STES:DSD_STES@DF_FINMARK(4.0),PRT,A,IRLT,PA,_Z,_Z,_Z,_Z,N,1996,8.559167,A,0,2,
OECD.SDD.STES:DSD_STES@DF_FINMARK(4.0),PRT,A,IRLT,PA,_Z,_Z,_Z,_Z,N,1997,6.358333,A,0,2,
OECD.SDD.STES:DSD_STES@DF_FINMARK(4.0),PRT,A,IRLT,PA,_Z,_Z,_Z,_Z,N,1998,4.8775,A,0,2,
OECD.SDD.STES:DSD_STES@DF_FINMARK(4.0),PRT,A,IRLT,PA,_Z,_Z,_Z,_Z,N,1999,4.7775,A,0,2,
OECD.SDD.STES:DSD_STES@DF_FINMARK(4.0),PRT,A,IRLT,PA,_Z,_Z,_Z,_Z,N,2000,5.595,A,0,2,
OECD.SDD.STES:DSD_STES@DF_FINMARK(4.0),PRT,A,IRLT,PA,_Z,_Z,_Z,_Z,N,2001,5.158333,A,0,2,
OECD.SDD.STES:DSD_STES@DF_FINMARK(4.0),PRT,A,IRLT,PA,_Z,_Z,_Z,_Z,N,2002,5.005833,A,0,2,
OECD.SDD.STES:DSD_STES@DF_FINMARK(4.0),PRT,A,IRLT,PA,_Z,_Z,_Z,_Z,N,2003,4.178333,A,0,2,
OECD.SDD.STES:DSD_STES@DF_FINMARK(4.0),PRT,A,IRLT,PA,_Z,_Z,_Z,_Z,N,2004,4.143333,A,0,2,
OECD.SDD.STES:DSD_STES@DF_FINMARK(4.0),PRT,A,IRLT,PA,_Z,_Z,_Z,_Z,N,2005,3.4375,A,0,2,
OECD.SDD.STES:DSD_STES@DF_FINMARK(4.0),PRT,A,IRLT,PA,_Z,_Z,_Z,_Z,N,2006,3.915,A,0,2,
OECD.SDD.STES:DSD_STES@DF_FINMARK(4.0),PRT,A,IRLT,PA,_Z,_Z,_Z,_Z,N,2007,4.423333,A,0,2,
OECD.SDD.STES:DSD_STES@DF_FINMARK(4.0),PRT,A,IRLT,PA,_Z,_Z,_Z,_Z,N,2009,4.210834,A,0,2,
OECD.SDD.STES:DSD_STES@DF_FINMARK(4.0),PRT,A,IRLT,PA,_Z,_Z,_Z,_Z,N,2012,10.5475,A,0,2,
OECD.SDD.STES:DSD_STES@DF_FINMARK(4.0),PRT,A,IRLT,PA,_Z,_Z,_Z,_Z,N,2013,6.294167,A,0,2,
OECD.SDD.STES:DSD_STES@DF_FINMARK(4.0),PRT,A,IRLT,PA,_Z,_Z,_Z,_Z,N,2015,2.423333,A,0,2,
OECD.SDD.STES:DSD_STES@DF_FINMARK(4.0),PRT,A,IRLT,PA,_Z,_Z,_Z,_Z,N,2017,3.0525,A,0,2,
OECD.SDD.STES:DSD_STES@DF_FINMARK(4.0),PRT,A,IRLT,PA,_Z,_Z,_Z,_Z,N,2019,0.7575,A,0,2,
OECD.SDD.STES:DSD_STES@DF_FINMARK(4.0),PRT,A,IRLT,PA,_Z,_Z,_Z,_Z,N,2020,0.4166667,A,0,2,
OECD.SDD.STES:DSD_STES@DF_FINMARK(4.0),PRT,A,IRLT,PA,_Z,_Z,_Z,_Z,N,2021,0.295,A,0,2,
OECD.SDD.STES:DSD_STES@DF_FINMARK(4.0),PRT,A,IRLT,PA,_Z,_Z,_Z,_Z,N,2022,2.17,A,0,2,
OECD.SDD.STES:DSD_STES@DF_FINMARK(4.0),PRT,A,IRLT,PA,_Z,_Z,_Z,_Z,N,2023,3.2375,A,0,2,
OECD.SDD.STES:DSD_STES@DF_FINMARK(4.0),SVK,A,IRLT,PA,_Z,_Z,_Z,_Z,N,2001,8.043349,A,0,2,
OECD.SDD.STES:DSD_STES@DF_FINMARK(4.0),SVK,A,IRLT,PA,_Z,_Z,_Z,_Z,N,2002,6.934373,A,0,2,
OECD.SDD.STES:DSD_STES@DF_FINMARK(4.0),SVK,A,IRLT,PA,_Z,_Z,_Z,_Z,N,2003,4.985866,A,0,2,
OECD.SDD.STES:DSD_STES@DF_FINMARK(4.0),SVK,A,IRLT,PA,_Z,_Z,_Z,_Z,N,2004,5.026144,A,0,2,
OECD.SDD.STES:DSD_STES@DF_FINMARK(4.0),SVK,A,IRLT,PA,_Z,_Z,_Z,_Z,N,2005,3.52158,A,0,2,
OECD.SDD.STES:DSD_STES@DF_FINMARK(4.0),SVK,A,IRLT,PA,_Z,_Z,_Z,_Z,N,2006,4.412181,A,0,2,
OECD.SDD.STES:DSD_STES@DF_FINMARK(4.0),SVK,A,IRLT,PA,_Z,_Z,_Z,_Z,N,2007,4.490726,A,0,2,
OECD.SDD.STES:DSD_STES@DF_FINMARK(4.0),SVK,A,IRLT,PA,_Z,_Z,_Z,_Z,N,2008,4.723183,A,0,2,
OECD.SDD.STES:DSD_STES@DF_FINMARK(4.0),SVK,A,IRLT,PA,_Z,_Z,_Z,_Z,N,2009,4.706512,A,0,2,
OECD.SDD.STES:DSD_STES@DF_FINMARK(4.0),SVK,A,IRLT,PA,_Z,_Z,_Z,_Z,N,2010,3.871647,A,0,2,
OECD.SDD.STES:DSD_STES@DF_FINMARK(4.0),SVK,A,IRLT,PA,_Z,_Z,_Z,_Z,N,2011,4.448205,A,0,2,
OECD.SDD.STES:DSD_STES@DF_FINMARK(4.0),SVK,A,IRLT,PA,_Z,_Z,_Z,_Z,N,2012,4.553231,A,0,2,
OECD.SDD.STES:DSD_STES@DF_FINMARK(4.0),SVK,A,IRLT,PA,_Z,_Z,_Z,_Z,N,2013,3.186377,A,0,2,
OECD.SDD.STES:DSD_STES@DF_FINMARK(4.0),SVK,A,IRLT,PA,_Z,_Z,_Z,_Z,N,2014,2.071702,A,0,2,
OECD.SDD.STES:DSD_STES@DF_FINMARK(4.0),SVK,A,IRLT,PA,_Z,_Z,_Z,_Z,N,2015,0.88525,A,0,2,
OECD.SDD.STES:DSD_STES@DF_FINMARK(4.0),SVK,A,IRLT,PA,_Z,_Z,_Z,_Z,N,2016,0.5444093,A,0,2,
OECD.SDD.STES:DSD_STES@DF_FINMARK(4.0),SVK,A,IRLT,PA,_Z,_Z,_Z,_Z,N,2017,0.9153607,A,0,2,
OECD.SDD.STES:DSD_STES@DF_FINMARK(4.0),SVK,A,IRLT,PA,_Z,_Z,_Z,_Z,N,2018,0.885511,A,0,2,
OECD.SDD.STES:DSD_STES@DF_FINMARK(4.0),SVK,A,IRLT,PA,_Z,_Z,_Z,_Z,N,2019,0.2463108,A,0,2,
OECD.SDD.STES:DSD_STES@DF_FINMARK(4.0),SVK,A,IRLT,PA,_Z,_Z,_Z,_Z,N,2020,-0.03828775,A,0,2,
OECD.SDD.STES:DSD_STES@DF_FINMARK(4.0),SVK,A,IRLT,PA,_Z,_Z,_Z,_Z,N,2021,-0.08023517,A,0,2,
OECD.SDD.STES:DSD_STES@DF_FINMARK(4.0),SVK,A,IRLT,PA,_Z,_Z,_Z,_Z,N,2022,2.074054,A,0,2,
OECD.SDD.STES:DSD_STES@DF_FINMARK(4.0),SVK,A,IRLT,PA,_Z,_Z,_Z,_Z,N,2023,3.649202,A,0,2,
OECD.SDD.STES:DSD_STES@DF_FINMARK(4.0),SVN,A,IRLT,PA,_Z,_Z,_Z,_Z,N,2003,6.401667,A,0,2,
OECD.SDD.STES:DSD_STES@DF_FINMARK(4.0),SVN,A,IRLT,PA,_Z,_Z,_Z,_Z,N,2004,4.683333,A,0,2,
OECD.SDD.STES:DSD_STES@DF_FINMARK(4.0),SVN,A,IRLT,PA,_Z,_Z,_Z,_Z,N,2005,3.806667,A,0,2,
OECD.SDD.STES:DSD_STES@DF_FINMARK(4.0),SVN,A,IRLT,PA,_Z,_Z,_Z,_Z,N,2006,3.853333,A,0,2,
OECD.SDD.STES:DSD_STES@DF_FINMARK(4.0),SVN,A,IRLT,PA,_Z,_Z,_Z,_Z,N,2007,4.53075,A,0,2,
OECD.SDD.STES:DSD_STES@DF_FINMARK(4.0),SVN,A,IRLT,PA,_Z,_Z,_Z,_Z,N,2008,4.606333,A,0,2,
OECD.SDD.STES:DSD_STES@DF_FINMARK(4.0),SVN,A,IRLT,PA,_Z,_Z,_Z,_Z,N,2009,4.375,A,0,2,
OECD.SDD.STES:DSD_STES@DF_FINMARK(4.0),SVN,A,IRLT,PA,_Z,_Z,_Z,_Z,N,2010,3.8325,A,0,2,
OECD.SDD.STES:DSD_STES@DF_FINMARK(4.0),SVN,A,IRLT,PA,_Z,_Z,_Z,_Z,N,2011,4.970917,A,0,2,
OECD.SDD.STES:DSD_STES@DF_FINMARK(4.0),SVN,A,IRLT,PA,_Z,_Z,_Z,_Z,N,2012,5.808333,A,0,2,
OECD.SDD.STES:DSD_STES@DF_FINMARK(4.0),SVN,A,IRLT,PA,_Z,_Z,_Z,_Z,N,2013,5.811666,A,0,2,
OECD.SDD.STES:DSD_STES@DF_FINMARK(4.0),SVN,A,IRLT,PA,_Z,_Z,_Z,_Z,N,2014,3.27,A,0,2,
OECD.SDD.STES:DSD_STES@DF_FINMARK(4.0),SVN,A,IRLT,PA,_Z,_Z,_Z,_Z,N,2015,1.705,A,0,2,
OECD.SDD.STES:DSD_STES@DF_FINMARK(4.0),SVN,A,IRLT,PA,_Z,_Z,_Z,_Z,N,2016,1.149167,A,0,2,
OECD.SDD.STES:DSD_STES@DF_FINMARK(4.0),SVN,A,IRLT,PA,_Z,_Z,_Z,_Z,N,2017,0.96,A,0,2,
OECD.SDD.STES:DSD_STES@DF_FINMARK(4.0),SVN,A,IRLT,PA,_Z,_Z,_Z,_Z,N,2018,0.9308333,A,0,2,
OECD.SDD.STES:DSD_STES@DF_FINMARK(4.0),SVN,A,IRLT,PA,_Z,_Z,_Z,_Z,N,2019,0.275,A,0,2,
OECD.SDD.STES:DSD_STES@DF_FINMARK(4.0),SVN,A,IRLT,PA,_Z,_Z,_Z,_Z,N,2020,0.079,A,0,2,
OECD.SDD.STES:DSD_STES@DF_FINMARK(4.0),SVN,A,IRLT,PA,_Z,_Z,_Z,_Z,N,2021,0.07083333,A,0,2,
OECD.SDD.STES:DSD_STES@DF_FINMARK(4.0),SVN,A,IRLT,PA,_Z,_Z,_Z,_Z,N,2022,1.891833,A,0,2,
OECD.SDD.STES:DSD_STES@DF_FINMARK(4.0),SVN,A,IRLT,PA,_Z,_Z,_Z,_Z,N,2023,3.404167,A,0,2,
OECD.SDD.STES:DSD_STES@DF_FINMARK(4.0),ESP,A,IRLT,PA,_Z,_Z,_Z,_Z,N,1980,15.96083,A,0,2,
OECD.SDD.STES:DSD_STES@DF_FINMARK(4.0),ESP,A,IRLT,PA,_Z,_Z,_Z,_Z,N,1981,15.81167,A,0,2,
OECD.SDD.STES:DSD_STES@DF_FINMARK(4.0),ESP,A,IRLT,PA,_Z,_Z,_Z,_Z,N,1982,15.9875,A,0,2,
OECD.SDD.STES:DSD_STES@DF_FINMARK(4.0),ESP,A,IRLT,PA,_Z,_Z,_Z,_Z,N,1983,16.90917,A,0,2,
OECD.SDD.STES:DSD_STES@DF_FINMARK(4.0),ESP,A,IRLT,PA,_Z,_Z,_Z,_Z,N,1984,16.5225,A,0,2,
OECD.SDD.STES:DSD_STES@DF_FINMARK(4.0),ESP,A,IRLT,PA,_Z,_Z,_Z,_Z,N,1985,13.3675,A,0,2,
OECD.SDD.STES:DSD_STES@DF_FINMARK(4.0),ESP,A,IRLT,PA,_Z,_Z,_Z,_Z,N,1986,11.35417,A,0,2,
OECD.SDD.STES:DSD_STES@DF_FINMARK(4.0),ESP,A,IRLT,PA,_Z,_Z,_Z,_Z,N,1987,12.81333,A,0,2,
OECD.SDD.STES:DSD_STES@DF_FINMARK(4.0),ESP,A,IRLT,PA,_Z,_Z,_Z,_Z,N,1988,11.74417,A,0,2,
OECD.SDD.STES:DSD_STES@DF_FINMARK(4.0),ESP,A,IRLT,PA,_Z,_Z,_Z,_Z,N,1990,14.6775,A,0,2,
OECD.SDD.STES:DSD_STES@DF_FINMARK(4.0),SWE,A,IRLT,PA,_Z,_Z,_Z,_Z,N,1987,11.68,A,0,2,
OECD.SDD.STES:DSD_STES@DF_FINMARK(4.0),SWE,A,IRLT,PA,_Z,_Z,_Z,_Z,N,1988,11.35167,A,0,2,
OECD.SDD.STES:DSD_STES@DF_FINMARK(4.0),SWE,A,IRLT,PA,_Z,_Z,_Z,_Z,N,1989,11.18,A,0,2,
OECD.SDD.STES:DSD_STES@DF_FINMARK(4.0),SWE,A,IRLT,PA,_Z,_Z,_Z,_Z,N,1990,13.15917,A,0,2,
OECD.SDD.STES:DSD_STES@DF_FINMARK(4.0),SWE,A,IRLT,PA,_Z,_Z,_Z,_Z,N,1991,10.69083,A,0,2,
OECD.SDD.STES:DSD_STES@DF_FINMARK(4.0),SWE,A,IRLT,PA,_Z,_Z,_Z,_Z,N,1992,10.01667,A,0,2,
OECD.SDD.STES:DSD_STES@DF_FINMARK(4.0),SWE,A,IRLT,PA,_Z,_Z,_Z,_Z,N,1995,10.24417,A,0,2,
OECD.SDD.STES:DSD_STES@DF_FINMARK(4.0),SWE,A,IRLT,PA,_Z,_Z,_Z,_Z,N,1996,8.026667,A,0,2,
OECD.SDD.STES:DSD_STES@DF_FINMARK(4.0),SWE,A,IRLT,PA,_Z,_Z,_Z,_Z,N,1997,6.614167,A,0,2,
OECD.SDD.STES:DSD_STES@DF_FINMARK(4.0),SWE,A,IRLT,PA,_Z,_Z,_Z,_Z,N,1998,4.989167,A,0,2,
OECD.SDD.STES:DSD_STES@DF_FINMARK(4.0),SWE,A,IRLT,PA,_Z,_Z,_Z,_Z,N,1999,4.98,A,0,2,
OECD.SDD.STES:DSD_STES@DF_FINMARK(4.0),SWE,A,IRLT,PA,_Z,_Z,_Z,_Z,N,2000,5.3675,A,0,2,
OECD.SDD.STES:DSD_STES@DF_FINMARK(4.0),SWE,A,IRLT,PA,_Z,_Z,_Z,_Z,N,2001,5.1075,A,0,2,
OECD.SDD.STES:DSD_STES@DF_FINMARK(4.0),SWE,A,IRLT,PA,_Z,_Z,_Z,_Z,N,2002,5.303333,A,0,2,
OECD.SDD.STES:DSD_STES@DF_FINMARK(4.0),SWE,A,IRLT,PA,_Z,_Z,_Z,_Z,N,2003,4.638333,A,0,2,
OECD.SDD.STES:DSD_STES@DF_FINMARK(4.0),SWE,A,IRLT,PA,_Z,_Z,_Z,_Z,N,2004,4.425,A,0,2,
OECD.SDD.STES:DSD_STES@DF_FINMARK(4.0),SWE,A,IRLT,PA,_Z,_Z,_Z,_Z,N,2005,3.3825,A,0,2,
OECD.SDD.STES:DSD_STES@DF_FINMARK(4.0),SWE,A,IRLT,PA,_Z,_Z,_Z,_Z,N,2006,3.704167,A,0,2,
OECD.SDD.STES:DSD_STES@DF_FINMARK(4.0),SWE,A,IRLT,PA,_Z,_Z,_Z,_Z,N,2007,4.1675,A,0,2,
OECD.SDD.STES:DSD_STES@DF_FINMARK(4.0),SWE,A,IRLT,PA,_Z,_Z,_Z,_Z,N,2008,3.8875,A,0,2,
OECD.SDD.STES:DSD_STES@DF_FINMARK(4.0),SWE,A,IRLT,PA,_Z,_Z,_Z,_Z,N,2009,3.25,A,0,2,
OECD.SDD.STES:DSD_STES@DF_FINMARK(4.0),SWE,A,IRLT,PA,_Z,_Z,_Z,_Z,N,2010,2.893333,A,0,2,
OECD.SDD.STES:DSD_STES@DF_FINMARK(4.0),SWE,A,IRLT,PA,_Z,_Z,_Z,_Z,N,2011,2.605,A,0,2,
OECD.SDD.STES:DSD_STES@DF_FINMARK(4.0),SWE,A,IRLT,PA,_Z,_Z,_Z,_Z,N,2012,1.5925,A,0,2,
OECD.SDD.STES:DSD_STES@DF_FINMARK(4.0),SWE,A,IRLT,PA,_Z,_Z,_Z,_Z,N,2013,2.120833,A,0,2,
OECD.SDD.STES:DSD_STES@DF_FINMARK(4.0),SWE,A,IRLT,PA,_Z,_Z,_Z,_Z,N,2014,1.72,A,0,2,
OECD.SDD.STES:DSD_STES@DF_FINMARK(4.0),SWE,A,IRLT,PA,_Z,_Z,_Z,_Z,N,2015,0.7191667,A,0,2,
OECD.SDD.STES:DSD_STES@DF_FINMARK(4.0),SWE,A,IRLT,PA,_Z,_Z,_Z,_Z,N,2016,0.5191666,A,0,2,
OECD.SDD.STES:DSD_STES@DF_FINMARK(4.0),SWE,A,IRLT,PA,_Z,_Z,_Z,_Z,N,2017,0.655,A,0,2,
OECD.SDD.STES:DSD_STES@DF_FINMARK(4.0),SWE,A,IRLT,PA,_Z,_Z,_Z,_Z,N,2018,0.6516666,A,0,2,
OECD.SDD.STES:DSD_STES@DF_FINMARK(4.0),SWE,A,IRLT,PA,_Z,_Z,_Z,_Z,N,2019,0.09375833,A,0,2,
OECD.SDD.STES:DSD_STES@DF_FINMARK(4.0),SWE,A,IRLT,PA,_Z,_Z,_Z,_Z,N,2020,-0.03800223,A,0,2,
OECD.SDD.STES:DSD_STES@DF_FINMARK(4.0),SWE,A,IRLT,PA,_Z,_Z,_Z,_Z,N,2021,0.2678813,A,0,2,
OECD.SDD.STES:DSD_STES@DF_FINMARK(4.0),SWE,A,IRLT,PA,_Z,_Z,_Z,_Z,N,2022,1.523737,A,0,2,
OECD.SDD.STES:DSD_STES@DF_FINMARK(4.0),SWE,A,IRLT,PA,_Z,_Z,_Z,_Z,N,2023,2.509334,A,0,2,
OECD.SDD.STES:DSD_STES@DF_FINMARK(4.0),EA19,A,IRLT,PA,_Z,_Z,_Z,_Z,N,1970,8.225746,A,0,2,
OECD.SDD.STES:DSD_STES@DF_FINMARK(4.0),EA19,A,IRLT,PA,_Z,_Z,_Z,_Z,N,1971,7.916099,A,0,2,
OECD.SDD.STES:DSD_STES@DF_FINMARK(4.0),EA19,A,IRLT,PA,_Z,_Z,_Z,_Z,N,1972,7.633708,A,0,2,
OECD.SDD.STES:DSD_STES@DF_FINMARK(4.0),EA19,A,IRLT,PA,_Z,_Z,_Z,_Z,N,1973,8.399721,A,0,2,
OECD.SDD.STES:DSD_STES@DF_FINMARK(4.0),EA19,A,IRLT,PA,_Z,_Z,_Z,_Z,N,1974,10.17245,A,0,2,
OECD.SDD.STES:DSD_STES@DF_FINMARK(4.0),EA19,A,IRLT,PA,_Z,_Z,_Z,_Z,N,1975,9.548146,A,0,2,
OECD.SDD.STES:DSD_STES@DF_FINMARK(4.0),EA19,A,IRLT,PA,_Z,_Z,_Z,_Z,N,1976,10.07397,A,0,2,
OECD.SDD.STES:DSD_STES@DF_FINMARK(4.0),EA19,A,IRLT,PA,_Z,_Z,_Z,_Z,N,1977,10.14996,A,0,2,
OECD.SDD.STES:DSD_STES@DF_FINMARK(4.0),EA19,A,IRLT,PA,_Z,_Z,_Z,_Z,N,1978,9.659986,A,0,2,
OECD.SDD.STES:DSD_STES@DF_FINMARK(4.0),EA19,A,IRLT,PA,_Z,_Z,_Z,_Z,N,1979,10.40996,A,0,2,
OECD.SDD.STES:DSD_STES@DF_FINMARK(4.0),EA19,A,IRLT,PA,_Z,_Z,_Z,_Z,N,1980,12.37216,A,0,2,
OECD.SDD.STES:DSD_STES@DF_FINMARK(4.0),EA19,A,IRLT,PA,_Z,_Z,_Z,_Z,N,1981,14.55319,A,0,2,
OECD.SDD.STES:DSD_STES@DF_FINMARK(4.0),EA19,A,IRLT,PA,_Z,_Z,_Z,_Z,N,1982,14.3112,A,0,2,
OECD.SDD.STES:DSD_STES@DF_FINMARK(4.0),EA19,A,IRLT,PA,_Z,_Z,_Z,_Z,N,1983,13.03797,A,0,2,
OECD.SDD.STES:DSD_STES@DF_FINMARK(4.0),EA19,A,IRLT,PA,_Z,_Z,_Z,_Z,N,1984,12.18526,A,0,2,
OECD.SDD.STES:DSD_STES@DF_FINMARK(4.0),EA19,A,IRLT,PA,_Z,_Z,_Z,_Z,N,1985,10.68771,A,0,2,
OECD.SDD.STES:DSD_STES@DF_FINMARK(4.0),EA19,A,IRLT,PA,_Z,_Z,_Z,_Z,N,1986,8.810304,A,0,2,
OECD.SDD.STES:DSD_STES@DF_FINMARK(4.0),EA19,A,IRLT,PA,_Z,_Z,_Z,_Z,N,1987,9.061464,A,0,2,
OECD.SDD.STES:DSD_STES@DF_FINMARK(4.0),EA19,A,IRLT,PA,_Z,_Z,_Z,_Z,N,1988,8.970979,A,0,2,
OECD.SDD.STES:DSD_STES@DF_FINMARK(4.0),EA19,A,IRLT,PA,_Z,_Z,_Z,_Z,N,1989,9.680718,A,0,2,
OECD.SDD.STES:DSD_STES@DF_FINMARK(4.0),EA19,A,IRLT,PA,_Z,_Z,_Z,_Z,N,1990,10.86626,A,0,2,
OECD.SDD.STES:DSD_STES@DF_FINMARK(4.0),EA19,A,IRLT,PA,_Z,_Z,_Z,_Z,N,1991,10.16042,A,0,2,
OECD.SDD.STES:DSD_STES@DF_FINMARK(4.0),EA19,A,IRLT,PA,_Z,_Z,_Z,_Z,N,1992,9.830224,A,0,2,
OECD.SDD.STES:DSD_STES@DF_FINMARK(4.0),EA19,A,IRLT,PA,_Z,_Z,_Z,_Z,N,1993,8.424189,A,0,2,
OECD.SDD.STES:DSD_STES@DF_FINMARK(4.0),EA19,A,IRLT,PA,_Z,_Z,_Z,_Z,N,1994,8.175834,A,0,2,
OECD.SDD.STES:DSD_STES@DF_FINMARK(4.0),EA19,A,IRLT,PA,_Z,_Z,_Z,_Z,N,1995,8.729167,A,0,2,
OECD.SDD.STES:DSD_STES@DF_FINMARK(4.0),EA19,A,IRLT,PA,_Z,_Z,_Z,_Z,N,1996,7.2325,A,0,2,
OECD.SDD.STES:DSD_STES@DF_FINMARK(4.0),EA19,A,IRLT,PA,_Z,_Z,_Z,_Z,N,1997,5.958333,A,0,2,
OECD.SDD.STES:DSD_STES@DF_FINMARK(4.0),EA19,A,IRLT,PA,_Z,_Z,_Z,_Z,N,1998,4.703333,A,0,2,
OECD.SDD.STES:DSD_STES@DF_FINMARK(4.0),EA19,A,IRLT,PA,_Z,_Z,_Z,_Z,N,1999,4.655141,A,0,2,
OECD.SDD.STES:DSD_STES@DF_FINMARK(4.0),EA19,A,IRLT,PA,_Z,_Z,_Z,_Z,N,2000,5.438877,A,0,2,
OECD.SDD.STES:DSD_STES@DF_FINMARK(4.0),EA19,A,IRLT,PA,_Z,_Z,_Z,_Z,N,2001,5.027296,A,0,2,
OECD.SDD.STES:DSD_STES@DF_FINMARK(4.0),EA19,A,IRLT,PA,_Z,_Z,_Z,_Z,N,2002,4.9229,A,0,2,
OECD.SDD.STES:DSD_STES@DF_FINMARK(4.0),EA19,A,IRLT,PA,_Z,_Z,_Z,_Z,N,2003,4.160853,A,0,2,
OECD.SDD.STES:DSD_STES@DF_FINMARK(4.0),EA19,A,IRLT,PA,_Z,_Z,_Z,_Z,N,2004,4.140792,A,0,2,
OECD.SDD.STES:DSD_STES@DF_FINMARK(4.0),EA19,A,IRLT,PA,_Z,_Z,_Z,_Z,N,2005,3.440875,A,0,2,
OECD.SDD.STES:DSD_STES@DF_FINMARK(4.0),EA19,A,IRLT,PA,_Z,_Z,_Z,_Z,N,2006,3.859515,A,0,2,
OECD.SDD.STES:DSD_STES@DF_FINMARK(4.0),EA19,A,IRLT,PA,_Z,_Z,_Z,_Z,N,2007,4.331703,A,0,2,
OECD.SDD.STES:DSD_STES@DF_FINMARK(4.0),EA19,A,IRLT,PA,_Z,_Z,_Z,_Z,N,2008,4.356012,A,0,2,
OECD.SDD.STES:DSD_STES@DF_FINMARK(4.0),BRA,A,IRLT,PA,_Z,_Z,_Z,_Z,N,1995,23.39167,A,0,2,
OECD.SDD.STES:DSD_STES@DF_FINMARK(4.0),BRA,A,IRLT,PA,_Z,_Z,_Z,_Z,N,1996,16.05917,A,0,2,
OECD.SDD.STES:DSD_STES@DF_FINMARK(4.0),BRA,A,IRLT,PA,_Z,_Z,_Z,_Z,N,1997,10.13083,A,0,2,
OECD.SDD.STES:DSD_STES@DF_FINMARK(4.0),BRA,A,IRLT,PA,_Z,_Z,_Z,_Z,N,1998,11.67333,A,0,2,
OECD.SDD.STES:DSD_STES@DF_FINMARK(4.0),BRA,A,IRLT,PA,_Z,_Z,_Z,_Z,N,1999,13.2175,A,0,2,
OECD.SDD.STES:DSD_STES@DF_FINMARK(4.0),BRA,A,IRLT,PA,_Z,_Z,_Z,_Z,N,2000,10.75,A,0,2,
OECD.SDD.STES:DSD_STES@DF_FINMARK(4.0),BRA,A,IRLT,PA,_Z,_Z,_Z,_Z,N,2001,9.5,A,0,2,
OECD.SDD.STES:DSD_STES@DF_FINMARK(4.0),BRA,A,IRLT,PA,_Z,_Z,_Z,_Z,N,2002,9.875,A,0,2,
OECD.SDD.STES:DSD_STES@DF_FINMARK(4.0),BRA,A,IRLT,PA,_Z,_Z,_Z,_Z,N,2003,11.5,A,0,2,
OECD.SDD.STES:DSD_STES@DF_FINMARK(4.0),BRA,A,IRLT,PA,_Z,_Z,_Z,_Z,N,2004,9.8125,A,0,2,
OECD.SDD.STES:DSD_STES@DF_FINMARK(4.0),BRA,A,IRLT,PA,_Z,_Z,_Z,_Z,N,2005,9.75,A,0,2,
OECD.SDD.STES:DSD_STES@DF_FINMARK(4.0),BRA,A,IRLT,PA,_Z,_Z,_Z,_Z,N,2006,7.875,A,0,2,
OECD.SDD.STES:DSD_STES@DF_FINMARK(4.0),BRA,A,IRLT,PA,_Z,_Z,_Z,_Z,N,2007,6.375,A,0,2,
OECD.SDD.STES:DSD_STES@DF_FINMARK(4.0),BRA,A,IRLT,PA,_Z,_Z,_Z,_Z,N,2008,6.25,A,0,2,
OECD.SDD.STES:DSD_STES@DF_FINMARK(4.0),BRA,A,IRLT,PA,_Z,_Z,_Z,_Z,N,2009,6.125,A,0,2,
OECD.SDD.STES:DSD_STES@DF_FINMARK(4.0),BRA,A,IRLT,PA,_Z,_Z,_Z,_Z,N,2010,6,A,0,2,
OECD.SDD.STES:DSD_STES@DF_FINMARK(4.0),BRA,A,IRLT,PA,_Z,_Z,_Z,_Z,N,2011,6,A,0,2,
OECD.SDD.STES:DSD_STES@DF_FINMARK(4.0),BRA,A,IRLT,PA,_Z,_Z,_Z,_Z,N,2012,5.75,A,0,2,
OECD.SDD.STES:DSD_STES@DF_FINMARK(4.0),BRA,A,IRLT,PA,_Z,_Z,_Z,_Z,N,2013,5,A,0,2,
OECD.SDD.STES:DSD_STES@DF_FINMARK(4.0),BRA,A,IRLT,PA,_Z,_Z,_Z,_Z,N,2014,5,A,0,2,
OECD.SDD.STES:DSD_STES@DF_FINMARK(4.0),BRA,A,IRLT,PA,_Z,_Z,_Z,_Z,N,2015,6.25,A,0,2,
OECD.SDD.STES:DSD_STES@DF_FINMARK(4.0),BRA,A,IRLT,PA,_Z,_Z,_Z,_Z,N,2016,7.5,A,0,2,
OECD.SDD.STES:DSD_STES@DF_FINMARK(4.0),BRA,A,IRLT,PA,_Z,_Z,_Z,_Z,N,2017,7.125,A,0,2,
OECD.SDD.STES:DSD_STES@DF_FINMARK(4.0),BRA,A,IRLT,PA,_Z,_Z,_Z,_Z,N,2018,6.7225,A,0,2,
OECD.SDD.STES:DSD_STES@DF_FINMARK(4.0),BRA,A,IRLT,PA,_Z,_Z,_Z,_Z,N,2019,6.2025,A,0,2,
OECD.SDD.STES:DSD_STES@DF_FINMARK(4.0),BRA,A,IRLT,PA,_Z,_Z,_Z,_Z,N,2020,4.8725,A,0,2,
OECD.SDD.STES:DSD_STES@DF_FINMARK(4.0),BRA,A,IRLT,PA,_Z,_Z,_Z,_Z,N,2021,4.8,A,0,2,
OECD.SDD.STES:DSD_STES@DF_FINMARK(4.0),BRA,A,IRLT,PA,_Z,_Z,_Z,_Z,N,2022,6.7775,A,0,2,
OECD.SDD.STES:DSD_STES@DF_FINMARK(4.0),BRA,A,IRLT,PA,_Z,_Z,_Z,_Z,N,2023,7.05,A,0,2,
OECD.SDD.STES:DSD_STES@DF_FINMARK(4.0),BGR,A,IRLT,PA,_Z,_Z,_Z,_Z,N,2003,6.446667,A,0,2,
OECD.SDD.STES:DSD_STES@DF_FINMARK(4.0),BGR,A,IRLT,PA,_Z,_Z,_Z,_Z,N,2004,5.36,A,0,2,
OECD.SDD.STES:DSD_STES@DF_FINMARK(4.0),BGR,A,IRLT,PA,_Z,_Z,_Z,_Z,N,2005,3.874167,A,0,2,
OECD.SDD.STES:DSD_STES@DF_FINMARK(4.0),BGR,A,IRLT,PA,_Z,_Z,_Z,_Z,N,2006,4.183333,A,0,2,
OECD.SDD.STES:DSD_STES@DF_FINMARK(4.0),BGR,A,IRLT,PA,_Z,_Z,_Z,_Z,N,2007,4.539166,A,0,2,
OECD.SDD.STES:DSD_STES@DF_FINMARK(4.0),BGR,A,IRLT,PA,_Z,_Z,_Z,_Z,N,2008,5.376667,A,0,2,
OECD.SDD.STES:DSD_STES@DF_FINMARK(4.0),BGR,A,IRLT,PA,_Z,_Z,_Z,_Z,N,2009,7.215,A,0,2,
OECD.SDD.STES:DSD_STES@DF_FINMARK(4.0),BGR,A,IRLT,PA,_Z,_Z,_Z,_Z,N,2010,6.005,A,0,2,
OECD.SDD.STES:DSD_STES@DF_FINMARK(4.0),BGR,A,IRLT,PA,_Z,_Z,_Z,_Z,N,2011,5.356667,A,0,2,
OECD.SDD.STES:DSD_STES@DF_FINMARK(4.0),BGR,A,IRLT,PA,_Z,_Z,_Z,_Z,N,2012,4.4975,A,0,2,
OECD.SDD.STES:DSD_STES@DF_FINMARK(4.0),BGR,A,IRLT,PA,_Z,_Z,_Z,_Z,N,2013,3.473333,A,0,2,
OECD.SDD.STES:DSD_STES@DF_FINMARK(4.0),BGR,A,IRLT,PA,_Z,_Z,_Z,_Z,N,2014,3.3475,A,0,2,
OECD.SDD.STES:DSD_STES@DF_FINMARK(4.0),BGR,A,IRLT,PA,_Z,_Z,_Z,_Z,N,2015,2.491667,A,0,2,
OECD.SDD.STES:DSD_STES@DF_FINMARK(4.0),BGR,A,IRLT,PA,_Z,_Z,_Z,_Z,N,2016,2.271667,A,0,2,
OECD.SDD.STES:DSD_STES@DF_FINMARK(4.0),BGR,A,IRLT,PA,_Z,_Z,_Z,_Z,N,2017,1.6025,A,0,2,
OECD.SDD.STES:DSD_STES@DF_FINMARK(4.0),BGR,A,IRLT,PA,_Z,_Z,_Z,_Z,N,2018,0.8925,A,0,2,
OECD.SDD.STES:DSD_STES@DF_FINMARK(4.0),BGR,A,IRLT,PA,_Z,_Z,_Z,_Z,N,2019,0.4291667,A,0,2,
OECD.SDD.STES:DSD_STES@DF_FINMARK(4.0),BGR,A,IRLT,PA,_Z,_Z,_Z,_Z,N,2020,0.2541667,A,0,2,
OECD.SDD.STES:DSD_STES@DF_FINMARK(4.0),BGR,A,IRLT,PA,_Z,_Z,_Z,_Z,N,2021,0.1891667,A,0,2,
OECD.SDD.STES:DSD_STES@DF_FINMARK(4.0),BGR,A,IRLT,PA,_Z,_Z,_Z,_Z,N,2022,1.531667,A,0,2,
OECD.SDD.STES:DSD_STES@DF_FINMARK(4.0),BGR,A,IRLT,PA,_Z,_Z,_Z,_Z,N,2023,3.753333,A,0,2,
OECD.SDD.STES:DSD_STES@DF_FINMARK(4.0),CHN,A,IRLT,PA,_Z,_Z,_Z,_Z,N,2014,4.104116,A,0,2,
OECD.SDD.STES:DSD_STES@DF_FINMARK(4.0),CHN,A,IRLT,PA,_Z,_Z,_Z,_Z,N,2015,3.333883,A,0,2,
OECD.SDD.STES:DSD_STES@DF_FINMARK(4.0),CHN,A,IRLT,PA,_Z,_Z,_Z,_Z,N,2016,2.850067,A,0,2,
OECD.SDD.STES:DSD_STES@DF_FINMARK(4.0),CHN,A,IRLT,PA,_Z,_Z,_Z,_Z,N,2017,3.591667,A,0,2,
OECD.SDD.STES:DSD_STES@DF_FINMARK(4.0),CHN,A,IRLT,PA,_Z,_Z,_Z,_Z,N,2018,3.579167,A,0,2,
OECD.SDD.STES:DSD_STES@DF_FINMARK(4.0),CHN,A,IRLT,PA,_Z,_Z,_Z,_Z,N,2019,3.1813,A,0,2,
OECD.SDD.STES:DSD_STES@DF_FINMARK(4.0),CHN,A,IRLT,PA,_Z,_Z,_Z,_Z,N,2020,2.924433,A,0,2,
OECD.SDD.STES:DSD_STES@DF_FINMARK(4.0),CHN,A,IRLT,PA,_Z,_Z,_Z,_Z,N,2021,3.005533,A,0,2,
OECD.SDD.STES:DSD_STES@DF_FINMARK(4.0),CHN,A,IRLT,PA,_Z,_Z,_Z,_Z,N,2022,2.764183,A,0,2,
OECD.SDD.STES:DSD_STES@DF_FINMARK(4.0),CHN,A,IRLT,PA,_Z,_Z,_Z,_Z,N,2023,2.715,A,0,2,
OECD.SDD.STES:DSD_STES@DF_FINMARK(4.0),HRV,A,IRLT,PA,_Z,_Z,_Z,_Z,N,2006,4.43,A,0,2,
OECD.SDD.STES:DSD_STES@DF_FINMARK(4.0),HRV,A,IRLT,PA,_Z,_Z,_Z,_Z,N,2007,4.933333,A,0,2,
OECD.SDD.STES:DSD_STES@DF_FINMARK(4.0),HRV,A,IRLT,PA,_Z,_Z,_Z,_Z,N,2008,6.041667,A,0,2,
OECD.SDD.STES:DSD_STES@DF_FINMARK(4.0),HRV,A,IRLT,PA,_Z,_Z,_Z,_Z,N,2009,7.8325,A,0,2,
OECD.SDD.STES:DSD_STES@DF_FINMARK(4.0),HRV,A,IRLT,PA,_Z,_Z,_Z,_Z,N,2010,6.265,A,0,2,
OECD.SDD.STES:DSD_STES@DF_FINMARK(4.0),HRV,A,IRLT,PA,_Z,_Z,_Z,_Z,N,2011,6.539166,A,0,2,
OECD.SDD.STES:DSD_STES@DF_FINMARK(4.0),HRV,A,IRLT,PA,_Z,_Z,_Z,_Z,N,2012,6.129167,A,0,2,
OECD.SDD.STES:DSD_STES@DF_FINMARK(4.0),HRV,A,IRLT,PA,_Z,_Z,_Z,_Z,N,2013,4.680833,A,0,2,
OECD.SDD.STES:DSD_STES@DF_FINMARK(4.0),HRV,A,IRLT,PA,_Z,_Z,_Z,_Z,N,2014,4.050833,A,0,2,
OECD.SDD.STES:DSD_STES@DF_FINMARK(4.0),HRV,A,IRLT,PA,_Z,_Z,_Z,_Z,N,2015,3.526667,A,0,2,
OECD.SDD.STES:DSD_STES@DF_FINMARK(4.0),HRV,A,IRLT,PA,_Z,_Z,_Z,_Z,N,2016,3.475,A,0,2,
OECD.SDD.STES:DSD_STES@DF_FINMARK(4.0),HRV,A,IRLT,PA,_Z,_Z,_Z,_Z,N,2017,2.7675,A,0,2,
OECD.SDD.STES:DSD_STES@DF_FINMARK(4.0),HRV,A,IRLT,PA,_Z,_Z,_Z,_Z,N,2018,2.1725,A,0,2,
OECD.SDD.STES:DSD_STES@DF_FINMARK(4.0),HRV,A,IRLT,PA,_Z,_Z,_Z,_Z,N,2019,1.2875,A,0,2,
OECD.SDD.STES:DSD_STES@DF_FINMARK(4.0),HRV,A,IRLT,PA,_Z,_Z,_Z,_Z,N,2020,0.8333333,A,0,2,
OECD.SDD.STES:DSD_STES@DF_FINMARK(4.0),HRV,A,IRLT,PA,_Z,_Z,_Z,_Z,N,2021,0.4475,A,0,2,
OECD.SDD.STES:DSD_STES@DF_FINMARK(4.0),HRV,A,IRLT,PA,_Z,_Z,_Z,_Z,N,2022,2.695833,A,0,2,
OECD.SDD.STES:DSD_STES@DF_FINMARK(4.0),HRV,A,IRLT,PA,_Z,_Z,_Z,_Z,N,2023,3.795833,A,0,2,
OECD.SDD.STES:DSD_STES@DF_FINMARK(4.0),IDN,A,IRLT,PA,_Z,_Z,_Z,_Z,N,2012,5.795833,A,0,2,
OECD.SDD.STES:DSD_STES@DF_FINMARK(4.0),IDN,A,IRLT,PA,_Z,_Z,_Z,_Z,N,2013,6.9875,A,0,2,
OECD.SDD.STES:DSD_STES@DF_FINMARK(4.0),IDN,A,IRLT,PA,_Z,_Z,_Z,_Z,N,2014,8.131667,A,0,2,
OECD.SDD.STES:DSD_STES@DF_FINMARK(4.0),IDN,A,IRLT,PA,_Z,_Z,_Z,_Z,N,2015,8.221666,A,0,2,
OECD.SDD.STES:DSD_STES@DF_FINMARK(4.0),IDN,A,IRLT,PA,_Z,_Z,_Z,_Z,N,2016,7.638333,A,0,2,
OECD.SDD.STES:DSD_STES@DF_FINMARK(4.0),IDN,A,IRLT,PA,_Z,_Z,_Z,_Z,N,2017,6.878334,A,0,2,
OECD.SDD.STES:DSD_STES@DF_FINMARK(4.0),IDN,A,IRLT,PA,_Z,_Z,_Z,_Z,N,2018,7.4575,A,0,2,
OECD.SDD.STES:DSD_STES@DF_FINMARK(4.0),IDN,A,IRLT,PA,_Z,_Z,_Z,_Z,N,2019,7.4653,A,0,2,
OECD.SDD.STES:DSD_STES@DF_FINMARK(4.0),IDN,A,IRLT,PA,_Z,_Z,_Z,_Z,N,2020,6.904896,A,0,2,
OECD.SDD.STES:DSD_STES@DF_FINMARK(4.0),IDN,A,IRLT,PA,_Z,_Z,_Z,_Z,N,2021,6.362951,A,0,2,
OECD.SDD.STES:DSD_STES@DF_FINMARK(4.0),IDN,A,IRLT,PA,_Z,_Z,_Z,_Z,N,2022,6.972653,A,0,2,
OECD.SDD.STES:DSD_STES@DF_FINMARK(4.0),IDN,A,IRLT,PA,_Z,_Z,_Z,_Z,N,2023,6.6,A,0,2,
OECD.SDD.STES:DSD_STES@DF_FINMARK(4.0),ROU,A,IRLT,PA,_Z,_Z,_Z,_Z,N,2006,7.228333,A,0,2,
OECD.SDD.STES:DSD_STES@DF_FINMARK(4.0),ROU,A,IRLT,PA,_Z,_Z,_Z,_Z,N,2007,7.134167,A,0,2,
OECD.SDD.STES:DSD_STES@DF_FINMARK(4.0),ROU,A,IRLT,PA,_Z,_Z,_Z,_Z,N,2008,7.6975,A,0,2,
OECD.SDD.STES:DSD_STES@DF_FINMARK(4.0),ROU,A,IRLT,PA,_Z,_Z,_Z,_Z,N,2009,9.694167,A,0,2,
OECD.SDD.STES:DSD_STES@DF_FINMARK(4.0),ROU,A,IRLT,PA,_Z,_Z,_Z,_Z,N,2010,7.336667,A,0,2,
OECD.SDD.STES:DSD_STES@DF_FINMARK(4.0),ROU,A,IRLT,PA,_Z,_Z,_Z,_Z,N,2011,7.2925,A,0,2,
OECD.SDD.STES:DSD_STES@DF_FINMARK(4.0),ROU,A,IRLT,PA,_Z,_Z,_Z,_Z,N,2012,6.679167,A,0,2,
OECD.SDD.STES:DSD_STES@DF_FINMARK(4.0),ROU,A,IRLT,PA,_Z,_Z,_Z,_Z,N,2013,5.414166,A,0,2,
OECD.SDD.STES:DSD_STES@DF_FINMARK(4.0),ROU,A,IRLT,PA,_Z,_Z,_Z,_Z,N,2014,4.494167,A,0,2,
OECD.SDD.STES:DSD_STES@DF_FINMARK(4.0),ROU,A,IRLT,PA,_Z,_Z,_Z,_Z,N,2015,3.473333,A,0,2,
OECD.SDD.STES:DSD_STES@DF_FINMARK(4.0),ROU,A,IRLT,PA,_Z,_Z,_Z,_Z,N,2016,3.319167,A,0,2,
OECD.SDD.STES:DSD_STES@DF_FINMARK(4.0),ROU,A,IRLT,PA,_Z,_Z,_Z,_Z,N,2017,3.958333,A,0,2,
OECD.SDD.STES:DSD_STES@DF_FINMARK(4.0),ROU,A,IRLT,PA,_Z,_Z,_Z,_Z,N,2018,4.686666,A,0,2,
OECD.SDD.STES:DSD_STES@DF_FINMARK(4.0),ROU,A,IRLT,PA,_Z,_Z,_Z,_Z,N,2019,4.539166,A,0,2,
OECD.SDD.STES:DSD_STES@DF_FINMARK(4.0),ROU,A,IRLT,PA,_Z,_Z,_Z,_Z,N,2020,3.893333,A,0,2,
OECD.SDD.STES:DSD_STES@DF_FINMARK(4.0),ROU,A,IRLT,PA,_Z,_Z,_Z,_Z,N,2021,3.625,A,0,2,
OECD.SDD.STES:DSD_STES@DF_FINMARK(4.0),ROU,A,IRLT,PA,_Z,_Z,_Z,_Z,N,2022,7.481667,A,0,2,
OECD.SDD.STES:DSD_STES@DF_FINMARK(4.0),ROU,A,IRLT,PA,_Z,_Z,_Z,_Z,N,2023,6.711667,A,0,2,
OECD.SDD.STES:DSD_STES@DF_FINMARK(4.0),RUS,A,IRLT,PA,_Z,_Z,_Z,_Z,N,1999,87.37583,A,0,2,
OECD.SDD.STES:DSD_STES@DF_FINMARK(4.0),RUS,A,IRLT,PA,_Z,_Z,_Z,_Z,N,2000,35.16333,A,0,2,
OECD.SDD.STES:DSD_STES@DF_FINMARK(4.0),RUS,A,IRLT,PA,_Z,_Z,_Z,_Z,N,2001,19.38333,A,0,2,
OECD.SDD.STES:DSD_STES@DF_FINMARK(4.0),RUS,A,IRLT,PA,_Z,_Z,_Z,_Z,N,2002,15.82417,A,0,2,
OECD.SDD.STES:DSD_STES@DF_FINMARK(4.0),RUS,A,IRLT,PA,_Z,_Z,_Z,_Z,N,2003,9.115,A,0,2,
OECD.SDD.STES:DSD_STES@DF_FINMARK(4.0),RUS,A,IRLT,PA,_Z,_Z,_Z,_Z,N,2004,8.289166,A,0,2,
OECD.SDD.STES:DSD_STES@DF_FINMARK(4.0),RUS,A,IRLT,PA,_Z,_Z,_Z,_Z,N,2005,8.1075,A,0,2,
OECD.SDD.STES:DSD_STES@DF_FINMARK(4.0),RUS,A,IRLT,PA,_Z,_Z,_Z,_Z,N,2006,6.976666,A,0,2,
OECD.SDD.STES:DSD_STES@DF_FINMARK(4.0),RUS,A,IRLT,PA,_Z,_Z,_Z,_Z,N,2007,6.7175,A,0,2,
OECD.SDD.STES:DSD_STES@DF_FINMARK(4.0),RUS,A,IRLT,PA,_Z,_Z,_Z,_Z,N,2008,7.523334,A,0,2,
OECD.SDD.STES:DSD_STES@DF_FINMARK(4.0),RUS,A,IRLT,PA,_Z,_Z,_Z,_Z,N,2009,9.874166,A,0,2,
OECD.SDD.STES:DSD_STES@DF_FINMARK(4.0),RUS,A,IRLT,PA,_Z,_Z,_Z,_Z,N,2010,7.831666,A,0,2,
OECD.SDD.STES:DSD_STES@DF_FINMARK(4.0),RUS,A,IRLT,PA,_Z,_Z,_Z,_Z,N,2011,8.060833,A,0,2,
OECD.SDD.STES:DSD_STES@DF_FINMARK(4.0),RUS,A,IRLT,PA,_Z,_Z,_Z,_Z,N,2012,8.154166,A,0,2,
OECD.SDD.STES:DSD_STES@DF_FINMARK(4.0),RUS,A,IRLT,PA,_Z,_Z,_Z,_Z,N,2013,7.330833,A,0,2,
OECD.SDD.STES:DSD_STES@DF_FINMARK(4.0),RUS,A,IRLT,PA,_Z,_Z,_Z,_Z,N,2014,8.464167,A,0,2,
OECD.SDD.STES:DSD_STES@DF_FINMARK(4.0),RUS,A,IRLT,PA,_Z,_Z,_Z,_Z,N,2015,10.88667,A,0,2,
OECD.SDD.STES:DSD_STES@DF_FINMARK(4.0),RUS,A,IRLT,PA,_Z,_Z,_Z,_Z,N,2016,10.43833,A,0,2,
OECD.SDD.STES:DSD_STES@DF_FINMARK(4.0),RUS,A,IRLT,PA,_Z,_Z,_Z,_Z,N,2017,8.9925,A,0,2,
OECD.SDD.STES:DSD_STES@DF_FINMARK(4.0),CAN,A,IRLT,PA,_Z,_Z,_Z,_Z,N,1982,14.43533,B,0,2,
OECD.SDD.STES:DSD_STES@DF_FINMARK(4.0),FRA,A,IRLT,PA,_Z,_Z,_Z,_Z,N,1968,6.950833,B,0,2,
OECD.SDD.STES:DSD_STES@DF_FINMARK(4.0),FRA,A,IRLT,PA,_Z,_Z,_Z,_Z,N,1986,9.119166,B,0,2,
OECD.SDD.STES:DSD_STES@DF_FINMARK(4.0),SWE,A,IRLT,PA,_Z,_Z,_Z,_Z,N,1993,8.539166,B,0,2,
OECD.SDD.STES:DSD_STES@DF_FINMARK(4.0),SWE,A,IRLT,PA,_Z,_Z,_Z,_Z,N,1994,9.495,B,0,2,
OECD.SDD.STES:DSD_STES@DF_FINMARK(4.0),COL,A,IRLT,PA,_Z,_Z,_Z,_Z,N,2024,10.77333,A,0,2,
OECD.SDD.STES:DSD_STES@DF_FINMARK(4.0),AUS,A,IRLT,PA,_Z,_Z,_Z,_Z,N,2015,2.7205,A,0,2,
OECD.SDD.STES:DSD_STES@DF_FINMARK(4.0),AUS,A,IRLT,PA,_Z,_Z,_Z,_Z,N,2017,2.64125,A,0,2,
OECD.SDD.STES:DSD_STES@DF_FINMARK(4.0),AUS,A,IRLT,PA,_Z,_Z,_Z,_Z,N,2018,2.681667,A,0,2,
OECD.SDD.STES:DSD_STES@DF_FINMARK(4.0),AUS,A,IRLT,PA,_Z,_Z,_Z,_Z,N,2019,1.497083,A,0,2,
OECD.SDD.STES:DSD_STES@DF_FINMARK(4.0),AUS,A,IRLT,PA,_Z,_Z,_Z,_Z,N,2020,0.9201667,A,0,2,
OECD.SDD.STES:DSD_STES@DF_FINMARK(4.0),AUS,A,IRLT,PA,_Z,_Z,_Z,_Z,N,2022,3.1965,A,0,2,
OECD.SDD.STES:DSD_STES@DF_FINMARK(4.0),AUS,A,IRLT,PA,_Z,_Z,_Z,_Z,N,2023,3.942167,A,0,2,
OECD.SDD.STES:DSD_STES@DF_FINMARK(4.0),CAN,A,IRLT,PA,_Z,_Z,_Z,_Z,N,2019,1.588883,A,0,2,
OECD.SDD.STES:DSD_STES@DF_FINMARK(4.0),CAN,A,IRLT,PA,_Z,_Z,_Z,_Z,N,2022,2.770586,A,0,2,
OECD.SDD.STES:DSD_STES@DF_FINMARK(4.0),CAN,A,IRLT,PA,_Z,_Z,_Z,_Z,N,2023,3.361192,A,0,2,
OECD.SDD.STES:DSD_STES@DF_FINMARK(4.0),CHL,A,IRLT,PA,_Z,_Z,_Z,_Z,N,2005,6.006973,A,0,2,
OECD.SDD.STES:DSD_STES@DF_FINMARK(4.0),CHL,A,IRLT,PA,_Z,_Z,_Z,_Z,N,2007,6.08287,A,0,2,
OECD.SDD.STES:DSD_STES@DF_FINMARK(4.0),CHL,A,IRLT,PA,_Z,_Z,_Z,_Z,N,2008,6.945093,A,0,2,
OECD.SDD.STES:DSD_STES@DF_FINMARK(4.0),COL,A,IRLT,PA,_Z,_Z,_Z,_Z,N,2003,15.18833,A,0,2,
OECD.SDD.STES:DSD_STES@DF_FINMARK(4.0),COL,A,IRLT,PA,_Z,_Z,_Z,_Z,N,2004,14.34083,A,0,2,
OECD.SDD.STES:DSD_STES@DF_FINMARK(4.0),COL,A,IRLT,PA,_Z,_Z,_Z,_Z,N,2005,11.555,A,0,2,
OECD.SDD.STES:DSD_STES@DF_FINMARK(4.0),COL,A,IRLT,PA,_Z,_Z,_Z,_Z,N,2006,9.155833,A,0,2,
OECD.SDD.STES:DSD_STES@DF_FINMARK(4.0),COL,A,IRLT,PA,_Z,_Z,_Z,_Z,N,2007,10.04833,A,0,2,
OECD.SDD.STES:DSD_STES@DF_FINMARK(4.0),COL,A,IRLT,PA,_Z,_Z,_Z,_Z,N,2008,11.8925,A,0,2,
OECD.SDD.STES:DSD_STES@DF_FINMARK(4.0),COL,A,IRLT,PA,_Z,_Z,_Z,_Z,N,2009,9.469167,A,0,2,
OECD.SDD.STES:DSD_STES@DF_FINMARK(4.0),COL,A,IRLT,PA,_Z,_Z,_Z,_Z,N,2010,8.465834,A,0,2,
OECD.SDD.STES:DSD_STES@DF_FINMARK(4.0),COL,A,IRLT,PA,_Z,_Z,_Z,_Z,N,2011,8.088333,A,0,2,
OECD.SDD.STES:DSD_STES@DF_FINMARK(4.0),COL,A,IRLT,PA,_Z,_Z,_Z,_Z,N,2012,6.813334,A,0,2,
OECD.SDD.STES:DSD_STES@DF_FINMARK(4.0),COL,A,IRLT,PA,_Z,_Z,_Z,_Z,N,2013,6.495,A,0,2,
OECD.SDD.STES:DSD_STES@DF_FINMARK(4.0),COL,A,IRLT,PA,_Z,_Z,_Z,_Z,N,2014,7.055833,A,0,2,
OECD.SDD.STES:DSD_STES@DF_FINMARK(4.0),COL,A,IRLT,PA,_Z,_Z,_Z,_Z,N,2015,7.854167,A,0,2,
OECD.SDD.STES:DSD_STES@DF_FINMARK(4.0),COL,A,IRLT,PA,_Z,_Z,_Z,_Z,N,2016,7.905833,A,0,2,
OECD.SDD.STES:DSD_STES@DF_FINMARK(4.0),COL,A,IRLT,PA,_Z,_Z,_Z,_Z,N,2017,6.771667,A,0,2,
OECD.SDD.STES:DSD_STES@DF_FINMARK(4.0),COL,A,IRLT,PA,_Z,_Z,_Z,_Z,N,2018,6.995833,A,0,2,
OECD.SDD.STES:DSD_STES@DF_FINMARK(4.0),COL,A,IRLT,PA,_Z,_Z,_Z,_Z,N,2022,11.68417,A,0,2,
OECD.SDD.STES:DSD_STES@DF_FINMARK(4.0),CRI,A,IRLT,PA,_Z,_Z,_Z,_Z,N,2014,9.836667,A,0,2,
OECD.SDD.STES:DSD_STES@DF_FINMARK(4.0),CRI,A,IRLT,PA,_Z,_Z,_Z,_Z,N,2015,9.63,A,0,2,
OECD.SDD.STES:DSD_STES@DF_FINMARK(4.0),CRI,A,IRLT,PA,_Z,_Z,_Z,_Z,N,2016,8.335,A,0,2,
OECD.SDD.STES:DSD_STES@DF_FINMARK(4.0),CRI,A,IRLT,PA,_Z,_Z,_Z,_Z,N,2017,8.906667,A,0,2,
OECD.SDD.STES:DSD_STES@DF_FINMARK(4.0),CRI,A,IRLT,PA,_Z,_Z,_Z,_Z,N,2018,9.9625,A,0,2,
OECD.SDD.STES:DSD_STES@DF_FINMARK(4.0),CRI,A,IRLT,PA,_Z,_Z,_Z,_Z,N,2019,10.61667,A,0,2,
OECD.SDD.STES:DSD_STES@DF_FINMARK(4.0),CRI,A,IRLT,PA,_Z,_Z,_Z,_Z,N,2020,8.836667,A,0,2,
OECD.SDD.STES:DSD_STES@DF_FINMARK(4.0),CRI,A,IRLT,PA,_Z,_Z,_Z,_Z,N,2021,7.933333,A,0,2,
OECD.SDD.STES:DSD_STES@DF_FINMARK(4.0),CRI,A,IRLT,PA,_Z,_Z,_Z,_Z,N,2022,8.018333,A,0,2,
OECD.SDD.STES:DSD_STES@DF_FINMARK(4.0),CRI,A,IRLT,PA,_Z,_Z,_Z,_Z,N,2023,8.106667,A,0,2,
OECD.SDD.STES:DSD_STES@DF_FINMARK(4.0),DNK,A,IRLT,PA,_Z,_Z,_Z,_Z,N,1987,11.28433,A,0,2,
OECD.SDD.STES:DSD_STES@DF_FINMARK(4.0),DNK,A,IRLT,PA,_Z,_Z,_Z,_Z,N,1988,9.88375,A,0,2,
OECD.SDD.STES:DSD_STES@DF_FINMARK(4.0),DNK,A,IRLT,PA,_Z,_Z,_Z,_Z,N,1989,9.706333,A,0,2,
OECD.SDD.STES:DSD_STES@DF_FINMARK(4.0),DNK,A,IRLT,PA,_Z,_Z,_Z,_Z,N,1990,10.62867,A,0,2,
OECD.SDD.STES:DSD_STES@DF_FINMARK(4.0),DNK,A,IRLT,PA,_Z,_Z,_Z,_Z,N,1991,9.262584,A,0,2,
OECD.SDD.STES:DSD_STES@DF_FINMARK(4.0),DNK,A,IRLT,PA,_Z,_Z,_Z,_Z,N,1992,8.9875,A,0,2,
OECD.SDD.STES:DSD_STES@DF_FINMARK(4.0),DNK,A,IRLT,PA,_Z,_Z,_Z,_Z,N,2023,2.67775,A,0,2,
OECD.SDD.STES:DSD_STES@DF_FINMARK(4.0),FIN,A,IRLT,PA,_Z,_Z,_Z,_Z,N,2023,3.0375,A,0,2,
OECD.SDD.STES:DSD_STES@DF_FINMARK(4.0),FRA,A,IRLT,PA,_Z,_Z,_Z,_Z,N,1987,9.474167,A,0,2,
OECD.SDD.STES:DSD_STES@DF_FINMARK(4.0),FRA,A,IRLT,PA,_Z,_Z,_Z,_Z,N,1988,9.085834,A,0,2,
OECD.SDD.STES:DSD_STES@DF_FINMARK(4.0),FRA,A,IRLT,PA,_Z,_Z,_Z,_Z,N,1989,8.781667,A,0,2,
OECD.SDD.STES:DSD_STES@DF_FINMARK(4.0),FRA,A,IRLT,PA,_Z,_Z,_Z,_Z,N,1990,9.916667,A,0,2,
OECD.SDD.STES:DSD_STES@DF_FINMARK(4.0),FRA,A,IRLT,PA,_Z,_Z,_Z,_Z,N,1991,9.038333,A,0,2,
OECD.SDD.STES:DSD_STES@DF_FINMARK(4.0),FRA,A,IRLT,PA,_Z,_Z,_Z,_Z,N,1992,8.585,A,0,2,
OECD.SDD.STES:DSD_STES@DF_FINMARK(4.0),FRA,A,IRLT,PA,_Z,_Z,_Z,_Z,N,1993,6.7925,A,0,2,
OECD.SDD.STES:DSD_STES@DF_FINMARK(4.0),FRA,A,IRLT,PA,_Z,_Z,_Z,_Z,N,1994,7.224167,A,0,2,
OECD.SDD.STES:DSD_STES@DF_FINMARK(4.0),FRA,A,IRLT,PA,_Z,_Z,_Z,_Z,N,1995,7.534167,A,0,2,
OECD.SDD.STES:DSD_STES@DF_FINMARK(4.0),FRA,A,IRLT,PA,_Z,_Z,_Z,_Z,N,1996,6.334167,A,0,2,
OECD.SDD.STES:DSD_STES@DF_FINMARK(4.0),FRA,A,IRLT,PA,_Z,_Z,_Z,_Z,N,1997,5.585834,A,0,2,
OECD.SDD.STES:DSD_STES@DF_FINMARK(4.0),FRA,A,IRLT,PA,_Z,_Z,_Z,_Z,N,1998,4.6475,A,0,2,
OECD.SDD.STES:DSD_STES@DF_FINMARK(4.0),FRA,A,IRLT,PA,_Z,_Z,_Z,_Z,N,1999,4.619167,A,0,2,
OECD.SDD.STES:DSD_STES@DF_FINMARK(4.0),FRA,A,IRLT,PA,_Z,_Z,_Z,_Z,N,2000,5.394166,A,0,2,
OECD.SDD.STES:DSD_STES@DF_FINMARK(4.0),FRA,A,IRLT,PA,_Z,_Z,_Z,_Z,N,2001,4.939167,A,0,2,
OECD.SDD.STES:DSD_STES@DF_FINMARK(4.0),FRA,A,IRLT,PA,_Z,_Z,_Z,_Z,N,2002,4.86,A,0,2,
OECD.SDD.STES:DSD_STES@DF_FINMARK(4.0),FRA,A,IRLT,PA,_Z,_Z,_Z,_Z,N,2003,4.13,A,0,2,
OECD.SDD.STES:DSD_STES@DF_FINMARK(4.0),FRA,A,IRLT,PA,_Z,_Z,_Z,_Z,N,2004,4.098333,A,0,2,
OECD.SDD.STES:DSD_STES@DF_FINMARK(4.0),FRA,A,IRLT,PA,_Z,_Z,_Z,_Z,N,2005,3.41,A,0,2,
OECD.SDD.STES:DSD_STES@DF_FINMARK(4.0),FRA,A,IRLT,PA,_Z,_Z,_Z,_Z,N,2006,3.796667,A,0,2,
OECD.SDD.STES:DSD_STES@DF_FINMARK(4.0),FRA,A,IRLT,PA,_Z,_Z,_Z,_Z,N,2007,4.304167,A,0,2,
OECD.SDD.STES:DSD_STES@DF_FINMARK(4.0),FRA,A,IRLT,PA,_Z,_Z,_Z,_Z,N,2008,4.234167,A,0,2,
OECD.SDD.STES:DSD_STES@DF_FINMARK(4.0),FRA,A,IRLT,PA,_Z,_Z,_Z,_Z,N,2009,3.65,A,0,2,
OECD.SDD.STES:DSD_STES@DF_FINMARK(4.0),FRA,A,IRLT,PA,_Z,_Z,_Z,_Z,N,2010,3.118333,A,0,2,
OECD.SDD.STES:DSD_STES@DF_FINMARK(4.0),FRA,A,IRLT,PA,_Z,_Z,_Z,_Z,N,2011,3.32,A,0,2,
OECD.SDD.STES:DSD_STES@DF_FINMARK(4.0),FRA,A,IRLT,PA,_Z,_Z,_Z,_Z,N,2012,2.536667,A,0,2,
OECD.SDD.STES:DSD_STES@DF_FINMARK(4.0),FRA,A,IRLT,PA,_Z,_Z,_Z,_Z,N,2013,2.204167,A,0,2,
OECD.SDD.STES:DSD_STES@DF_FINMARK(4.0),FRA,A,IRLT,PA,_Z,_Z,_Z,_Z,N,2014,1.666667,A,0,2,
OECD.SDD.STES:DSD_STES@DF_FINMARK(4.0),FRA,A,IRLT,PA,_Z,_Z,_Z,_Z,N,2015,0.8425,A,0,2,
OECD.SDD.STES:DSD_STES@DF_FINMARK(4.0),FRA,A,IRLT,PA,_Z,_Z,_Z,_Z,N,2016,0.4666667,A,0,2,
OECD.SDD.STES:DSD_STES@DF_FINMARK(4.0),FRA,A,IRLT,PA,_Z,_Z,_Z,_Z,N,2017,0.8091667,A,0,2,
OECD.SDD.STES:DSD_STES@DF_FINMARK(4.0),FRA,A,IRLT,PA,_Z,_Z,_Z,_Z,N,2018,0.7833334,A,0,2,
OECD.SDD.STES:DSD_STES@DF_FINMARK(4.0),FRA,A,IRLT,PA,_Z,_Z,_Z,_Z,N,2019,0.1308333,A,0,2,
OECD.SDD.STES:DSD_STES@DF_FINMARK(4.0),FRA,A,IRLT,PA,_Z,_Z,_Z,_Z,N,2020,-0.145,A,0,2,
OECD.SDD.STES:DSD_STES@DF_FINMARK(4.0),FRA,A,IRLT,PA,_Z,_Z,_Z,_Z,N,2021,0.006666667,A,0,2,
OECD.SDD.STES:DSD_STES@DF_FINMARK(4.0),FRA,A,IRLT,PA,_Z,_Z,_Z,_Z,N,2022,1.700833,A,0,2,
OECD.SDD.STES:DSD_STES@DF_FINMARK(4.0),FRA,A,IRLT,PA,_Z,_Z,_Z,_Z,N,2023,2.994167,A,0,2,
OECD.SDD.STES:DSD_STES@DF_FINMARK(4.0),GRC,A,IRLT,PA,_Z,_Z,_Z,_Z,N,2003,4.2675,A,0,2,
OECD.SDD.STES:DSD_STES@DF_FINMARK(4.0),GRC,A,IRLT,PA,_Z,_Z,_Z,_Z,N,2004,4.255833,A,0,2,
OECD.SDD.STES:DSD_STES@DF_FINMARK(4.0),GRC,A,IRLT,PA,_Z,_Z,_Z,_Z,N,2008,4.8025,A,0,2,
OECD.SDD.STES:DSD_STES@DF_FINMARK(4.0),GRC,A,IRLT,PA,_Z,_Z,_Z,_Z,N,2009,5.174167,A,0,2,
OECD.SDD.STES:DSD_STES@DF_FINMARK(4.0),GRC,A,IRLT,PA,_Z,_Z,_Z,_Z,N,2012,22.4975,A,0,2,
OECD.SDD.STES:DSD_STES@DF_FINMARK(4.0),GRC,A,IRLT,PA,_Z,_Z,_Z,_Z,N,2015,9.666364,A,0,2,
OECD.SDD.STES:DSD_STES@DF_FINMARK(4.0),GRC,A,IRLT,PA,_Z,_Z,_Z,_Z,N,2021,0.8841667,A,0,2,
OECD.SDD.STES:DSD_STES@DF_FINMARK(4.0),IRL,A,IRLT,PA,_Z,_Z,_Z,_Z,N,1971,9.385629,A,0,2,
OECD.SDD.STES:DSD_STES@DF_FINMARK(4.0),IRL,A,IRLT,PA,_Z,_Z,_Z,_Z,N,1972,9.216305,A,0,2,
OECD.SDD.STES:DSD_STES@DF_FINMARK(4.0),IRL,A,IRLT,PA,_Z,_Z,_Z,_Z,N,1973,10.88838,A,0,2,
OECD.SDD.STES:DSD_STES@DF_FINMARK(4.0),IRL,A,IRLT,PA,_Z,_Z,_Z,_Z,N,1974,14.8531,A,0,2,
OECD.SDD.STES:DSD_STES@DF_FINMARK(4.0),IRL,A,IRLT,PA,_Z,_Z,_Z,_Z,N,1975,14.1902,A,0,2,
OECD.SDD.STES:DSD_STES@DF_FINMARK(4.0),IRL,A,IRLT,PA,_Z,_Z,_Z,_Z,N,1976,14.84633,A,0,2,
OECD.SDD.STES:DSD_STES@DF_FINMARK(4.0),IRL,A,IRLT,PA,_Z,_Z,_Z,_Z,N,1977,13.09213,A,0,2,
OECD.SDD.STES:DSD_STES@DF_FINMARK(4.0),IRL,A,IRLT,PA,_Z,_Z,_Z,_Z,N,1978,13.03879,A,0,2,
OECD.SDD.STES:DSD_STES@DF_FINMARK(4.0),IRL,A,IRLT,PA,_Z,_Z,_Z,_Z,N,1979,15.30519,A,0,2,
OECD.SDD.STES:DSD_STES@DF_FINMARK(4.0),IRL,A,IRLT,PA,_Z,_Z,_Z,_Z,N,1980,15.59728,A,0,2,
OECD.SDD.STES:DSD_STES@DF_FINMARK(4.0),IRL,A,IRLT,PA,_Z,_Z,_Z,_Z,N,1981,17.54281,A,0,2,
OECD.SDD.STES:DSD_STES@DF_FINMARK(4.0),IRL,A,IRLT,PA,_Z,_Z,_Z,_Z,N,1982,17.32946,A,0,2,
OECD.SDD.STES:DSD_STES@DF_FINMARK(4.0),IRL,A,IRLT,PA,_Z,_Z,_Z,_Z,N,1983,14.12585,A,0,2,
OECD.SDD.STES:DSD_STES@DF_FINMARK(4.0),IRL,A,IRLT,PA,_Z,_Z,_Z,_Z,N,1984,14.84548,A,0,2,
OECD.SDD.STES:DSD_STES@DF_FINMARK(4.0),IRL,A,IRLT,PA,_Z,_Z,_Z,_Z,N,1985,12.98376,A,0,2,
OECD.SDD.STES:DSD_STES@DF_FINMARK(4.0),IRL,A,IRLT,PA,_Z,_Z,_Z,_Z,N,1986,11.40143,A,0,2,
OECD.SDD.STES:DSD_STES@DF_FINMARK(4.0),IRL,A,IRLT,PA,_Z,_Z,_Z,_Z,N,1987,11.43868,A,0,2,
OECD.SDD.STES:DSD_STES@DF_FINMARK(4.0),IRL,A,IRLT,PA,_Z,_Z,_Z,_Z,N,1988,9.510081,A,0,2,
OECD.SDD.STES:DSD_STES@DF_FINMARK(4.0),IRL,A,IRLT,PA,_Z,_Z,_Z,_Z,N,1989,9.316206,A,0,2,
OECD.SDD.STES:DSD_STES@DF_FINMARK(4.0),IRL,A,IRLT,PA,_Z,_Z,_Z,_Z,N,1990,10.43798,A,0,2,
OECD.SDD.STES:DSD_STES@DF_FINMARK(4.0),IRL,A,IRLT,PA,_Z,_Z,_Z,_Z,N,1991,9.523627,A,0,2,
OECD.SDD.STES:DSD_STES@DF_FINMARK(4.0),IRL,A,IRLT,PA,_Z,_Z,_Z,_Z,N,1992,9.465211,A,0,2,
OECD.SDD.STES:DSD_STES@DF_FINMARK(4.0),IRL,A,IRLT,PA,_Z,_Z,_Z,_Z,N,1993,7.700008,A,0,2,
OECD.SDD.STES:DSD_STES@DF_FINMARK(4.0),IRL,A,IRLT,PA,_Z,_Z,_Z,_Z,N,1994,7.922217,A,0,2,
OECD.SDD.STES:DSD_STES@DF_FINMARK(4.0),IRL,A,IRLT,PA,_Z,_Z,_Z,_Z,N,1995,8.253567,A,0,2,
OECD.SDD.STES:DSD_STES@DF_FINMARK(4.0),IRL,A,IRLT,PA,_Z,_Z,_Z,_Z,N,1996,7.289992,A,0,2,
OECD.SDD.STES:DSD_STES@DF_FINMARK(4.0),IRL,A,IRLT,PA,_Z,_Z,_Z,_Z,N,1997,6.295283,A,0,2,
OECD.SDD.STES:DSD_STES@DF_FINMARK(4.0),IRL,A,IRLT,PA,_Z,_Z,_Z,_Z,N,1998,4.795158,A,0,2,
OECD.SDD.STES:DSD_STES@DF_FINMARK(4.0),IRL,A,IRLT,PA,_Z,_Z,_Z,_Z,N,1999,4.711175,A,0,2,
OECD.SDD.STES:DSD_STES@DF_FINMARK(4.0),IRL,A,IRLT,PA,_Z,_Z,_Z,_Z,N,2000,5.5125,A,0,2,
OECD.SDD.STES:DSD_STES@DF_FINMARK(4.0),IRL,A,IRLT,PA,_Z,_Z,_Z,_Z,N,2001,5.011667,A,0,2,
OECD.SDD.STES:DSD_STES@DF_FINMARK(4.0),IRL,A,IRLT,PA,_Z,_Z,_Z,_Z,N,2002,5.01,A,0,2,
OECD.SDD.STES:DSD_STES@DF_FINMARK(4.0),IRL,A,IRLT,PA,_Z,_Z,_Z,_Z,N,2003,4.1325,A,0,2,
OECD.SDD.STES:DSD_STES@DF_FINMARK(4.0),IRL,A,IRLT,PA,_Z,_Z,_Z,_Z,N,2004,4.076667,A,0,2,
OECD.SDD.STES:DSD_STES@DF_FINMARK(4.0),IRL,A,IRLT,PA,_Z,_Z,_Z,_Z,N,2005,3.329167,A,0,2,
OECD.SDD.STES:DSD_STES@DF_FINMARK(4.0),IRL,A,IRLT,PA,_Z,_Z,_Z,_Z,N,2006,3.765,A,0,2,
OECD.SDD.STES:DSD_STES@DF_FINMARK(4.0),IRL,A,IRLT,PA,_Z,_Z,_Z,_Z,N,2007,4.305833,A,0,2,
OECD.SDD.STES:DSD_STES@DF_FINMARK(4.0),IRL,A,IRLT,PA,_Z,_Z,_Z,_Z,N,2008,4.525833,A,0,2,
OECD.SDD.STES:DSD_STES@DF_FINMARK(4.0),IRL,A,IRLT,PA,_Z,_Z,_Z,_Z,N,2009,5.225,A,0,2,
OECD.SDD.STES:DSD_STES@DF_FINMARK(4.0),IRL,A,IRLT,PA,_Z,_Z,_Z,_Z,N,2010,5.739167,A,0,2,
OECD.SDD.STES:DSD_STES@DF_FINMARK(4.0),IRL,A,IRLT,PA,_Z,_Z,_Z,_Z,N,2011,9.601666,A,0,2,
OECD.SDD.STES:DSD_STES@DF_FINMARK(4.0),IRL,A,IRLT,PA,_Z,_Z,_Z,_Z,N,2012,6.171667,A,0,2,
OECD.SDD.STES:DSD_STES@DF_FINMARK(4.0),IRL,A,IRLT,PA,_Z,_Z,_Z,_Z,N,2013,3.79,A,0,2,
OECD.SDD.STES:DSD_STES@DF_FINMARK(4.0),IRL,A,IRLT,PA,_Z,_Z,_Z,_Z,N,2014,2.3675,A,0,2,
OECD.SDD.STES:DSD_STES@DF_FINMARK(4.0),IRL,A,IRLT,PA,_Z,_Z,_Z,_Z,N,2015,1.1825,A,0,2,
OECD.SDD.STES:DSD_STES@DF_FINMARK(4.0),IRL,A,IRLT,PA,_Z,_Z,_Z,_Z,N,2016,0.7358333,A,0,2,
OECD.SDD.STES:DSD_STES@DF_FINMARK(4.0),IRL,A,IRLT,PA,_Z,_Z,_Z,_Z,N,2017,0.8016667,A,0,2,
OECD.SDD.STES:DSD_STES@DF_FINMARK(4.0),ITA,A,IRLT,PA,_Z,_Z,_Z,_Z,N,1992,13.26642,A,0,2,
OECD.SDD.STES:DSD_STES@DF_FINMARK(4.0),ITA,A,IRLT,PA,_Z,_Z,_Z,_Z,N,1993,11.18733,A,0,2,
OECD.SDD.STES:DSD_STES@DF_FINMARK(4.0),ITA,A,IRLT,PA,_Z,_Z,_Z,_Z,N,1994,10.51925,A,0,2,
OECD.SDD.STES:DSD_STES@DF_FINMARK(4.0),ITA,A,IRLT,PA,_Z,_Z,_Z,_Z,N,1995,12.20633,A,0,2,
OECD.SDD.STES:DSD_STES@DF_FINMARK(4.0),ITA,A,IRLT,PA,_Z,_Z,_Z,_Z,N,1996,9.40125,A,0,2,
OECD.SDD.STES:DSD_STES@DF_FINMARK(4.0),ITA,A,IRLT,PA,_Z,_Z,_Z,_Z,N,1997,6.860833,A,0,2,
OECD.SDD.STES:DSD_STES@DF_FINMARK(4.0),ITA,A,IRLT,PA,_Z,_Z,_Z,_Z,N,1998,4.882333,A,0,2,
OECD.SDD.STES:DSD_STES@DF_FINMARK(4.0),ITA,A,IRLT,PA,_Z,_Z,_Z,_Z,N,1999,4.727667,A,0,2,
OECD.SDD.STES:DSD_STES@DF_FINMARK(4.0),ITA,A,IRLT,PA,_Z,_Z,_Z,_Z,N,2000,5.575167,A,0,2,
OECD.SDD.STES:DSD_STES@DF_FINMARK(4.0),ITA,A,IRLT,PA,_Z,_Z,_Z,_Z,N,2001,5.18875,A,0,2,
OECD.SDD.STES:DSD_STES@DF_FINMARK(4.0),ITA,A,IRLT,PA,_Z,_Z,_Z,_Z,N,2002,5.034333,A,0,2,
OECD.SDD.STES:DSD_STES@DF_FINMARK(4.0),ITA,A,IRLT,PA,_Z,_Z,_Z,_Z,N,2003,4.248083,A,0,2,
OECD.SDD.STES:DSD_STES@DF_FINMARK(4.0),ITA,A,IRLT,PA,_Z,_Z,_Z,_Z,N,2004,4.258833,A,0,2,
OECD.SDD.STES:DSD_STES@DF_FINMARK(4.0),ITA,A,IRLT,PA,_Z,_Z,_Z,_Z,N,2005,3.55525,A,0,2,
OECD.SDD.STES:DSD_STES@DF_FINMARK(4.0),ITA,A,IRLT,PA,_Z,_Z,_Z,_Z,N,2006,4.046417,A,0,2,
OECD.SDD.STES:DSD_STES@DF_FINMARK(4.0),ITA,A,IRLT,PA,_Z,_Z,_Z,_Z,N,2007,4.48725,A,0,2,
OECD.SDD.STES:DSD_STES@DF_FINMARK(4.0),ITA,A,IRLT,PA,_Z,_Z,_Z,_Z,N,2008,4.681334,A,0,2,
OECD.SDD.STES:DSD_STES@DF_FINMARK(4.0),ITA,A,IRLT,PA,_Z,_Z,_Z,_Z,N,2009,4.311167,A,0,2,
OECD.SDD.STES:DSD_STES@DF_FINMARK(4.0),ITA,A,IRLT,PA,_Z,_Z,_Z,_Z,N,2010,4.035833,A,0,2,
OECD.SDD.STES:DSD_STES@DF_FINMARK(4.0),ITA,A,IRLT,PA,_Z,_Z,_Z,_Z,N,2011,5.422833,A,0,2,
OECD.SDD.STES:DSD_STES@DF_FINMARK(4.0),ITA,A,IRLT,PA,_Z,_Z,_Z,_Z,N,2012,5.49275,A,0,2,
OECD.SDD.STES:DSD_STES@DF_FINMARK(4.0),ITA,A,IRLT,PA,_Z,_Z,_Z,_Z,N,2013,4.316417,A,0,2,
OECD.SDD.STES:DSD_STES@DF_FINMARK(4.0),ITA,A,IRLT,PA,_Z,_Z,_Z,_Z,N,2014,2.893167,A,0,2,
OECD.SDD.STES:DSD_STES@DF_FINMARK(4.0),ITA,A,IRLT,PA,_Z,_Z,_Z,_Z,N,2015,1.713917,A,0,2,
OECD.SDD.STES:DSD_STES@DF_FINMARK(4.0),ITA,A,IRLT,PA,_Z,_Z,_Z,_Z,N,2016,1.486333,A,0,2,
OECD.SDD.STES:DSD_STES@DF_FINMARK(4.0),ITA,A,IRLT,PA,_Z,_Z,_Z,_Z,N,2017,2.113,A,0,2,
OECD.SDD.STES:DSD_STES@DF_FINMARK(4.0),ITA,A,IRLT,PA,_Z,_Z,_Z,_Z,N,2018,2.610333,A,0,2,
OECD.SDD.STES:DSD_STES@DF_FINMARK(4.0),ITA,A,IRLT,PA,_Z,_Z,_Z,_Z,N,2019,1.9515,A,0,2,
OECD.SDD.STES:DSD_STES@DF_FINMARK(4.0),ITA,A,IRLT,PA,_Z,_Z,_Z,_Z,N,2020,1.168167,A,0,2,
OECD.SDD.STES:DSD_STES@DF_FINMARK(4.0),ITA,A,IRLT,PA,_Z,_Z,_Z,_Z,N,2021,0.8109167,A,0,2,
OECD.SDD.STES:DSD_STES@DF_FINMARK(4.0),ITA,A,IRLT,PA,_Z,_Z,_Z,_Z,N,2022,3.15675,A,0,2,
OECD.SDD.STES:DSD_STES@DF_FINMARK(4.0),ITA,A,IRLT,PA,_Z,_Z,_Z,_Z,N,2023,4.28325,A,0,2,
OECD.SDD.STES:DSD_STES@DF_FINMARK(4.0),LUX,A,IRLT,PA,_Z,_Z,_Z,_Z,N,1998,4.72125,A,0,2,
OECD.SDD.STES:DSD_STES@DF_FINMARK(4.0),LUX,A,IRLT,PA,_Z,_Z,_Z,_Z,N,2005,2.412667,A,0,2,
OECD.SDD.STES:DSD_STES@DF_FINMARK(4.0),LUX,A,IRLT,PA,_Z,_Z,_Z,_Z,N,2014,1.336833,A,0,2,
OECD.SDD.STES:DSD_STES@DF_FINMARK(4.0),LUX,A,IRLT,PA,_Z,_Z,_Z,_Z,N,2015,0.36875,A,0,2,
OECD.SDD.STES:DSD_STES@DF_FINMARK(4.0),LUX,A,IRLT,PA,_Z,_Z,_Z,_Z,N,2016,0.25425,A,0,2,
OECD.SDD.STES:DSD_STES@DF_FINMARK(4.0),NLD,A,IRLT,PA,_Z,_Z,_Z,_Z,N,1986,6.314083,A,0,2,
OECD.SDD.STES:DSD_STES@DF_FINMARK(4.0),NLD,A,IRLT,PA,_Z,_Z,_Z,_Z,N,1987,6.40125,A,0,2,
OECD.SDD.STES:DSD_STES@DF_FINMARK(4.0),NLD,A,IRLT,PA,_Z,_Z,_Z,_Z,N,1988,6.401917,A,0,2,
OECD.SDD.STES:DSD_STES@DF_FINMARK(4.0),NLD,A,IRLT,PA,_Z,_Z,_Z,_Z,N,1989,7.212833,A,0,2,
OECD.SDD.STES:DSD_STES@DF_FINMARK(4.0),NLD,A,IRLT,PA,_Z,_Z,_Z,_Z,N,1990,8.920083,A,0,2,
OECD.SDD.STES:DSD_STES@DF_FINMARK(4.0),NLD,A,IRLT,PA,_Z,_Z,_Z,_Z,N,1991,8.736667,A,0,2,
OECD.SDD.STES:DSD_STES@DF_FINMARK(4.0),NLD,A,IRLT,PA,_Z,_Z,_Z,_Z,N,1992,8.10075,A,0,2,
OECD.SDD.STES:DSD_STES@DF_FINMARK(4.0),NLD,A,IRLT,PA,_Z,_Z,_Z,_Z,N,1993,6.362833,A,0,2,
OECD.SDD.STES:DSD_STES@DF_FINMARK(4.0),NLD,A,IRLT,PA,_Z,_Z,_Z,_Z,N,1994,6.856417,A,0,2,
OECD.SDD.STES:DSD_STES@DF_FINMARK(4.0),NLD,A,IRLT,PA,_Z,_Z,_Z,_Z,N,1995,6.895583,A,0,2,
OECD.SDD.STES:DSD_STES@DF_FINMARK(4.0),NLD,A,IRLT,PA,_Z,_Z,_Z,_Z,N,1996,6.149833,A,0,2,
OECD.SDD.STES:DSD_STES@DF_FINMARK(4.0),NLD,A,IRLT,PA,_Z,_Z,_Z,_Z,N,1997,5.576583,A,0,2,
OECD.SDD.STES:DSD_STES@DF_FINMARK(4.0),NLD,A,IRLT,PA,_Z,_Z,_Z,_Z,N,1998,4.633584,A,0,2,
OECD.SDD.STES:DSD_STES@DF_FINMARK(4.0),NLD,A,IRLT,PA,_Z,_Z,_Z,_Z,N,1999,4.630583,A,0,2,
OECD.SDD.STES:DSD_STES@DF_FINMARK(4.0),NLD,A,IRLT,PA,_Z,_Z,_Z,_Z,N,2000,5.403333,A,0,2,
OECD.SDD.STES:DSD_STES@DF_FINMARK(4.0),NLD,A,IRLT,PA,_Z,_Z,_Z,_Z,N,2001,4.957,A,0,2,
OECD.SDD.STES:DSD_STES@DF_FINMARK(4.0),NLD,A,IRLT,PA,_Z,_Z,_Z,_Z,N,2002,4.89025,A,0,2,
OECD.SDD.STES:DSD_STES@DF_FINMARK(4.0),NLD,A,IRLT,PA,_Z,_Z,_Z,_Z,N,2003,4.123167,A,0,2,
OECD.SDD.STES:DSD_STES@DF_FINMARK(4.0),NLD,A,IRLT,PA,_Z,_Z,_Z,_Z,N,2004,4.095,A,0,2,
OECD.SDD.STES:DSD_STES@DF_FINMARK(4.0),NLD,A,IRLT,PA,_Z,_Z,_Z,_Z,N,2005,3.373917,A,0,2,
OECD.SDD.STES:DSD_STES@DF_FINMARK(4.0),NLD,A,IRLT,PA,_Z,_Z,_Z,_Z,N,2006,3.781667,A,0,2,
OECD.SDD.STES:DSD_STES@DF_FINMARK(4.0),NLD,A,IRLT,PA,_Z,_Z,_Z,_Z,N,2007,4.28775,A,0,2,
OECD.SDD.STES:DSD_STES@DF_FINMARK(4.0),NLD,A,IRLT,PA,_Z,_Z,_Z,_Z,N,2008,4.22775,A,0,2,
OECD.SDD.STES:DSD_STES@DF_FINMARK(4.0),NLD,A,IRLT,PA,_Z,_Z,_Z,_Z,N,2009,3.686833,A,0,2,
OECD.SDD.STES:DSD_STES@DF_FINMARK(4.0),NLD,A,IRLT,PA,_Z,_Z,_Z,_Z,N,2010,2.990083,A,0,2,
OECD.SDD.STES:DSD_STES@DF_FINMARK(4.0),NLD,A,IRLT,PA,_Z,_Z,_Z,_Z,N,2011,2.988583,A,0,2,
OECD.SDD.STES:DSD_STES@DF_FINMARK(4.0),NLD,A,IRLT,PA,_Z,_Z,_Z,_Z,N,2012,1.93225,A,0,2,
OECD.SDD.STES:DSD_STES@DF_FINMARK(4.0),NLD,A,IRLT,PA,_Z,_Z,_Z,_Z,N,2013,1.960583,A,0,2,
OECD.SDD.STES:DSD_STES@DF_FINMARK(4.0),NLD,A,IRLT,PA,_Z,_Z,_Z,_Z,N,2015,0.6903333,A,0,2,
OECD.SDD.STES:DSD_STES@DF_FINMARK(4.0),NLD,A,IRLT,PA,_Z,_Z,_Z,_Z,N,2016,0.2910833,A,0,2,
OECD.SDD.STES:DSD_STES@DF_FINMARK(4.0),NZL,A,IRLT,PA,_Z,_Z,_Z,_Z,N,2018,2.748333,A,0,2,
OECD.SDD.STES:DSD_STES@DF_FINMARK(4.0),NZL,A,IRLT,PA,_Z,_Z,_Z,_Z,N,2019,1.6475,A,0,2,
OECD.SDD.STES:DSD_STES@DF_FINMARK(4.0),NZL,A,IRLT,PA,_Z,_Z,_Z,_Z,N,2020,0.8891667,A,0,2,
OECD.SDD.STES:DSD_STES@DF_FINMARK(4.0),NZL,A,IRLT,PA,_Z,_Z,_Z,_Z,N,2022,3.636667,A,0,2,
OECD.SDD.STES:DSD_STES@DF_FINMARK(4.0),NZL,A,IRLT,PA,_Z,_Z,_Z,_Z,N,2023,4.619167,A,0,2,
OECD.SDD.STES:DSD_STES@DF_FINMARK(4.0),NOR,A,IRLT,PA,_Z,_Z,_Z,_Z,N,2022,2.878413,A,0,2,
OECD.SDD.STES:DSD_STES@DF_FINMARK(4.0),NOR,A,IRLT,PA,_Z,_Z,_Z,_Z,N,2023,3.435551,A,0,2,
OECD.SDD.STES:DSD_STES@DF_FINMARK(4.0),PRT,A,IRLT,PA,_Z,_Z,_Z,_Z,N,2008,4.52,A,0,2,
OECD.SDD.STES:DSD_STES@DF_FINMARK(4.0),PRT,A,IRLT,PA,_Z,_Z,_Z,_Z,N,2010,5.396667,A,0,2,
OECD.SDD.STES:DSD_STES@DF_FINMARK(4.0),PRT,A,IRLT,PA,_Z,_Z,_Z,_Z,N,2011,10.24083,A,0,2,
OECD.SDD.STES:DSD_STES@DF_FINMARK(4.0),PRT,A,IRLT,PA,_Z,_Z,_Z,_Z,N,2014,3.753333,A,0,2,
OECD.SDD.STES:DSD_STES@DF_FINMARK(4.0),PRT,A,IRLT,PA,_Z,_Z,_Z,_Z,N,2016,3.1725,A,0,2,
OECD.SDD.STES:DSD_STES@DF_FINMARK(4.0),PRT,A,IRLT,PA,_Z,_Z,_Z,_Z,N,2018,1.84,A,0,2,
OECD.SDD.STES:DSD_STES@DF_FINMARK(4.0),ESP,A,IRLT,PA,_Z,_Z,_Z,_Z,N,1989,13.60058,A,0,2,
OECD.SDD.STES:DSD_STES@DF_FINMARK(4.0),ESP,A,IRLT,PA,_Z,_Z,_Z,_Z,N,1991,12.36055,A,0,2,
OECD.SDD.STES:DSD_STES@DF_FINMARK(4.0),ESP,A,IRLT,PA,_Z,_Z,_Z,_Z,N,1992,11.69519,A,0,2,
OECD.SDD.STES:DSD_STES@DF_FINMARK(4.0),ESP,A,IRLT,PA,_Z,_Z,_Z,_Z,N,1993,10.21079,A,0,2,
OECD.SDD.STES:DSD_STES@DF_FINMARK(4.0),ESP,A,IRLT,PA,_Z,_Z,_Z,_Z,N,1994,9.997791,A,0,2,
OECD.SDD.STES:DSD_STES@DF_FINMARK(4.0),ESP,A,IRLT,PA,_Z,_Z,_Z,_Z,N,1995,11.27094,A,0,2,
OECD.SDD.STES:DSD_STES@DF_FINMARK(4.0),ESP,A,IRLT,PA,_Z,_Z,_Z,_Z,N,1996,8.736462,A,0,2,
OECD.SDD.STES:DSD_STES@DF_FINMARK(4.0),ESP,A,IRLT,PA,_Z,_Z,_Z,_Z,N,1997,6.401535,A,0,2,
OECD.SDD.STES:DSD_STES@DF_FINMARK(4.0),ESP,A,IRLT,PA,_Z,_Z,_Z,_Z,N,1998,4.832926,A,0,2,
OECD.SDD.STES:DSD_STES@DF_FINMARK(4.0),ESP,A,IRLT,PA,_Z,_Z,_Z,_Z,N,1999,4.727312,A,0,2,
OECD.SDD.STES:DSD_STES@DF_FINMARK(4.0),ESP,A,IRLT,PA,_Z,_Z,_Z,_Z,N,2000,5.525866,A,0,2,
OECD.SDD.STES:DSD_STES@DF_FINMARK(4.0),ESP,A,IRLT,PA,_Z,_Z,_Z,_Z,N,2001,5.115284,A,0,2,
OECD.SDD.STES:DSD_STES@DF_FINMARK(4.0),ESP,A,IRLT,PA,_Z,_Z,_Z,_Z,N,2002,4.957641,A,0,2,
OECD.SDD.STES:DSD_STES@DF_FINMARK(4.0),ESP,A,IRLT,PA,_Z,_Z,_Z,_Z,N,2003,4.123044,A,0,2,
OECD.SDD.STES:DSD_STES@DF_FINMARK(4.0),ESP,A,IRLT,PA,_Z,_Z,_Z,_Z,N,2004,4.104143,A,0,2,
OECD.SDD.STES:DSD_STES@DF_FINMARK(4.0),ESP,A,IRLT,PA,_Z,_Z,_Z,_Z,N,2005,3.386349,A,0,2,
OECD.SDD.STES:DSD_STES@DF_FINMARK(4.0),ESP,A,IRLT,PA,_Z,_Z,_Z,_Z,N,2006,3.78431,A,0,2,
OECD.SDD.STES:DSD_STES@DF_FINMARK(4.0),ESP,A,IRLT,PA,_Z,_Z,_Z,_Z,N,2007,4.306627,A,0,2,
OECD.SDD.STES:DSD_STES@DF_FINMARK(4.0),ESP,A,IRLT,PA,_Z,_Z,_Z,_Z,N,2008,4.363732,A,0,2,
OECD.SDD.STES:DSD_STES@DF_FINMARK(4.0),ESP,A,IRLT,PA,_Z,_Z,_Z,_Z,N,2009,3.974298,A,0,2,
OECD.SDD.STES:DSD_STES@DF_FINMARK(4.0),ESP,A,IRLT,PA,_Z,_Z,_Z,_Z,N,2010,4.250001,A,0,2,
OECD.SDD.STES:DSD_STES@DF_FINMARK(4.0),ESP,A,IRLT,PA,_Z,_Z,_Z,_Z,N,2011,5.436894,A,0,2,
OECD.SDD.STES:DSD_STES@DF_FINMARK(4.0),ESP,A,IRLT,PA,_Z,_Z,_Z,_Z,N,2012,5.846537,A,0,2,
OECD.SDD.STES:DSD_STES@DF_FINMARK(4.0),ESP,A,IRLT,PA,_Z,_Z,_Z,_Z,N,2013,4.561962,A,0,2,
OECD.SDD.STES:DSD_STES@DF_FINMARK(4.0),ESP,A,IRLT,PA,_Z,_Z,_Z,_Z,N,2014,2.721831,A,0,2,
OECD.SDD.STES:DSD_STES@DF_FINMARK(4.0),ESP,A,IRLT,PA,_Z,_Z,_Z,_Z,N,2015,1.735087,A,0,2,
OECD.SDD.STES:DSD_STES@DF_FINMARK(4.0),ESP,A,IRLT,PA,_Z,_Z,_Z,_Z,N,2016,1.393302,A,0,2,
OECD.SDD.STES:DSD_STES@DF_FINMARK(4.0),ESP,A,IRLT,PA,_Z,_Z,_Z,_Z,N,2017,1.557866,A,0,2,
OECD.SDD.STES:DSD_STES@DF_FINMARK(4.0),ESP,A,IRLT,PA,_Z,_Z,_Z,_Z,N,2018,1.419352,A,0,2,
OECD.SDD.STES:DSD_STES@DF_FINMARK(4.0),ESP,A,IRLT,PA,_Z,_Z,_Z,_Z,N,2019,0.6610183,A,0,2,
OECD.SDD.STES:DSD_STES@DF_FINMARK(4.0),ESP,A,IRLT,PA,_Z,_Z,_Z,_Z,N,2020,0.3794776,A,0,2,
OECD.SDD.STES:DSD_STES@DF_FINMARK(4.0),ESP,A,IRLT,PA,_Z,_Z,_Z,_Z,N,2021,0.3487502,A,0,2,
OECD.SDD.STES:DSD_STES@DF_FINMARK(4.0),ESP,A,IRLT,PA,_Z,_Z,_Z,_Z,N,2022,2.198559,A,0,2,
OECD.SDD.STES:DSD_STES@DF_FINMARK(4.0),ESP,A,IRLT,PA,_Z,_Z,_Z,_Z,N,2023,3.486507,A,0,2,
OECD.SDD.STES:DSD_STES@DF_FINMARK(4.0),EA19,A,IRLT,PA,_Z,_Z,_Z,_Z,N,2009,4.028616,A,0,2,
OECD.SDD.STES:DSD_STES@DF_FINMARK(4.0),EA19,A,IRLT,PA,_Z,_Z,_Z,_Z,N,2010,3.781404,A,0,2,
OECD.SDD.STES:DSD_STES@DF_FINMARK(4.0),EA19,A,IRLT,PA,_Z,_Z,_Z,_Z,N,2011,4.307952,A,0,2,
OECD.SDD.STES:DSD_STES@DF_FINMARK(4.0),EA19,A,IRLT,PA,_Z,_Z,_Z,_Z,N,2012,3.047651,A,0,2,
OECD.SDD.STES:DSD_STES@DF_FINMARK(4.0),EA19,A,IRLT,PA,_Z,_Z,_Z,_Z,N,2013,3.011776,A,0,2,
OECD.SDD.STES:DSD_STES@DF_FINMARK(4.0),EA19,A,IRLT,PA,_Z,_Z,_Z,_Z,N,2014,2.28135,A,0,2,
OECD.SDD.STES:DSD_STES@DF_FINMARK(4.0),EA19,A,IRLT,PA,_Z,_Z,_Z,_Z,N,2015,1.267475,A,0,2,
OECD.SDD.STES:DSD_STES@DF_FINMARK(4.0),EA19,A,IRLT,PA,_Z,_Z,_Z,_Z,N,2016,0.9285654,A,0,2,
OECD.SDD.STES:DSD_STES@DF_FINMARK(4.0),EA19,A,IRLT,PA,_Z,_Z,_Z,_Z,N,2017,1.170734,A,0,2,
OECD.SDD.STES:DSD_STES@DF_FINMARK(4.0),EA19,A,IRLT,PA,_Z,_Z,_Z,_Z,N,2018,1.264053,A,0,2,
OECD.SDD.STES:DSD_STES@DF_FINMARK(4.0),EA19,A,IRLT,PA,_Z,_Z,_Z,_Z,N,2019,0.5846146,A,0,2,
OECD.SDD.STES:DSD_STES@DF_FINMARK(4.0),EA19,A,IRLT,PA,_Z,_Z,_Z,_Z,N,2020,0.2135828,A,0,2,
OECD.SDD.STES:DSD_STES@DF_FINMARK(4.0),EA19,A,IRLT,PA,_Z,_Z,_Z,_Z,N,2021,0.1997003,A,0,2,
OECD.SDD.STES:DSD_STES@DF_FINMARK(4.0),EA19,A,IRLT,PA,_Z,_Z,_Z,_Z,N,2022,2.04145,A,0,2,
OECD.SDD.STES:DSD_STES@DF_FINMARK(4.0),EA19,A,IRLT,PA,_Z,_Z,_Z,_Z,N,2023,3.265134,A,0,2,
OECD.SDD.STES:DSD_STES@DF_FINMARK(4.0),IND,A,IRLT,PA,_Z,_Z,_Z,_Z,N,2012,8.26,A,0,2,
OECD.SDD.STES:DSD_STES@DF_FINMARK(4.0),IND,A,IRLT,PA,_Z,_Z,_Z,_Z,N,2013,8.109167,A,0,2,
OECD.SDD.STES:DSD_STES@DF_FINMARK(4.0),IND,A,IRLT,PA,_Z,_Z,_Z,_Z,N,2014,8.586667,A,0,2,
OECD.SDD.STES:DSD_STES@DF_FINMARK(4.0),IND,A,IRLT,PA,_Z,_Z,_Z,_Z,N,2015,7.776667,A,0,2,
OECD.SDD.STES:DSD_STES@DF_FINMARK(4.0),IND,A,IRLT,PA,_Z,_Z,_Z,_Z,N,2016,7.205,A,0,2,
OECD.SDD.STES:DSD_STES@DF_FINMARK(4.0),IND,A,IRLT,PA,_Z,_Z,_Z,_Z,N,2017,6.9225,A,0,2,
OECD.SDD.STES:DSD_STES@DF_FINMARK(4.0),IND,A,IRLT,PA,_Z,_Z,_Z,_Z,N,2018,7.704167,A,0,2,
OECD.SDD.STES:DSD_STES@DF_FINMARK(4.0),IND,A,IRLT,PA,_Z,_Z,_Z,_Z,N,2019,6.996666,A,0,2,
OECD.SDD.STES:DSD_STES@DF_FINMARK(4.0),IND,A,IRLT,PA,_Z,_Z,_Z,_Z,N,2020,6.191667,A,0,2,
OECD.SDD.STES:DSD_STES@DF_FINMARK(4.0),IND,A,IRLT,PA,_Z,_Z,_Z,_Z,N,2021,6.2575,A,0,2,
OECD.SDD.STES:DSD_STES@DF_FINMARK(4.0),IND,A,IRLT,PA,_Z,_Z,_Z,_Z,N,2022,7.191667,A,0,2,
OECD.SDD.STES:DSD_STES@DF_FINMARK(4.0),IND,A,IRLT,PA,_Z,_Z,_Z,_Z,N,2023,7.218333,A,0,2,
OECD.SDD.STES:DSD_STES@DF_FINMARK(4.0),AUT,A,IRLT,PA,_Z,_Z,_Z,_Z,N,2024,2.842708,A,0,2,
OECD.SDD.STES:DSD_STES@DF_FINMARK(4.0),CAN,A,IRLT,PA,_Z,_Z,_Z,_Z,N,2024,3.339469,A,0,2,
OECD.SDD.STES:DSD_STES@DF_FINMARK(4.0),CRI,A,IRLT,PA,_Z,_Z,_Z,_Z,N,2024,6.521667,A,0,2,
OECD.SDD.STES:DSD_STES@DF_FINMARK(4.0),DNK,A,IRLT,PA,_Z,_Z,_Z,_Z,N,2024,2.303083,A,0,2,
OECD.SDD.STES:DSD_STES@DF_FINMARK(4.0),EST,A,IRLT,PA,_Z,_Z,_Z,_Z,N,2024,3.546667,A,0,2,
OECD.SDD.STES:DSD_STES@DF_FINMARK(4.0),FIN,A,IRLT,PA,_Z,_Z,_Z,_Z,N,2024,2.852968,A,0,2,
OECD.SDD.STES:DSD_STES@DF_FINMARK(4.0),FRA,A,IRLT,PA,_Z,_Z,_Z,_Z,N,2024,2.969167,A,0,2,
OECD.SDD.STES:DSD_STES@DF_FINMARK(4.0),GRC,A,IRLT,PA,_Z,_Z,_Z,_Z,N,2024,3.35,A,0,2,
OECD.SDD.STES:DSD_STES@DF_FINMARK(4.0),HUN,A,IRLT,PA,_Z,_Z,_Z,_Z,N,2024,6.500834,A,0,2,
OECD.SDD.STES:DSD_STES@DF_FINMARK(4.0),IRL,A,IRLT,PA,_Z,_Z,_Z,_Z,N,2024,2.717583,A,0,2,
OECD.SDD.STES:DSD_STES@DF_FINMARK(4.0),ITA,A,IRLT,PA,_Z,_Z,_Z,_Z,N,2024,3.707417,A,0,2,
OECD.SDD.STES:DSD_STES@DF_FINMARK(4.0),LVA,A,IRLT,PA,_Z,_Z,_Z,_Z,N,2024,3.2875,A,0,2,
OECD.SDD.STES:DSD_STES@DF_FINMARK(4.0),LTU,A,IRLT,PA,_Z,_Z,_Z,_Z,N,2024,2.88,A,0,2,
OECD.SDD.STES:DSD_STES@DF_FINMARK(4.0),LUX,A,IRLT,PA,_Z,_Z,_Z,_Z,N,2024,2.763917,A,0,2,
OECD.SDD.STES:DSD_STES@DF_FINMARK(4.0),NLD,A,IRLT,PA,_Z,_Z,_Z,_Z,N,2024,2.6205,A,0,2,
OECD.SDD.STES:DSD_STES@DF_FINMARK(4.0),NZL,A,IRLT,PA,_Z,_Z,_Z,_Z,N,2024,4.559166,A,0,2,
OECD.SDD.STES:DSD_STES@DF_FINMARK(4.0),NOR,A,IRLT,PA,_Z,_Z,_Z,_Z,N,2024,3.571828,A,0,2,
OECD.SDD.STES:DSD_STES@DF_FINMARK(4.0),SVK,A,IRLT,PA,_Z,_Z,_Z,_Z,N,2024,3.473461,A,0,2,
OECD.SDD.STES:DSD_STES@DF_FINMARK(4.0),SVN,A,IRLT,PA,_Z,_Z,_Z,_Z,N,2024,3.109167,A,0,2,
OECD.SDD.STES:DSD_STES@DF_FINMARK(4.0),ESP,A,IRLT,PA,_Z,_Z,_Z,_Z,N,2024,3.153795,A,0,2,
OECD.SDD.STES:DSD_STES@DF_FINMARK(4.0),GBR,A,IRLT,PA,_Z,_Z,_Z,_Z,N,2024,4.144242,A,0,2,
OECD.SDD.STES:DSD_STES@DF_FINMARK(4.0),EA19,A,IRLT,PA,_Z,_Z,_Z,_Z,N,2024,2.975305,A,0,2,
OECD.SDD.STES:DSD_STES@DF_FINMARK(4.0),BGR,A,IRLT,PA,_Z,_Z,_Z,_Z,N,2024,3.930833,A,0,2,
OECD.SDD.STES:DSD_STES@DF_FINMARK(4.0),CHN,A,IRLT,PA,_Z,_Z,_Z,_Z,N,2024,2.181667,A,0,2,
OECD.SDD.STES:DSD_STES@DF_FINMARK(4.0),HRV,A,IRLT,PA,_Z,_Z,_Z,_Z,N,2024,3.31,A,0,2,
OECD.SDD.STES:DSD_STES@DF_FINMARK(4.0),IDN,A,IRLT,PA,_Z,_Z,_Z,_Z,N,2024,6.793334,A,0,2,
OECD.SDD.STES:DSD_STES@DF_FINMARK(4.0),ROU,A,IRLT,PA,_Z,_Z,_Z,_Z,N,2024,6.316667,A,0,2,
OECD.SDD.STES:DSD_STES@DF_FINMARK(4.0),AUS,A,IRLT,PA,_Z,_Z,_Z,_Z,N,2024,4.20975,A,0,2,
OECD.SDD.STES:DSD_STES@DF_FINMARK(4.0),BEL,A,IRLT,PA,_Z,_Z,_Z,_Z,N,2024,2.925,A,0,2,
OECD.SDD.STES:DSD_STES@DF_FINMARK(4.0),CHL,A,IRLT,PA,_Z,_Z,_Z,_Z,N,2024,5.788938,A,0,2,
OECD.SDD.STES:DSD_STES@DF_FINMARK(4.0),CZE,A,IRLT,PA,_Z,_Z,_Z,_Z,N,2024,3.979914,A,0,2,
OECD.SDD.STES:DSD_STES@DF_FINMARK(4.0),DEU,A,IRLT,PA,_Z,_Z,_Z,_Z,N,2024,2.321084,A,0,2,
OECD.SDD.STES:DSD_STES@DF_FINMARK(4.0),ISR,A,IRLT,PA,_Z,_Z,_Z,_Z,N,2024,4.676667,A,0,2,
OECD.SDD.STES:DSD_STES@DF_FINMARK(4.0),JPN,A,IRLT,PA,_Z,_Z,_Z,_Z,N,2024,0.9183334,A,0,2,
OECD.SDD.STES:DSD_STES@DF_FINMARK(4.0),KOR,A,IRLT,PA,_Z,_Z,_Z,_Z,N,2024,3.21925,A,0,2,
OECD.SDD.STES:DSD_STES@DF_FINMARK(4.0),POL,A,IRLT,PA,_Z,_Z,_Z,_Z,N,2024,5.525,A,0,2,
OECD.SDD.STES:DSD_STES@DF_FINMARK(4.0),PRT,A,IRLT,PA,_Z,_Z,_Z,_Z,N,2024,2.9575,A,0,2,
OECD.SDD.STES:DSD_STES@DF_FINMARK(4.0),SWE,A,IRLT,PA,_Z,_Z,_Z,_Z,N,2024,2.20027,A,0,2,
OECD.SDD.STES:DSD_STES@DF_FINMARK(4.0),CHE,A,IRLT,PA,_Z,_Z,_Z,_Z,N,2024,0.5693333,A,0,2,
OECD.SDD.STES:DSD_STES@DF_FINMARK(4.0),USA,A,IRLT,PA,_Z,_Z,_Z,_Z,N,2024,4.208333,A,0,2,
OECD.SDD.STES:DSD_STES@DF_FINMARK(4.0),BRA,A,IRLT,PA,_Z,_Z,_Z,_Z,N,2024,6.885,A,0,2,
OECD.SDD.STES:DSD_STES@DF_FINMARK(4.0),IND,A,IRLT,PA,_Z,_Z,_Z,_Z,N,2024,6.976666,A,0,2,
OECD.SDD.STES:DSD_STES@DF_FINMARK(4.0),ZAF,A,IRLT,PA,_Z,_Z,_Z,_Z,N,2024,11.16963,A,0,2,
