freq,unit,geo\TIME_PERIOD,1993,1994,1995,1996,1997,1998,1999,2000,2001,2002,2003,2004,2005,2006,2007,2008,2009,2010,2011,2012,2013,2014,2015,2016,2017,2018,2019,2020,2021,2022,2023,2024
A,HAB_P,AT,128.89,129.86,130.56,131.88,133.25,135.51,137.15,139.13,140.36,140.41,141.05,140.16,140.06,139.83,137.76,138.38,138.27,138.4,137.52,136.94,136.66,136.68,136.0,136.63,136.7,137.8,139.1,141.82,144.62,148.86,151.42,NaN
A,HAB_P,AT11,173.63,169.61,168.35,172.1,173.53,179.25,180.02,182.26,180.35,177.95,188.22,185.6,186.31,179.69,177.3,180.24,182.37,182.26,190.91,171.0,168.54,169.42,170.7,167.01,161.85,165.59,170.3,174.07,181.97,188.79,185.37,NaN
A,HAB_P,AT12,150.14,151.35,150.52,152.19,153.31,156.21,157.35,160.25,160.95,163.39,164.03,161.82,160.5,158.54,152.81,150.72,150.28,147.32,149.05,147.89,147.59,145.37,145.42,146.81,149.51,148.69,148.95,148.73,151.07,154.68,154.48,NaN
A,HAB_P,AT13,130.47,129.28,129.03,131.44,131.22,134.33,136.21,137.01,139.43,137.23,138.32,140.5,142.52,143.97,141.66,143.27,141.16,141.25,138.25,139.24,136.38,133.11,127.91,128.59,128.93,132.5,132.99,137.47,142.58,148.16,151.39,NaN
A,HAB_P,AT21,101.05,103.25,105.94,109.13,108.06,108.84,108.6,110.44,110.42,110.16,109.0,110.33,109.09,107.03,106.1,107.81,110.31,111.9,112.82,113.57,115.09,116.62,116.89,119.53,123.45,122.13,124.39,130.87,129.17,130.98,133.22,NaN
A,HAB_P,AT22,105.33,107.04,108.59,105.93,109.66,111.51,114.05,116.82,118.84,119.88,120.52,117.46,118.4,118.24,114.44,114.44,114.66,116.1,117.29,117.88,118.65,121.84,122.43,123.26,122.08,122.81,124.8,127.49,128.11,132.5,137.12,NaN
A,HAB_P,AT31,128.52,130.96,133.43,134.77,137.95,139.99,141.06,142.24,142.76,144.58,145.37,144.54,141.06,141.81,142.24,143.46,144.05,143.17,143.57,145.22,146.76,149.18,149.78,150.09,146.26,146.03,147.78,148.24,152.52,156.73,160.81,NaN
A,HAB_P,AT32,112.32,112.08,108.89,110.62,111.89,113.75,113.61,117.48,117.16,117.83,116.86,115.17,115.86,116.55,116.59,115.99,116.55,115.86,113.57,109.06,109.34,109.81,111.49,110.4,112.21,113.52,115.04,120.18,125.37,124.42,126.51,NaN
A,HAB_P,AT33,150.28,152.59,154.3,158.78,158.22,158.52,161.99,162.72,163.32,160.68,160.58,156.64,157.46,156.74,157.82,159.12,157.82,162.55,153.9,151.15,149.27,149.12,150.82,150.52,149.42,149.68,150.3,151.41,152.6,161.89,163.53,NaN
A,HAB_P,AT34,159.44,160.02,163.0,166.72,165.32,168.43,174.85,175.79,181.45,176.97,179.55,179.8,181.37,181.2,182.04,188.66,188.3,190.48,178.09,176.74,177.53,177.29,177.85,179.06,179.47,186.61,188.89,191.25,187.3,190.31,192.54,NaN
A,HAB_P,BE,154.3,158.76,160.2,161.77,162.68,164.22,164.9,166.26,168.21,169.54,169.11,169.55,169.89,170.95,172.04,171.17,172.47,171.89,171.53,172.32,173.18,174.65,174.22,175.39,177.82,178.3,179.62,180.72,182.08,183.73,185.49,185.97
A,HAB_P,BE10,131.78,134.91,135.68,135.5,135.2,136.46,136.33,136.56,135.65,136.43,136.5,136.61,136.67,136.69,137.41,140.79,140.25,141.15,141.3,141.69,142.07,144.35,138.53,139.4,141.12,141.12,141.6,142.08,142.42,144.01,146.08,146.73
A,HAB_P,BE21,157.63,163.44,162.6,164.85,166.22,166.93,167.73,167.72,169.41,173.07,171.55,173.39,173.52,176.68,184.63,174.97,181.97,174.99,175.38,175.42,176.15,177.51,177.47,177.85,180.07,181.09,182.71,183.9,185.42,187.61,189.52,189.31
A,HAB_P,BE22,179.33,185.36,187.79,189.41,189.74,189.74,190.15,190.19,193.77,196.51,198.15,198.2,198.6,199.24,199.28,199.51,198.92,199.1,199.24,201.16,206.66,206.13,205.98,206.23,207.25,207.25,207.81,208.69,210.37,212.2,214.02,214.7
A,HAB_P,BE23,154.71,158.54,158.52,159.88,160.86,162.5,162.5,160.2,161.27,159.06,159.49,159.64,159.54,161.72,160.44,160.22,160.22,161.2,161.36,162.88,163.3,163.5,164.37,164.87,165.88,166.17,167.11,168.68,170.56,172.41,174.49,175.23
A,HAB_P,BE24,193.1,197.49,197.63,200.11,201.17,207.57,211.25,207.76,222.74,228.14,223.82,223.95,225.5,228.28,225.76,225.98,226.7,226.16,226.65,230.85,232.58,232.77,236.23,236.71,237.74,236.71,248.23,250.43,254.09,256.85,263.04,264.1
A,HAB_P,BE25,128.43,131.67,132.98,135.13,136.3,137.02,137.02,145.07,145.02,143.23,143.23,143.44,143.82,144.04,144.16,144.29,147.21,144.69,144.29,145.18,146.35,146.56,146.31,146.42,147.09,148.62,151.91,152.65,153.84,155.23,156.45,156.9
A,HAB_P,BE31,254.9,259.65,259.65,259.15,259.15,259.15,255.87,303.28,303.73,303.73,303.73,303.73,303.73,303.73,303.73,303.73,303.73,304.88,305.34,305.34,305.8,397.51,397.51,401.46,426.45,427.35,424.16,429.05,438.41,441.42,443.91,443.19
A,HAB_P,BE32,125.17,131.53,137.64,139.91,142.02,144.52,146.68,149.78,151.57,152.81,153.8,154.49,155.56,155.56,156.05,155.56,155.33,159.41,156.1,156.23,156.76,157.03,157.27,160.21,164.92,164.92,163.78,164.2,165.01,165.91,166.21,167.0
A,HAB_P,BE33,161.28,163.53,163.82,163.99,163.39,164.43,164.82,164.21,165.71,169.74,166.9,166.53,166.53,166.8,167.23,167.81,167.05,166.93,166.93,166.98,167.25,167.79,169.87,172.83,175.87,176.68,174.9,176.33,176.71,177.43,178.29,178.35
A,HAB_P,BE34,222.24,230.45,238.31,237.91,242.34,243.57,242.34,242.34,238.11,239.9,241.72,242.34,243.99,243.99,243.99,243.99,243.99,243.99,243.99,243.99,243.99,243.99,243.99,243.99,245.45,245.45,246.7,248.86,250.91,253.45,255.28,255.73
A,HAB_P,BE35,180.03,180.29,179.9,183.49,184.17,184.17,184.79,176.96,182.41,186.52,186.52,186.45,186.17,186.17,186.17,186.66,186.8,186.8,187.08,187.08,185.48,184.44,184.1,186.45,194.02,194.55,195.05,195.76,196.53,197.74,198.71,199.04
A,HAB_P,BG,74.95,77.41,76.47,76.12,78.03,96.0,108.3,110.06,116.95,130.59,135.53,139.68,134.29,139.65,136.7,134.61,133.17,136.19,140.62,137.95,134.57,129.39,128.32,128.61,126.35,125.33,122.54,120.83,119.42,118.18,115.69,NaN
A,HAB_P,BG31,57.34,57.94,58.0,58.11,61.21,78.04,88.35,94.38,103.41,126.14,130.12,129.33,128.55,133.77,127.52,128.52,125.22,132.47,133.89,136.2,132.59,130.88,126.98,129.12,122.85,124.72,122.28,118.74,112.83,110.1,105.36,NaN
A,HAB_P,BG32,60.67,62.26,63.12,63.89,67.72,85.41,94.87,104.83,113.68,130.89,133.84,133.74,132.96,136.36,133.62,131.81,130.75,140.12,148.0,149.67,142.38,140.58,136.76,141.97,141.58,140.28,137.65,132.23,127.85,126.7,127.97,NaN
A,HAB_P,BG33,79.33,81.07,80.81,81.22,84.29,104.15,115.75,129.25,133.71,153.21,158.19,163.32,169.84,177.83,178.39,178.72,173.51,183.3,184.34,189.55,186.03,181.2,173.41,180.58,177.6,172.56,169.6,168.94,171.38,164.07,163.82,NaN
A,HAB_P,BG34,81.81,85.65,83.11,82.9,86.2,111.38,119.79,113.0,120.01,142.18,144.45,146.07,146.92,150.99,147.03,142.78,139.68,147.34,161.14,159.02,151.17,143.49,150.73,145.18,142.82,143.64,140.87,140.61,136.6,134.06,126.07,NaN
A,HAB_P,BG41,91.83,94.31,92.16,93.07,94.46,107.26,123.73,117.46,125.01,138.96,142.22,145.2,145.6,150.05,146.17,140.68,139.9,145.08,151.19,148.43,146.95,139.93,138.47,139.86,138.24,136.12,131.54,127.93,129.05,129.64,126.71,NaN
A,HAB_P,BG42,84.21,84.69,84.69,82.95,86.67,116.63,124.1,123.63,125.37,142.22,146.03,146.29,144.17,146.78,144.52,137.57,132.2,135.86,138.97,133.7,130.48,122.51,120.11,118.23,115.11,114.73,114.24,112.15,111.08,110.85,109.48,NaN
A,HAB_P,CH,NaN,NaN,NaN,NaN,NaN,181.34,180.99,189.16,195.78,197.3,199.91,203.94,207.41,211.78,211.11,214.41,216.17,210.26,213.95,214.78,217.79,220.42,218.11,217.67,217.25,216.86,217.7,223.18,225.55,226.21,229.02,NaN
A,HAB_P,CH01,NaN,NaN,NaN,NaN,NaN,196.22,202.21,194.11,196.98,195.85,196.62,199.15,200.1,207.13,209.17,209.89,212.8,206.98,203.09,199.58,205.25,202.21,199.1,198.4,197.78,198.36,199.48,208.4,215.99,217.76,219.31,NaN
A,HAB_P,CH02,NaN,NaN,NaN,NaN,NaN,177.21,180.22,204.02,210.18,213.6,219.78,219.47,222.41,225.65,229.59,231.23,233.36,226.16,229.2,230.52,232.38,244.74,235.14,236.3,238.07,233.91,234.68,242.95,245.46,245.24,247.85,NaN
A,HAB_P,CH03,NaN,NaN,NaN,NaN,NaN,160.26,150.42,158.53,161.35,160.44,162.07,165.82,171.41,173.53,182.25,179.43,179.71,177.24,181.42,179.99,184.6,184.01,188.25,189.48,187.0,186.31,184.63,187.9,185.27,182.89,183.56,NaN
A,HAB_P,CH04,NaN,NaN,NaN,NaN,NaN,182.52,184.92,189.32,199.92,199.94,202.34,206.71,209.33,217.56,219.13,217.97,220.17,228.51,234.64,235.3,241.54,241.04,238.92,241.85,237.99,243.24,243.61,252.8,260.36,262.97,269.09,NaN
A,HAB_P,CH05,NaN,NaN,NaN,NaN,NaN,165.24,163.04,166.55,176.36,183.08,181.81,193.63,198.97,201.63,177.75,195.73,197.87,177.91,186.54,193.44,193.38,198.87,198.4,194.47,199.01,197.63,200.69,200.89,202.33,203.12,204.64,NaN
A,HAB_P,CH06,NaN,NaN,NaN,NaN,NaN,275.43,268.51,294.91,306.7,310.21,312.95,309.5,311.16,312.71,313.8,316.98,317.35,308.44,311.16,319.35,315.14,321.24,315.63,308.33,304.17,300.91,302.67,301.45,297.72,304.69,313.78,NaN
A,HAB_P,CH07,NaN,NaN,NaN,NaN,NaN,141.0,142.3,151.71,157.18,157.53,168.42,173.72,178.28,178.28,183.55,187.55,187.15,181.48,190.17,189.16,185.87,185.48,185.58,183.27,180.65,180.65,182.32,182.65,178.02,177.44,182.78,NaN
A,HAB_P,CZ,NaN,NaN,121.32,124.93,128.57,130.4,133.87,133.15,134.21,134.51,135.11,136.53,137.76,139.68,141.05,142.14,142.75,138.55,142.78,145.3,150.16,150.55,150.43,150.2,150.64,150.41,150.92,151.37,150.02,152.85,156.09,NaN
A,HAB_P,CZ01,NaN,NaN,NaN,NaN,NaN,NaN,NaN,NaN,NaN,NaN,NaN,NaN,NaN,NaN,113.18,113.37,114.73,109.31,113.76,116.48,120.76,120.08,119.09,119.31,119.65,120.07,121.25,121.14,117.8,124.95,130.14,NaN
A,HAB_P,CZ02,NaN,NaN,NaN,NaN,NaN,NaN,NaN,NaN,NaN,NaN,NaN,NaN,NaN,NaN,198.63,198.28,191.92,185.95,190.64,189.79,199.49,200.08,199.93,198.57,199.49,197.08,200.38,201.88,202.9,208.18,210.94,NaN
A,HAB_P,CZ03,NaN,NaN,NaN,NaN,NaN,NaN,NaN,NaN,NaN,NaN,NaN,NaN,NaN,NaN,141.86,143.74,142.78,136.81,140.88,142.01,147.99,148.49,148.7,150.71,152.17,151.42,148.08,148.72,147.83,150.42,153.92,NaN
A,HAB_P,CZ04,NaN,NaN,NaN,NaN,NaN,NaN,NaN,NaN,NaN,NaN,NaN,NaN,NaN,NaN,145.65,146.7,146.82,147.03,151.14,154.19,157.81,158.59,159.13,157.12,156.72,158.34,159.84,159.33,157.61,158.97,160.68,NaN
A,HAB_P,CZ05,NaN,NaN,NaN,NaN,NaN,NaN,NaN,NaN,NaN,NaN,NaN,NaN,NaN,NaN,148.36,149.4,147.16,148.0,151.23,153.18,155.27,155.63,155.65,155.87,156.84,156.39,157.47,158.87,155.76,157.36,164.18,NaN
A,HAB_P,CZ06,NaN,NaN,NaN,NaN,NaN,NaN,NaN,NaN,NaN,NaN,NaN,NaN,NaN,NaN,129.8,130.56,131.8,128.75,133.99,135.91,141.48,142.27,142.49,141.4,140.73,139.42,140.92,140.86,140.09,141.54,144.49,NaN
A,HAB_P,CZ07,NaN,NaN,NaN,NaN,NaN,NaN,NaN,NaN,NaN,NaN,NaN,NaN,NaN,NaN,141.29,142.47,144.61,140.17,142.75,146.88,153.89,155.13,156.54,156.38,156.75,157.03,156.75,156.68,157.69,159.43,160.32,NaN
A,HAB_P,CZ08,NaN,NaN,NaN,NaN,NaN,NaN,NaN,NaN,NaN,NaN,NaN,NaN,NaN,NaN,135.83,138.71,144.82,135.29,139.5,144.49,146.39,146.57,145.03,144.73,145.8,146.35,145.58,146.27,145.02,145.45,145.69,NaN
A,HAB_P,DE,105.85,104.97,104.99,105.94,107.92,108.86,109.98,110.77,111.9,113.43,115.03,117.29,118.89,121.46,122.48,123.1,123.02,123.09,123.44,123.83,124.36,124.59,124.96,125.04,125.51,125.43,126.35,127.91,128.86,129.54,130.47,NaN
A,HAB_P,DK,NaN,NaN,NaN,NaN,236.62,241.1,248.63,253.24,256.86,252.0,260.58,270.53,277.78,281.67,288.01,296.0,300.9,299.21,333.05,NaN,336.76,382.63,403.76,390.43,386.12,383.72,385.67,386.47,397.98,403.76,429.54,NaN
A,HAB_P,DK01,NaN,NaN,NaN,NaN,NaN,NaN,NaN,NaN,NaN,NaN,NaN,NaN,NaN,NaN,257.91,263.84,267.61,237.03,302.65,NaN,309.38,415.47,413.97,319.62,329.72,333.62,336.03,334.1,342.44,358.51,370.44,NaN
A,HAB_P,DK02,NaN,NaN,NaN,NaN,NaN,NaN,NaN,NaN,NaN,NaN,NaN,NaN,NaN,NaN,299.91,312.33,304.49,342.08,319.0,NaN,322.32,329.55,329.42,354.7,340.55,356.36,362.67,361.87,373.19,373.19,415.12,NaN
A,HAB_P,DK03,NaN,NaN,NaN,NaN,NaN,NaN,NaN,NaN,NaN,NaN,NaN,NaN,NaN,NaN,298.3,310.81,317.34,332.88,334.71,NaN,343.06,346.66,437.22,456.3,438.01,411.62,395.87,399.53,421.02,414.99,455.11,NaN
A,HAB_P,DK04,NaN,NaN,NaN,NaN,NaN,NaN,NaN,NaN,NaN,NaN,NaN,NaN,NaN,NaN,315.5,320.71,335.11,355.02,398.51,NaN,374.77,429.49,423.57,470.83,457.62,446.02,460.99,462.97,461.97,475.75,509.46,NaN
A,HAB_P,DK05,NaN,NaN,NaN,NaN,NaN,NaN,NaN,NaN,NaN,NaN,NaN,NaN,NaN,NaN,300.13,306.37,311.55,324.04,332.07,NaN,363.6,365.63,395.81,459.67,442.1,437.5,443.83,453.64,484.5,456.93,468.73,NaN
A,HAB_P,EL,205.67,207.09,205.35,203.94,204.38,204.3,208.63,208.24,205.15,207.11,207.19,206.76,204.24,199.71,199.02,199.89,196.05,215.23,215.82,218.42,230.59,232.34,233.42,236.89,236.92,238.04,240.84,238.16,235.95,234.71,235.94,NaN
A,HAB_P,EL30,150.03,150.42,150.9,147.84,149.22,150.45,157.17,162.85,157.93,158.38,161.59,161.38,161.91,159.92,159.25,160.73,156.82,171.18,169.82,169.75,184.46,187.2,192.0,195.07,196.55,197.15,199.58,201.43,204.8,209.18,211.71,NaN
A,HAB_P,EL41,368.5,368.5,372.22,367.27,368.5,367.88,366.06,360.68,352.07,356.04,344.93,347.64,354.32,333.48,328.04,320.9,319.97,335.51,342.26,366.66,348.74,354.89,356.04,356.04,350.95,354.32,361.07,349.6,324.95,293.68,286.39,NaN
A,HAB_P,EL42,215.02,215.02,218.57,234.99,246.97,248.04,248.93,246.44,245.73,263.42,287.17,314.18,261.22,235.96,240.92,273.47,230.43,231.82,329.84,341.3,341.64,320.03,337.94,338.94,325.47,311.06,437.13,418.39,381.13,367.62,371.22,NaN
A,HAB_P,EL43,235.16,226.76,215.23,215.45,214.07,213.14,212.42,210.94,212.42,207.83,209.55,218.04,221.54,223.49,224.91,221.38,219.47,246.96,247.54,259.69,262.8,256.43,266.89,264.89,262.8,265.44,262.26,262.53,250.78,253.3,253.48,NaN
A,HAB_P,EL51,333.18,352.78,332.26,313.83,316.14,315.98,317.48,300.01,306.29,302.28,294.99,279.2,264.08,260.18,261.09,257.72,266.19,284.5,263.96,266.43,256.95,243.2,245.49,244.88,247.82,247.51,246.27,234.11,228.77,223.49,227.87,NaN
A,HAB_P,EL52,197.24,197.03,194.82,197.53,197.18,196.27,197.32,185.87,186.84,192.62,188.57,189.29,186.3,186.8,184.21,180.14,179.36,202.61,200.79,207.28,223.6,228.57,221.85,219.59,221.33,221.83,227.08,225.02,222.83,219.73,220.96,NaN
A,HAB_P,EL53,242.73,242.73,235.46,238.61,229.19,227.24,231.58,228.6,236.29,235.25,216.03,216.73,208.44,206.02,212.93,209.25,207.63,228.6,224.38,214.98,228.41,227.63,229.39,234.84,242.51,247.46,234.63,231.42,234.98,229.61,220.54,NaN
A,HAB_P,EL54,238.35,238.35,242.86,242.69,233.68,233.84,230.61,231.41,220.41,236.5,235.33,217.39,198.87,199.82,204.22,196.06,195.95,210.67,210.53,205.1,227.0,235.0,232.06,232.06,231.89,228.72,216.41,208.75,206.02,205.05,207.53,NaN
A,HAB_P,EL61,287.46,287.46,288.26,284.61,278.0,268.25,262.28,245.6,239.23,234.39,222.08,212.55,219.37,182.81,188.72,181.61,175.53,186.03,177.66,190.72,191.64,188.52,181.11,191.79,181.8,186.9,182.97,173.56,173.65,172.8,169.02,NaN
A,HAB_P,EL62,203.87,203.87,207.82,208.67,212.58,214.83,214.83,216.42,210.61,206.55,208.24,206.55,207.39,208.46,185.67,272.19,270.74,309.83,373.39,374.07,372.02,365.36,360.19,370.0,339.22,334.76,336.38,299.5,305.14,301.0,302.49,NaN
A,HAB_P,EL63,311.99,327.59,313.94,317.74,307.46,300.82,293.15,294.47,290.03,295.0,298.9,311.25,294.86,290.94,282.17,284.37,282.9,338.6,316.06,308.76,299.72,325.64,313.94,319.45,327.92,335.99,335.11,328.04,316.36,320.41,323.65,NaN
A,HAB_P,EL64,505.42,555.96,509.12,515.25,536.12,524.99,558.19,542.93,544.52,565.57,560.44,539.77,557.63,523.5,528.98,532.53,529.49,569.63,586.46,569.05,602.99,583.38,582.16,640.51,631.77,632.49,644.99,595.08,535.51,462.07,474.16,NaN
A,HAB_P,EL65,319.14,337.91,333.01,332.63,331.86,329.76,335.15,338.91,341.93,346.89,335.74,333.59,314.77,316.85,314.25,320.38,308.51,335.54,407.12,402.56,408.28,409.44,419.61,448.09,453.75,456.64,459.37,478.41,455.72,426.72,423.14,NaN
A,HAB_P,ES,295.19,298.02,303.4,305.79,310.01,312.77,313.53,316.85,320.55,321.13,323.77,321.63,321.66,320.83,319.52,319.32,320.68,323.69,329.5,335.39,339.62,340.3,339.09,340.32,338.57,337.4,339.32,338.34,337.93,339.99,346.76,NaN
A,HAB_P,ES11,247.66,250.09,251.91,255.46,260.94,263.72,269.24,272.12,274.55,279.41,282.54,271.98,274.52,273.13,272.72,272.23,273.77,272.64,283.99,280.98,291.63,297.64,295.88,298.53,299.86,300.86,303.32,302.46,310.94,311.91,313.64,NaN
A,HAB_P,ES12,239.56,246.2,252.09,247.51,248.53,253.72,254.79,249.81,266.42,255.69,263.33,270.02,266.15,266.15,266.08,270.87,272.32,279.01,285.41,286.85,290.52,298.59,299.64,300.17,293.61,293.19,288.97,286.91,284.1,282.13,283.34,NaN
A,HAB_P,ES13,260.75,262.99,260.86,256.61,260.98,263.94,277.14,286.69,280.07,280.34,278.73,281.29,278.33,285.43,275.82,281.15,286.13,295.43,305.51,308.26,312.73,306.15,302.02,304.07,306.79,305.35,304.81,287.76,300.5,308.9,321.32,NaN
A,HAB_P,ES21,231.3,244.61,250.86,252.8,261.49,263.66,263.62,267.77,270.9,270.94,275.18,274.12,270.67,272.99,273.03,274.05,277.58,278.28,284.7,288.1,297.7,301.04,303.16,307.23,307.4,313.45,309.98,304.3,305.44,303.88,306.65,NaN
A,HAB_P,ES22,240.26,245.41,250.21,253.51,250.21,258.33,280.05,282.6,283.82,289.23,291.95,290.0,290.26,306.77,281.5,277.08,275.79,275.44,274.52,295.65,301.11,304.19,308.21,307.2,307.05,305.05,299.57,293.37,301.21,310.13,309.04,NaN
A,HAB_P,ES23,308.56,324.07,333.3,330.51,317.55,319.48,357.43,368.69,357.83,355.82,353.04,322.42,337.21,332.6,333.3,336.14,355.42,338.29,339.38,343.82,319.16,314.71,315.34,312.22,311.3,316.6,311.72,305.33,311.74,313.12,312.6,NaN
A,HAB_P,ES24,231.13,237.45,243.18,244.66,251.66,251.32,257.55,260.49,262.72,262.67,262.2,263.72,264.88,262.3,268.38,263.14,261.78,264.03,266.38,273.21,272.87,270.63,271.69,270.41,267.67,267.73,276.06,273.98,273.96,276.69,282.98,NaN
A,HAB_P,ES30,308.78,308.42,318.97,325.76,331.68,338.76,344.26,353.28,363.45,363.29,363.09,365.32,353.61,351.54,351.39,341.37,346.26,351.76,351.8,357.31,362.28,363.45,367.32,370.26,369.11,366.45,364.8,365.13,370.85,378.47,387.7,NaN
A,HAB_P,ES41,194.31,199.81,204.62,217.94,219.45,226.68,225.05,222.92,224.15,232.49,234.39,236.68,245.02,243.92,268.12,268.57,267.08,267.79,262.79,269.17,278.42,280.93,280.5,287.2,285.73,283.24,285.47,282.29,278.18,279.14,287.74,NaN
A,HAB_P,ES42,399.13,392.97,393.35,395.11,391.31,397.5,402.68,410.97,415.16,415.5,420.04,419.0,421.0,409.32,397.34,387.22,378.3,387.74,392.37,431.79,445.68,446.76,430.79,423.27,426.1,429.7,428.89,428.92,407.09,413.66,414.38,NaN
A,HAB_P,ES43,259.58,256.65,265.59,267.92,269.54,275.24,283.42,277.17,279.93,275.45,273.9,288.86,287.0,289.8,279.63,272.85,279.34,273.97,276.95,283.87,277.24,280.89,296.98,302.79,304.69,302.87,299.06,286.22,283.14,288.17,288.03,NaN
A,HAB_P,ES51,250.93,255.71,255.03,256.26,262.29,265.19,262.37,262.43,264.09,257.69,261.56,254.04,255.47,250.41,249.74,250.34,251.15,253.12,263.64,266.33,272.47,270.5,269.06,266.83,263.2,261.14,262.58,263.32,267.06,267.99,273.62,NaN
A,HAB_P,ES52,405.9,414.22,426.0,424.22,433.82,429.41,427.57,437.47,446.51,440.17,441.14,434.08,433.93,426.55,409.56,412.92,409.16,406.23,417.48,429.52,430.78,429.89,428.89,428.52,427.2,425.64,432.58,420.07,421.82,436.58,455.1,NaN
A,HAB_P,ES53,360.39,352.49,372.32,350.57,337.79,333.41,341.98,346.79,340.97,344.52,349.62,354.65,358.6,363.21,340.77,338.08,346.48,345.03,352.06,352.38,352.06,345.44,330.27,327.93,333.5,328.02,338.56,345.26,360.58,356.48,369.84,NaN
A,HAB_P,ES61,389.47,377.82,384.61,386.13,389.33,389.13,391.3,391.41,397.48,405.37,412.77,414.19,420.63,421.6,418.33,429.85,432.55,449.06,453.39,463.25,457.04,461.15,454.86,460.87,455.38,456.12,457.89,455.53,434.39,421.94,432.09,NaN
A,HAB_P,ES62,409.03,428.17,431.14,398.75,405.58,392.45,382.19,391.42,381.6,405.58,392.66,374.98,361.27,353.14,339.01,331.99,330.74,326.68,321.82,320.02,321.2,318.86,314.23,313.83,318.11,313.37,308.11,323.92,319.49,330.69,336.95,NaN
A,HAB_P,ES63,265.07,327.26,327.26,324.76,345.88,395.75,369.94,386.76,374.83,369.94,373.19,459.93,459.93,467.51,467.51,431.91,459.93,483.45,475.35,467.51,472.71,472.71,478.02,478.02,480.72,480.72,473.71,484.41,491.54,500.32,494.74,NaN
A,HAB_P,ES64,370.7,370.7,385.59,392.6,392.6,445.22,438.44,383.88,442.94,431.87,431.87,429.72,431.87,447.53,440.68,523.47,508.08,517.2,520.32,523.47,523.47,523.47,523.47,536.48,529.9,536.48,537.05,517.99,513.12,510.25,513.41,NaN
A,HAB_P,ES70,273.58,273.78,281.19,286.12,284.38,282.88,264.28,279.0,279.51,283.33,282.51,284.91,282.18,304.01,307.31,310.54,311.58,313.67,320.91,325.62,328.25,325.67,321.39,323.81,320.34,316.38,334.85,349.76,343.83,347.99,345.15,NaN
A,HAB_P,FI,131.99,132.34,133.02,132.67,135.96,137.76,140.46,141.39,142.53,144.33,146.13,148.66,149.13,149.97,154.96,158.1,165.31,175.63,185.35,192.76,208.64,222.87,235.12,252.96,266.82,280.58,294.74,329.81,322.41,347.34,358.22,NaN
A,HAB_P,FI19,127.41,127.77,129.43,127.06,130.79,129.79,133.46,138.71,140.13,141.96,142.84,143.38,142.97,144.63,149.84,151.87,156.01,158.32,170.78,178.12,193.92,217.18,221.86,248.42,251.92,274.09,286.5,313.35,305.36,313.72,327.5,NaN
A,HAB_P,FI1B,NaN,NaN,NaN,NaN,NaN,NaN,NaN,183.32,185.95,190.0,196.19,206.75,211.4,211.12,215.42,217.11,221.8,268.05,261.92,276.75,291.02,304.38,302.45,317.93,311.99,354.18,377.44,384.36,374.47,431.73,428.85,NaN
A,HAB_P,FI1C,NaN,NaN,NaN,NaN,NaN,NaN,NaN,131.8,132.29,135.08,136.29,134.98,133.81,133.65,139.64,143.84,155.4,151.67,170.93,177.72,198.54,209.17,231.94,248.91,289.12,284.76,286.9,370.73,349.24,379.02,392.92,NaN
A,HAB_P,FI1D,NaN,NaN,NaN,NaN,NaN,NaN,NaN,116.23,116.92,116.91,117.43,120.12,120.58,121.79,125.57,128.99,136.14,147.12,152.17,155.96,167.18,175.64,192.34,203.98,221.91,221.26,235.3,265.87,268.46,282.69,296.51,NaN
A,HAB_P,FI20,140.51,137.91,141.85,141.85,139.2,145.31,155.15,179.59,163.83,152.04,160.88,167.97,168.05,180.06,188.25,204.13,201.06,217.44,236.42,250.33,297.89,330.99,391.96,402.55,419.56,496.48,2712.41,545.57,431.95,446.35,447.79,NaN
A,HAB_P,FR,NaN,NaN,NaN,NaN,132.46,134.35,135.95,138.95,140.47,141.54,143.65,145.61,147.83,149.17,149.33,151.89,156.61,161.48,162.46,162.21,163.01,163.86,164.98,166.6,168.54,170.22,172.46,175.14,178.43,182.37,185.11,NaN
A,HAB_P,FR10,NaN,NaN,NaN,NaN,147.7,150.94,154.24,157.95,161.77,161.18,164.39,165.16,167.27,166.82,165.83,166.92,168.51,172.84,173.27,173.44,177.78,178.19,180.37,182.63,183.84,186.22,191.54,194.07,201.06,206.9,207.09,NaN
A,HAB_P,FRB0,NaN,NaN,NaN,NaN,128.5,128.74,129.36,131.29,131.88,135.22,137.07,136.75,139.65,141.48,140.83,148.28,151.69,158.41,160.52,160.02,160.3,159.99,159.1,159.4,162.58,165.01,167.82,168.43,170.23,174.14,177.22,NaN
A,HAB_P,FRC1,NaN,NaN,NaN,NaN,108.39,109.26,109.74,112.78,112.73,115.57,118.76,123.45,125.82,130.2,131.24,131.43,134.89,136.71,139.31,138.9,138.94,140.23,140.58,141.72,143.91,145.41,144.96,148.23,152.15,155.07,158.07,NaN
A,HAB_P,FRC2,NaN,NaN,NaN,NaN,117.53,119.67,122.72,125.36,124.6,139.05,137.67,138.82,139.03,140.77,141.19,144.69,154.95,154.0,154.65,156.16,161.11,162.98,165.87,168.95,171.66,176.72,177.17,180.96,184.46,193.77,197.74,NaN
A,HAB_P,FRD1,NaN,NaN,NaN,NaN,122.94,123.84,125.23,125.7,127.51,129.98,134.65,133.07,136.67,141.43,140.26,140.51,148.52,148.07,151.18,150.82,155.53,155.38,158.19,161.23,162.58,163.92,165.34,167.99,166.99,171.6,175.99,NaN
A,HAB_P,FRD2,NaN,NaN,NaN,NaN,147.78,150.89,149.95,153.7,154.83,156.39,159.68,162.38,169.17,169.71,170.51,169.45,177.14,177.9,179.66,174.65,178.76,176.56,175.49,175.74,176.83,177.03,179.29,178.78,182.93,184.85,185.4,NaN
A,HAB_P,FRE1,NaN,NaN,NaN,NaN,140.91,143.05,142.57,149.84,147.25,148.79,149.71,151.65,149.63,151.4,151.25,150.37,154.08,161.91,162.51,160.09,160.73,162.76,163.99,165.7,167.54,168.78,170.15,174.61,174.66,176.49,178.91,NaN
A,HAB_P,FRE2,NaN,NaN,NaN,NaN,128.34,131.84,132.85,136.45,136.52,137.53,138.69,140.11,140.61,141.28,140.42,140.85,146.25,157.34,157.4,158.18,158.28,160.04,163.51,166.57,168.57,172.42,174.29,174.56,175.9,177.51,180.12,NaN
A,HAB_P,FRF1,NaN,NaN,NaN,NaN,117.38,116.72,118.42,119.14,119.31,120.48,121.64,126.33,129.3,133.0,134.48,137.35,143.26,156.46,157.67,159.78,159.93,161.09,162.24,165.58,169.69,170.57,170.75,176.74,180.34,185.49,194.34,NaN
A,HAB_P,FRF2,NaN,NaN,NaN,NaN,125.02,125.79,127.62,129.7,132.18,132.35,133.43,134.26,134.67,135.64,135.33,137.31,154.5,157.96,160.37,160.78,165.73,160.2,162.77,165.77,170.3,173.34,177.36,178.62,177.64,177.57,180.7,NaN
A,HAB_P,FRF3,NaN,NaN,NaN,NaN,110.58,112.11,113.85,117.86,119.2,119.49,120.49,122.37,124.17,124.54,126.6,131.2,135.83,142.92,145.15,148.15,148.89,151.16,153.04,155.95,157.66,160.03,163.16,166.78,170.68,173.12,175.39,NaN
A,HAB_P,FRG0,NaN,NaN,NaN,NaN,147.76,149.54,149.13,150.67,153.56,155.23,156.78,158.85,163.14,164.8,166.42,170.84,177.27,187.22,187.6,185.8,186.13,187.89,190.05,191.94,195.91,198.05,200.52,205.19,208.22,212.36,219.42,NaN
A,HAB_P,FRH0,NaN,NaN,NaN,NaN,115.24,116.51,118.87,121.62,123.38,123.09,125.84,129.12,131.71,134.22,134.8,139.36,147.94,155.26,155.92,157.99,158.36,159.57,160.83,163.02,164.66,167.38,170.0,171.05,174.5,178.74,182.42,NaN
A,HAB_P,FRI1,NaN,NaN,NaN,NaN,132.69,134.68,136.35,139.86,141.81,142.47,142.94,144.57,148.02,149.44,149.79,153.41,156.1,156.48,157.15,157.08,155.31,157.85,158.14,159.58,161.04,164.1,165.51,166.66,172.44,175.59,179.29,NaN
A,HAB_P,FRI2,NaN,NaN,NaN,NaN,86.95,88.1,88.85,89.14,90.58,97.21,100.81,101.4,104.11,103.66,103.62,103.63,113.44,117.76,119.01,118.01,118.24,118.31,120.34,120.92,123.38,125.16,126.38,128.19,129.06,130.19,132.85,NaN
A,HAB_P,FRI3,NaN,NaN,NaN,NaN,148.79,152.41,150.89,152.86,153.71,154.13,156.06,155.85,159.27,158.54,159.55,163.34,171.32,172.67,173.65,172.08,173.25,170.98,174.25,176.94,179.89,183.21,186.68,188.31,191.91,195.72,197.97,NaN
A,HAB_P,FRJ1,NaN,NaN,NaN,NaN,129.48,131.57,134.11,136.45,139.03,140.51,142.27,145.89,145.92,145.73,144.52,146.27,145.57,151.16,152.99,152.16,151.94,152.81,152.58,151.45,152.13,153.49,153.88,154.93,156.17,159.1,160.89,NaN
A,HAB_P,FRJ2,NaN,NaN,NaN,NaN,134.57,136.47,140.29,143.4,144.92,147.85,148.76,151.15,151.7,152.31,151.19,153.26,156.13,160.59,160.37,159.31,160.45,159.76,160.08,161.39,161.54,162.85,164.45,166.72,170.49,173.93,175.69,NaN
A,HAB_P,FRK1,NaN,NaN,NaN,NaN,102.52,105.15,105.81,106.08,109.15,109.32,109.52,113.42,113.67,114.17,115.59,116.24,117.12,131.78,134.09,136.4,135.36,136.05,136.17,136.24,137.98,138.05,139.36,141.95,143.92,147.71,151.0,NaN
A,HAB_P,FRK2,NaN,NaN,NaN,NaN,132.01,133.7,134.97,136.16,138.7,138.23,141.25,143.71,148.53,152.48,153.52,158.49,167.73,167.85,168.66,167.59,168.38,169.96,170.93,171.93,174.25,176.22,177.26,180.77,185.28,190.84,195.34,NaN
A,HAB_P,FRL0,NaN,NaN,NaN,NaN,123.46,124.37,125.81,130.83,130.47,129.24,131.71,133.9,135.53,135.59,136.32,138.41,141.34,143.8,144.12,144.04,139.35,140.87,141.65,143.34,143.9,143.21,145.78,149.45,151.53,155.9,157.22,NaN
A,HAB_P,FRM0,NaN,NaN,NaN,NaN,127.46,129.64,132.83,131.95,136.83,140.45,138.5,139.7,146.3,146.3,147.82,158.2,152.66,149.58,155.59,161.88,169.97,176.49,172.81,167.95,165.26,166.07,166.7,170.19,171.97,174.21,182.53,NaN
A,HAB_P,FRY1,NaN,NaN,NaN,NaN,135.26,140.79,151.92,148.2,149.31,150.17,156.02,156.14,154.63,161.33,153.89,154.57,155.38,168.72,170.37,167.23,172.84,175.24,172.92,172.92,205.59,184.97,178.1,180.22,179.68,185.36,182.78,NaN
A,HAB_P,FRY2,NaN,NaN,NaN,NaN,134.75,133.72,128.03,140.57,140.9,144.76,144.59,145.11,146.8,144.47,141.45,158.9,143.23,145.45,156.11,160.72,160.65,164.94,164.19,176.6,181.89,186.83,193.01,194.6,188.94,198.41,196.17,NaN
A,HAB_P,FRY3,NaN,NaN,NaN,NaN,347.32,360.66,357.91,434.02,373.58,343.09,383.76,332.17,320.45,336.53,311.25,298.7,332.17,330.61,340.19,310.22,304.52,303.86,297.76,303.86,297.76,288.9,283.69,283.89,285.79,275.47,306.25,NaN
A,HAB_P,FRY4,NaN,NaN,NaN,NaN,315.0,322.43,323.4,319.08,317.79,318.97,318.97,316.97,317.09,307.9,311.58,305.39,305.72,297.48,294.83,279.25,276.74,266.79,258.16,249.92,252.7,253.15,250.48,254.74,245.79,244.31,236.45,NaN
A,HAB_P,FRY5,NaN,NaN,NaN,NaN,NaN,NaN,NaN,NaN,NaN,NaN,NaN,NaN,NaN,NaN,NaN,NaN,NaN,NaN,920.06,850.41,834.61,834.61,744.69,744.69,744.69,744.69,734.32,760.34,787.0,646.01,679.4,NaN
A,HAB_P,FX,NaN,NaN,NaN,NaN,116.73,118.77,120.76,124.2,126.5,128.36,131.15,133.95,137.05,139.24,140.3,143.46,148.81,154.22,155.96,156.58,157.61,NaN,NaN,NaN,NaN,NaN,NaN,NaN,NaN,NaN,NaN,NaN
A,HAB_P,HR,136.79,140.58,144.51,142.79,144.46,145.44,146.96,147.23,149.1,157.57,159.21,161.66,163.86,163.74,162.97,163.44,166.71,159.83,155.71,157.93,159.17,158.63,169.54,173.18,173.47,172.85,171.49,170.71,173.0,171.3,176.85,NaN
A,HAB_P,HR02,NaN,NaN,NaN,NaN,NaN,NaN,NaN,NaN,NaN,NaN,NaN,NaN,NaN,NaN,NaN,NaN,172.43,169.33,128.42,164.45,163.44,164.48,188.51,192.77,190.02,194.21,191.35,187.79,181.44,178.37,178.32,NaN
A,HAB_P,HR03,140.92,154.99,158.17,158.34,161.37,162.63,164.84,165.19,166.89,178.83,176.21,178.3,183.45,179.92,181.45,180.04,192.35,189.05,177.01,175.79,176.73,174.36,182.22,189.03,191.65,183.07,183.29,182.27,184.5,183.03,183.09,NaN
A,HAB_P,HR05,NaN,NaN,NaN,NaN,NaN,NaN,NaN,NaN,NaN,NaN,NaN,NaN,NaN,NaN,NaN,NaN,118.29,106.32,142.38,112.86,116.31,115.22,119.13,121.1,120.63,123.21,122.43,119.75,126.98,125.51,141.51,NaN
A,HAB_P,HR06,NaN,NaN,NaN,NaN,NaN,NaN,NaN,NaN,NaN,NaN,NaN,NaN,NaN,NaN,NaN,NaN,192.07,189.66,188.72,189.44,189.08,190.79,202.06,202.01,204.49,203.76,200.66,210.88,213.62,214.13,215.04,NaN
A,HAB_P,HU,NaN,NaN,NaN,NaN,NaN,NaN,NaN,116.49,120.25,120.71,121.29,121.68,121.51,120.74,134.24,136.01,135.48,135.07,135.35,139.67,139.33,140.77,140.9,141.17,141.19,142.76,143.64,146.78,146.17,149.69,153.64,NaN
A,HAB_P,HU11,NaN,NaN,NaN,NaN,NaN,NaN,NaN,72.3,75.15,74.78,76.43,77.0,76.61,76.2,88.38,91.2,91.46,91.2,90.82,92.84,93.13,93.95,94.22,94.67,95.23,97.6,97.77,97.86,98.78,99.83,103.12,NaN
A,HAB_P,HU12,NaN,NaN,NaN,NaN,NaN,NaN,NaN,293.74,304.66,307.76,305.1,296.48,296.48,294.21,326.0,326.0,326.0,324.33,335.64,341.88,341.88,341.88,344.29,344.29,343.82,372.77,380.9,420.29,451.1,461.89,464.26,NaN
A,HAB_P,HU21,NaN,NaN,NaN,NaN,NaN,NaN,NaN,131.7,136.99,138.02,139.35,136.32,134.62,132.21,140.7,141.54,141.6,140.59,141.88,149.66,146.47,150.36,149.55,148.25,146.57,146.86,147.66,157.92,155.29,159.15,162.32,NaN
A,HAB_P,HU22,NaN,NaN,NaN,NaN,NaN,NaN,NaN,116.19,123.32,123.57,123.99,123.63,123.83,124.85,137.26,137.49,137.8,138.12,138.08,138.14,137.07,137.14,136.57,137.45,137.51,138.02,138.9,137.65,138.15,142.33,147.51,NaN
A,HAB_P,HU23,NaN,NaN,NaN,NaN,NaN,NaN,NaN,113.39,120.4,121.41,118.62,120.44,121.65,119.27,127.45,126.33,126.9,125.65,124.9,128.87,128.91,129.96,130.71,136.08,136.4,137.77,138.04,136.82,134.93,139.73,145.23,NaN
A,HAB_P,HU31,NaN,NaN,NaN,NaN,NaN,NaN,NaN,117.51,121.09,118.89,118.49,118.69,118.47,117.51,127.57,130.43,128.52,128.28,127.82,132.89,132.72,134.72,135.27,134.3,134.72,134.37,134.71,141.92,135.72,141.06,144.6,NaN
A,HAB_P,HU32,NaN,NaN,NaN,NaN,NaN,NaN,NaN,127.97,124.65,128.96,128.7,131.47,130.84,130.02,142.0,144.56,141.45,141.73,142.97,152.11,151.93,155.1,154.8,152.35,151.45,151.53,153.76,157.92,154.54,159.09,164.24,NaN
A,HAB_P,HU33,NaN,NaN,NaN,NaN,NaN,NaN,NaN,121.58,125.49,125.86,126.47,126.94,128.07,128.29,146.55,145.98,145.38,144.66,144.91,148.21,148.21,147.93,147.96,148.02,148.07,147.04,147.21,146.8,145.9,146.54,146.7,NaN
A,HAB_P,IE,190.98,194.86,196.29,200.65,205.06,208.14,210.7,211.72,218.04,217.33,217.94,215.16,217.53,219.84,220.34,226.73,385.57,397.32,411.42,422.54,417.36,412.07,359.82,351.82,345.98,341.3,350.13,349.69,350.83,347.31,345.53,NaN
A,HAB_P,IE04,NaN,NaN,NaN,NaN,NaN,NaN,NaN,NaN,NaN,NaN,NaN,NaN,NaN,NaN,NaN,NaN,NaN,NaN,NaN,NaN,NaN,NaN,NaN,NaN,NaN,NaN,NaN,355.64,362.87,365.21,360.59,NaN
A,HAB_P,IE05,NaN,NaN,NaN,NaN,NaN,NaN,NaN,NaN,NaN,NaN,NaN,NaN,NaN,NaN,NaN,NaN,NaN,NaN,NaN,NaN,NaN,NaN,NaN,NaN,NaN,NaN,NaN,395.82,394.12,392.38,390.23,NaN
A,HAB_P,IE06,NaN,NaN,NaN,NaN,NaN,NaN,NaN,NaN,NaN,NaN,NaN,NaN,NaN,NaN,NaN,NaN,NaN,NaN,NaN,NaN,NaN,NaN,NaN,NaN,NaN,NaN,NaN,322.5,323.26,317.39,316.47,NaN
A,HAB_P,IT,157.24,160.19,167.91,160.65,178.76,189.38,213.3,223.15,227.56,236.05,249.69,257.92,255.22,257.64,262.03,268.22,274.06,276.95,286.4,293.62,299.87,306.46,308.23,311.03,310.66,315.23,316.18,313.91,320.12,323.88,328.84,NaN
A,HAB_P,ITC1,169.32,169.32,171.0,172.03,176.67,189.07,192.54,205.31,210.03,231.57,234.29,241.07,245.56,249.87,250.66,254.34,250.73,252.13,259.38,267.01,267.86,274.36,275.34,275.55,283.58,284.59,288.38,280.01,285.54,284.48,291.88,NaN
A,HAB_P,ITC2,267.92,244.94,245.42,244.94,241.64,250.8,274.95,281.1,274.95,289.52,295.65,298.46,302.05,294.27,302.78,314.13,261.23,261.78,260.69,258.55,246.38,266.78,271.98,274.95,275.55,282.37,278.54,239.08,266.07,315.2,298.55,NaN
A,HAB_P,ITC3,120.1,120.08,124.43,130.91,151.51,162.96,180.08,182.09,189.12,193.31,267.4,265.36,214.7,234.98,238.56,255.58,252.13,256.22,289.62,267.86,283.36,283.15,277.86,291.94,292.5,292.78,284.45,296.97,301.27,300.48,297.4,NaN
A,HAB_P,ITC4,162.15,162.79,165.26,168.61,187.92,196.87,217.16,222.82,230.53,243.71,254.62,258.17,256.85,256.22,260.2,262.41,260.38,262.06,264.98,271.24,277.02,277.44,279.09,281.01,282.85,288.03,285.29,274.98,304.4,303.54,307.75,NaN
A,HAB_P,ITF1,128.62,132.03,140.95,132.03,155.32,156.8,197.19,238.78,248.12,223.25,250.8,286.17,237.6,227.54,235.67,265.44,279.89,277.92,299.76,310.34,300.38,309.9,318.24,314.17,324.84,325.65,341.21,327.1,313.74,316.44,331.88,NaN
A,HAB_P,ITF2,158.14,174.89,163.33,152.2,178.49,172.51,188.92,205.96,203.34,198.69,188.11,189.04,181.04,183.45,185.24,203.61,209.37,219.98,244.01,255.72,240.53,294.66,268.84,275.67,295.23,338.3,333.13,321.52,317.34,322.69,326.13,NaN
A,HAB_P,ITF3,192.51,202.86,216.58,187.6,209.5,208.19,267.14,282.08,280.93,289.62,329.96,322.09,307.53,304.49,308.57,318.32,327.14,333.0,348.51,363.29,361.18,375.13,374.03,380.08,382.48,384.94,396.5,388.71,399.34,400.44,420.61,NaN
A,HAB_P,ITF4,137.76,141.99,179.97,138.2,166.45,183.5,208.69,223.52,231.92,245.81,248.61,267.37,258.98,260.4,264.91,273.44,277.52,277.81,297.44,320.35,329.37,349.47,342.13,345.88,346.06,350.67,352.99,359.12,345.9,347.29,353.73,NaN
A,HAB_P,ITF5,140.49,140.28,142.24,137.31,197.17,207.89,227.44,226.98,228.27,231.97,293.84,292.91,298.87,277.08,289.27,304.08,305.57,301.78,300.48,304.74,319.74,324.95,324.76,325.9,332.29,351.09,346.8,341.54,312.69,309.1,323.7,NaN
A,HAB_P,ITF6,160.14,159.19,172.19,164.15,179.67,183.02,211.23,210.0,187.99,228.66,190.08,224.57,245.92,246.01,252.98,283.35,296.12,302.34,317.03,355.72,396.77,444.45,460.73,436.34,390.13,398.5,402.94,500.63,454.29,389.86,410.1,NaN
A,HAB_P,ITG1,185.7,194.26,197.04,189.29,198.49,211.65,245.12,256.28,257.37,251.88,262.69,280.2,285.81,297.04,300.95,314.61,333.01,324.32,335.67,341.92,345.28,351.84,355.18,360.31,357.97,356.78,354.67,346.7,343.05,358.24,355.74,NaN
A,HAB_P,ITG2,160.16,161.26,166.97,148.9,166.04,177.76,200.06,195.36,215.18,214.98,223.17,227.05,227.43,226.86,247.03,248.28,248.97,264.69,264.25,287.38,294.58,315.12,311.08,314.33,326.28,319.15,331.95,330.0,328.45,330.99,335.96,NaN
A,HAB_P,ITH1,174.39,169.75,168.94,168.51,171.84,184.26,187.59,199.07,209.61,218.33,223.57,234.55,245.63,246.77,255.2,251.81,256.93,260.21,266.76,266.22,267.7,270.29,276.35,267.03,273.64,257.93,285.74,295.72,293.12,306.01,319.9,NaN
A,HAB_P,ITH2,144.72,138.18,145.07,163.43,159.22,161.01,257.2,231.47,216.36,260.53,300.23,307.01,236.71,239.84,240.16,243.82,246.81,248.39,253.6,254.08,279.12,284.37,283.48,290.76,276.0,288.75,288.13,279.16,271.73,277.08,274.1,NaN
A,HAB_P,ITH3,146.89,150.61,169.85,161.39,190.06,200.65,214.38,224.98,232.88,240.61,253.3,264.15,270.11,268.16,270.73,276.45,278.07,280.93,285.13,290.91,293.56,292.98,290.54,302.3,301.91,307.85,303.98,308.53,324.94,329.39,327.98,NaN
A,HAB_P,ITH4,129.25,127.48,137.5,154.78,161.41,172.62,183.26,200.07,205.12,214.04,233.0,259.97,272.92,277.17,279.09,286.76,277.81,273.23,273.42,271.27,275.47,276.04,283.6,298.87,305.81,299.16,305.98,300.37,304.93,320.57,357.61,NaN
A,HAB_P,ITH5,163.99,167.0,174.11,174.66,187.62,199.19,221.06,232.55,231.13,233.43,235.8,246.61,240.29,246.43,245.16,249.24,251.63,251.96,244.17,252.33,253.58,260.15,273.32,270.65,265.27,270.48,269.14,274.02,275.82,285.51,279.32,NaN
A,HAB_P,ITI1,166.09,175.24,176.49,173.57,185.57,206.78,227.23,232.0,239.8,235.11,269.17,270.43,270.29,281.41,286.77,293.55,306.05,306.28,312.93,311.8,331.63,342.69,335.6,340.48,350.8,348.46,350.32,353.84,346.23,354.63,361.07,NaN
A,HAB_P,ITI2,168.64,183.02,189.86,190.4,219.75,240.11,250.07,267.28,279.42,286.76,313.06,310.39,327.74,335.54,321.58,329.96,327.24,330.09,325.9,325.42,312.72,318.19,321.47,322.65,328.97,324.81,330.16,340.99,342.25,332.66,329.51,NaN
A,HAB_P,ITI3,150.45,154.95,164.31,146.89,161.6,181.6,209.21,213.44,220.43,225.23,270.42,249.52,250.14,266.35,266.82,263.85,265.19,266.12,276.27,285.35,295.32,303.46,307.57,322.65,321.22,332.24,331.4,349.94,365.14,353.83,350.38,NaN
A,HAB_P,ITI4,135.79,135.95,133.36,126.92,144.08,153.78,175.21,187.42,192.11,199.0,207.86,212.25,212.84,211.41,219.23,216.81,239.83,251.97,280.63,279.51,292.14,291.75,296.31,292.72,280.21,295.93,295.53,283.36,280.82,296.38,304.55,NaN
A,HAB_P,LT,64.52,68.82,70.83,73.67,81.95,87.38,89.13,90.97,97.23,100.82,104.84,110.06,116.21,120.06,121.04,122.49,123.78,126.73,124.93,126.41,130.03,132.03,138.97,146.52,151.62,156.02,158.52,167.26,165.62,176.04,182.36,NaN
A,HAB_P,LT01,66.19,73.94,75.24,76.43,82.5,89.81,90.6,91.87,94.92,95.03,103.05,109.49,112.58,116.31,115.6,116.44,115.82,117.75,115.78,117.63,121.7,123.97,129.12,135.18,137.89,140.34,144.05,157.85,157.06,162.51,167.61,NaN
A,HAB_P,LT02,63.88,66.98,69.22,72.64,81.73,86.45,88.56,90.62,98.18,103.32,105.57,110.29,117.71,121.61,123.34,125.07,127.25,130.68,128.96,130.27,133.65,135.52,143.3,151.56,157.84,163.24,165.14,171.38,169.39,182.38,189.47,NaN
A,HAB_P,NL,202.86,208.99,212.22,213.61,213.45,215.5,216.87,224.86,231.59,234.13,237.08,236.11,238.57,240.5,245.82,247.28,248.27,252.48,260.48,272.98,278.52,289.02,292.34,297.51,307.86,314.96,331.02,343.49,338.72,408.28,432.76,NaN
A,HAB_P,NL11,179.63,178.32,179.36,177.5,177.02,204.48,212.59,222.9,214.7,214.7,NaN,NaN,NaN,NaN,NaN,NaN,NaN,NaN,NaN,NaN,NaN,NaN,NaN,NaN,NaN,NaN,NaN,NaN,NaN,NaN,NaN,NaN
A,HAB_P,NL12,229.43,230.73,229.67,243.39,232.56,232.89,233.9,232.14,265.44,264.36,NaN,NaN,NaN,NaN,NaN,NaN,NaN,NaN,NaN,NaN,NaN,NaN,NaN,NaN,NaN,NaN,NaN,NaN,NaN,NaN,NaN,NaN
A,HAB_P,NL13,162.06,163.89,163.51,162.11,164.11,143.74,150.01,160.84,159.28,162.43,NaN,NaN,NaN,NaN,NaN,NaN,NaN,NaN,NaN,NaN,NaN,NaN,NaN,NaN,NaN,NaN,NaN,NaN,NaN,NaN,NaN,NaN
A,HAB_P,NL21,211.53,214.91,221.33,225.56,224.2,230.73,226.26,230.36,231.29,236.01,NaN,NaN,NaN,NaN,NaN,NaN,NaN,NaN,NaN,NaN,NaN,NaN,NaN,NaN,NaN,NaN,NaN,NaN,NaN,NaN,NaN,NaN
A,HAB_P,NL22,205.15,218.33,222.0,222.31,215.63,214.02,214.27,226.2,228.95,232.54,NaN,NaN,NaN,NaN,NaN,NaN,NaN,NaN,NaN,NaN,NaN,NaN,NaN,NaN,NaN,NaN,NaN,NaN,NaN,NaN,NaN,NaN
A,HAB_P,NL23,719.42,738.56,738.56,738.56,738.56,707.21,747.84,757.36,743.83,743.83,NaN,NaN,NaN,NaN,NaN,NaN,NaN,NaN,NaN,NaN,NaN,NaN,NaN,NaN,NaN,NaN,NaN,NaN,NaN,NaN,NaN,NaN
A,HAB_P,NL32,192.91,201.11,205.01,209.51,212.27,214.88,216.71,227.18,229.37,230.3,NaN,NaN,NaN,NaN,NaN,NaN,NaN,NaN,NaN,NaN,NaN,NaN,NaN,NaN,NaN,NaN,NaN,NaN,NaN,NaN,NaN,NaN
A,HAB_P,NL34,259.33,259.51,259.33,260.92,261.28,261.63,262.71,271.65,275.56,271.65,NaN,NaN,NaN,NaN,NaN,NaN,NaN,NaN,NaN,NaN,NaN,NaN,NaN,NaN,NaN,NaN,NaN,NaN,NaN,NaN,NaN,NaN
A,HAB_P,NL41,211.06,213.03,218.96,217.52,217.93,221.67,223.96,231.77,243.99,244.93,NaN,NaN,NaN,NaN,NaN,NaN,NaN,NaN,NaN,NaN,NaN,NaN,NaN,NaN,NaN,NaN,NaN,NaN,NaN,NaN,NaN,NaN
A,HAB_P,NL42,167.54,177.25,181.69,183.27,183.24,193.81,192.77,197.9,201.47,203.67,NaN,NaN,NaN,NaN,NaN,NaN,NaN,NaN,NaN,NaN,NaN,NaN,NaN,NaN,NaN,NaN,NaN,NaN,NaN,NaN,NaN,NaN
A,HAB_P,NO,295.47,300.13,300.88,304.33,306.4,306.52,307.08,312.47,309.29,235.12,233.96,221.22,223.3,227.44,232.61,241.08,243.97,253.19,256.44,267.25,271.85,269.77,273.16,276.17,280.39,284.67,287.23,293.98,294.14,298.66,303.12,NaN
A,HAB_P,NO02,NaN,NaN,NaN,NaN,NaN,NaN,NaN,NaN,NaN,NaN,NaN,NaN,NaN,NaN,NaN,NaN,192.16,192.86,207.99,214.11,217.88,212.03,183.33,186.27,202.21,203.09,234.65,243.27,244.19,246.0,251.15,NaN
A,HAB_P,NO06,NaN,NaN,NaN,NaN,NaN,NaN,NaN,NaN,NaN,NaN,NaN,NaN,NaN,NaN,NaN,NaN,235.41,245.07,242.14,247.81,258.97,266.69,289.03,289.93,294.15,301.77,285.9,286.01,293.38,310.9,295.64,NaN
A,HAB_P,NO07,NaN,NaN,NaN,NaN,NaN,NaN,NaN,NaN,NaN,NaN,NaN,NaN,NaN,NaN,NaN,NaN,198.31,205.43,211.78,211.23,220.91,222.12,229.35,233.65,232.86,237.53,237.18,236.1,232.51,238.62,242.46,NaN
A,HAB_P,NO08,NaN,NaN,NaN,NaN,NaN,NaN,NaN,NaN,NaN,NaN,NaN,NaN,NaN,NaN,NaN,NaN,246.46,262.83,271.19,284.37,285.09,275.46,278.96,280.35,280.27,279.12,275.6,286.14,283.9,288.92,295.31,NaN
A,HAB_P,NO09,NaN,NaN,NaN,NaN,NaN,NaN,NaN,NaN,NaN,NaN,NaN,NaN,NaN,NaN,NaN,NaN,264.33,265.6,267.86,284.96,294.24,311.89,318.34,326.54,336.57,351.46,360.59,365.43,369.63,372.7,379.18,NaN
A,HAB_P,NO0A,NaN,NaN,NaN,NaN,NaN,NaN,NaN,NaN,NaN,NaN,NaN,NaN,NaN,NaN,NaN,NaN,275.13,282.55,278.71,288.18,289.88,285.48,296.19,299.16,302.65,311.86,314.98,321.79,323.4,322.19,329.79,NaN
A,HAB_P,NO0B,NaN,NaN,NaN,NaN,NaN,NaN,NaN,NaN,NaN,NaN,NaN,NaN,NaN,NaN,NaN,NaN,0.0,0.0,0.0,0.0,0.0,0.0,NaN,NaN,NaN,NaN,NaN,NaN,NaN,NaN,NaN,NaN
A,HAB_P,PL,NaN,NaN,NaN,NaN,NaN,NaN,NaN,NaN,NaN,NaN,148.81,149.15,152.59,153.83,155.07,150.46,149.61,151.01,150.52,150.48,151.06,150.74,150.67,150.6,150.96,152.97,161.96,159.9,156.21,158.86,159.46,NaN
A,HAB_P,PL21,NaN,NaN,NaN,NaN,NaN,NaN,NaN,NaN,NaN,NaN,152.41,146.23,152.27,154.34,155.47,150.17,149.29,154.48,155.19,154.6,154.37,152.84,154.45,154.21,152.62,152.06,160.45,161.94,159.41,160.28,162.57,NaN
A,HAB_P,PL22,NaN,NaN,NaN,NaN,NaN,NaN,NaN,NaN,NaN,NaN,134.35,136.17,139.11,140.64,143.1,138.78,141.94,144.73,144.7,144.16,144.16,146.17,148.59,147.98,150.2,152.23,158.83,159.82,159.54,162.42,163.2,NaN
A,HAB_P,PL41,NaN,NaN,NaN,NaN,NaN,NaN,NaN,NaN,NaN,NaN,190.12,191.55,195.67,198.12,197.71,190.99,191.74,195.86,196.1,194.68,212.27,199.8,197.9,201.68,199.85,205.39,233.99,234.56,231.83,225.22,228.03,NaN
A,HAB_P,PL42,NaN,NaN,NaN,NaN,NaN,NaN,NaN,NaN,NaN,NaN,94.3,91.59,94.99,94.05,95.8,91.15,88.01,82.85,78.46,82.45,82.5,84.98,81.52,82.86,83.37,83.02,84.57,84.85,80.91,81.19,78.67,NaN
A,HAB_P,PL43,NaN,NaN,NaN,NaN,NaN,NaN,NaN,NaN,NaN,NaN,163.11,165.05,185.56,184.98,191.87,187.29,187.75,193.54,184.3,174.52,176.92,177.73,191.51,193.17,191.58,196.15,209.35,196.38,196.38,201.8,204.36,NaN
A,HAB_P,PL51,NaN,NaN,NaN,NaN,NaN,NaN,NaN,NaN,NaN,NaN,118.52,118.99,122.32,124.28,126.99,127.85,124.66,124.51,126.22,125.63,124.65,126.35,126.39,126.37,128.76,129.06,136.21,135.11,133.08,134.48,135.34,NaN
A,HAB_P,PL52,NaN,NaN,NaN,NaN,NaN,NaN,NaN,NaN,NaN,NaN,163.42,172.07,177.09,176.34,174.77,166.82,165.51,166.59,168.01,162.97,165.13,167.26,174.93,169.75,176.14,182.25,203.57,189.11,174.17,189.79,184.47,NaN
A,HAB_P,PL61,NaN,NaN,NaN,NaN,NaN,NaN,NaN,NaN,NaN,NaN,122.07,121.37,122.14,123.84,124.14,122.61,122.82,122.46,122.75,121.22,117.38,116.38,116.15,113.43,111.44,111.62,115.72,113.39,108.74,108.23,105.73,NaN
A,HAB_P,PL62,NaN,NaN,NaN,NaN,NaN,NaN,NaN,NaN,NaN,NaN,173.65,167.0,169.09,170.11,170.55,167.14,164.38,170.77,175.2,175.51,177.17,178.32,178.7,176.7,173.67,180.47,179.66,172.38,164.92,168.16,169.92,NaN
A,HAB_P,PL63,NaN,NaN,NaN,NaN,NaN,NaN,NaN,NaN,NaN,NaN,191.34,197.34,200.55,204.37,206.46,200.13,190.57,194.23,196.76,192.03,190.22,179.06,176.31,177.42,175.06,181.76,192.26,188.44,197.1,200.0,214.39,NaN
A,HAB_P,PL71,NaN,NaN,NaN,NaN,NaN,NaN,NaN,NaN,NaN,NaN,156.61,158.99,164.6,171.11,170.73,165.24,165.66,167.26,167.12,174.42,170.76,172.08,171.74,174.16,176.22,182.09,189.63,187.02,181.51,186.75,182.12,NaN
A,HAB_P,PL72,NaN,NaN,NaN,NaN,NaN,NaN,NaN,NaN,NaN,NaN,128.86,130.72,132.44,132.85,132.04,126.85,125.6,127.8,124.8,121.64,125.06,121.69,118.62,118.21,119.11,124.35,131.07,127.31,121.49,122.05,115.95,NaN
A,HAB_P,PL81,NaN,NaN,NaN,NaN,NaN,NaN,NaN,NaN,NaN,NaN,141.86,143.22,146.5,146.45,147.4,141.56,140.55,143.76,144.67,145.07,150.06,151.24,151.51,152.0,151.31,151.6,168.01,153.75,151.4,153.51,162.31,NaN
A,HAB_P,PL82,NaN,NaN,NaN,NaN,NaN,NaN,NaN,NaN,NaN,NaN,158.16,150.7,151.83,149.43,148.64,143.51,143.25,144.36,143.13,141.12,141.3,141.29,139.02,138.38,139.97,142.05,148.0,146.61,140.05,144.09,144.52,NaN
A,HAB_P,PL84,NaN,NaN,NaN,NaN,NaN,NaN,NaN,NaN,NaN,NaN,150.68,152.47,154.1,157.17,157.58,154.16,152.59,158.25,162.49,163.04,160.52,159.41,158.49,160.66,157.95,158.84,178.91,167.11,155.98,161.17,159.45,NaN
A,HAB_P,PL91,NaN,NaN,NaN,NaN,NaN,NaN,NaN,NaN,NaN,NaN,NaN,NaN,NaN,NaN,NaN,NaN,NaN,NaN,NaN,NaN,NaN,NaN,NaN,NaN,NaN,164.53,172.29,175.32,171.46,181.92,186.27,NaN
A,HAB_P,PL92,NaN,NaN,NaN,NaN,NaN,NaN,NaN,NaN,NaN,NaN,NaN,NaN,NaN,NaN,NaN,NaN,NaN,NaN,NaN,NaN,NaN,NaN,NaN,NaN,NaN,221.41,243.85,242.29,231.15,239.46,241.6,NaN
A,HAB_P,PT,262.2,263.48,263.01,257.7,260.16,263.74,270.07,270.76,273.31,278.07,275.86,274.62,276.5,282.3,285.3,288.62,289.98,289.89,290.26,288.52,291.26,299.33,296.17,294.93,295.64,291.83,286.89,288.32,286.75,291.42,295.86,NaN
A,HAB_P,PT11,307.58,310.53,307.45,305.51,309.97,311.42,312.72,312.29,316.78,333.7,321.92,319.94,320.25,321.57,331.0,342.58,338.19,331.33,330.93,329.42,329.66,329.6,333.61,323.95,319.85,313.27,300.91,295.05,296.21,295.4,300.3,NaN
A,HAB_P,PT15,585.47,589.23,601.57,611.17,593.79,600.0,581.77,526.46,510.66,510.66,531.94,526.46,541.34,478.25,478.75,512.94,509.53,497.94,459.6,413.68,392.82,407.81,416.3,415.92,407.44,368.56,385.5,401.85,384.88,415.32,423.37,NaN
A,HAB_P,PT19,NaN,NaN,NaN,NaN,NaN,NaN,219.83,222.79,224.77,229.08,226.5,221.79,226.69,241.0,241.27,231.97,241.97,247.08,256.88,256.64,268.42,285.71,280.82,275.27,276.13,NaN,NaN,NaN,NaN,290.37,291.59,NaN
A,HAB_P,PT1A,NaN,NaN,NaN,NaN,NaN,NaN,190.93,194.16,196.22,196.66,197.25,198.82,202.29,206.11,208.88,214.23,212.64,214.14,215.09,214.93,218.74,221.58,221.44,220.61,226.61,NaN,NaN,NaN,NaN,227.64,232.23,NaN
A,HAB_P,PT1B,NaN,NaN,NaN,NaN,NaN,NaN,569.33,556.26,565.04,567.76,574.89,593.1,584.27,598.71,566.59,563.49,565.42,565.04,587.6,613.88,529.11,601.77,489.5,572.5,561.57,NaN,NaN,NaN,NaN,565.42,561.04,NaN
A,HAB_P,PT1C,NaN,NaN,NaN,NaN,NaN,NaN,353.84,350.69,346.58,337.19,368.75,352.52,344.31,354.64,361.42,374.59,397.26,388.12,365.61,366.46,380.01,406.83,398.26,413.95,436.51,NaN,NaN,NaN,NaN,449.8,449.45,NaN
A,HAB_P,PT1D,NaN,NaN,NaN,NaN,NaN,NaN,539.97,545.24,553.17,543.83,541.01,537.54,519.52,562.47,555.01,552.08,543.83,564.74,565.51,552.08,591.06,627.87,616.76,621.34,576.41,NaN,NaN,NaN,NaN,607.81,628.08,NaN
A,HAB_P,PT20,175.0,176.82,178.01,178.82,171.84,171.35,170.0,165.39,166.2,165.97,163.34,163.34,159.19,160.15,159.94,158.03,157.5,157.19,158.24,156.78,157.61,159.4,157.92,156.47,160.69,160.69,160.02,157.72,148.05,154.19,147.96,NaN
A,HAB_P,PT30,141.55,138.57,138.57,139.42,140.44,139.89,150.75,149.13,149.58,146.69,147.12,147.73,149.67,149.4,149.22,149.31,152.59,151.94,138.57,134.62,134.12,137.43,134.69,138.11,139.03,135.64,128.42,130.68,116.64,120.77,123.59,NaN
A,HAB_P,RO,108.41,111.0,112.02,113.57,116.67,118.0,114.06,112.45,111.98,116.19,132.41,132.89,132.5,133.41,137.8,137.37,136.53,144.09,148.24,146.74,145.59,145.3,144.27,144.06,143.81,143.08,141.69,140.43,138.78,137.42,137.28,NaN
A,HAB_P,RO11,105.47,107.88,106.99,108.17,109.76,109.55,108.06,106.16,105.5,108.95,127.14,125.62,124.49,125.82,126.49,128.91,128.52,139.83,140.89,140.78,140.02,141.25,139.52,139.24,138.58,137.36,136.54,135.22,134.33,133.02,132.94,NaN
A,HAB_P,RO12,99.83,101.0,101.69,104.64,108.89,109.22,106.72,104.69,104.69,110.9,125.39,124.16,124.2,125.03,128.16,130.17,128.29,141.44,144.23,142.52,139.15,139.05,139.66,139.03,138.95,138.89,137.35,134.96,133.64,133.31,133.77,NaN
A,HAB_P,RO21,112.94,113.81,113.22,115.61,119.15,120.54,116.73,119.3,118.44,124.7,143.3,146.35,145.5,145.18,147.65,144.47,143.88,152.07,158.27,154.52,154.14,152.9,151.96,152.64,152.66,151.5,150.47,151.67,152.55,151.36,150.72,NaN
A,HAB_P,RO22,121.24,125.04,128.4,130.23,134.61,135.55,132.04,127.29,127.58,130.45,144.84,145.21,145.35,146.38,150.66,151.07,151.5,163.51,167.37,166.31,165.4,164.09,163.87,163.65,163.53,161.2,160.56,158.32,157.51,158.34,157.67,NaN
A,HAB_P,RO31,132.77,138.01,138.83,141.48,146.72,149.77,136.5,136.49,134.74,141.04,167.42,168.59,167.96,168.41,178.88,179.46,175.12,186.46,199.21,197.97,196.37,195.66,197.71,197.27,197.71,196.25,193.65,190.0,186.99,185.55,184.76,NaN
A,HAB_P,RO32,97.5,100.14,104.73,105.24,106.55,108.28,107.97,98.32,97.08,94.07,99.8,100.54,100.25,102.33,106.61,103.65,103.99,103.38,105.25,103.38,101.61,101.83,98.97,98.95,99.1,99.06,97.48,97.39,95.44,93.76,94.67,NaN
A,HAB_P,RO41,109.92,112.9,114.98,116.74,120.37,120.82,115.69,114.74,115.18,120.65,139.64,141.83,141.69,141.77,149.76,149.36,148.51,150.98,156.0,155.82,154.99,153.16,153.01,151.34,151.28,150.08,148.27,145.94,142.02,139.71,138.21,NaN
A,HAB_P,RO42,87.84,90.67,89.87,89.19,91.06,94.05,89.94,93.41,93.86,102.18,120.97,120.42,120.47,121.0,126.11,125.56,124.65,131.3,134.64,134.25,135.76,136.04,134.6,134.86,132.89,133.62,133.21,132.3,128.73,125.22,125.58,NaN
A,HAB_P,RS,NaN,NaN,NaN,NaN,NaN,NaN,NaN,NaN,NaN,NaN,NaN,NaN,NaN,169.49,176.46,177.51,177.64,177.2,177.3,177.78,176.76,176.77,175.88,176.49,176.85,176.75,175.76,175.39,173.44,171.23,165.98,NaN
A,HAB_P,RS11,NaN,NaN,NaN,NaN,NaN,NaN,NaN,NaN,NaN,NaN,NaN,NaN,NaN,155.38,156.69,160.02,158.84,158.7,160.31,161.29,161.06,160.87,160.87,161.07,161.07,159.87,160.0,159.95,159.44,158.64,158.29,NaN
A,HAB_P,RS12,NaN,NaN,NaN,NaN,NaN,NaN,NaN,NaN,NaN,NaN,NaN,NaN,NaN,165.43,175.46,177.1,177.9,177.95,175.38,174.51,172.32,172.27,172.8,172.37,172.37,174.74,172.48,172.69,173.28,168.32,154.97,NaN
A,HAB_P,RS21,NaN,NaN,NaN,NaN,NaN,NaN,NaN,NaN,NaN,NaN,NaN,NaN,NaN,200.28,210.3,207.34,208.33,203.86,207.83,208.4,208.6,207.43,206.36,205.96,206.4,206.89,207.06,204.28,201.12,198.57,196.38,NaN
A,HAB_P,RS22,NaN,NaN,NaN,NaN,NaN,NaN,NaN,NaN,NaN,NaN,NaN,NaN,NaN,159.35,167.05,167.81,168.13,170.24,168.12,169.43,167.83,169.12,165.68,168.82,169.99,167.87,166.12,166.88,161.53,161.21,157.52,NaN
A,HAB_P,SE,193.06,224.66,241.51,268.23,293.25,307.82,312.32,322.06,351.29,366.35,374.29,377.66,386.37,390.12,390.52,395.57,398.17,400.15,400.92,404.52,410.95,415.73,427.96,440.78,459.85,471.29,483.03,488.74,499.44,526.43,533.58,NaN
A,HAB_P,SE11,260.69,NaN,NaN,NaN,NaN,NaN,NaN,455.52,474.71,462.08,463.72,437.42,472.32,494.44,492.67,499.92,496.01,481.93,470.61,456.28,450.88,453.9,454.04,447.98,473.94,487.37,489.98,454.74,477.27,493.62,491.24,NaN
A,HAB_P,SE12,198.88,NaN,NaN,NaN,NaN,NaN,NaN,349.74,331.17,348.74,357.19,367.17,368.68,367.96,366.46,376.39,374.66,376.97,386.95,391.73,404.21,410.96,430.08,442.31,463.83,469.5,475.3,479.72,487.62,523.06,539.77,NaN
A,HAB_P,SE21,156.83,NaN,NaN,NaN,NaN,NaN,NaN,277.04,311.13,329.51,337.48,346.55,355.67,359.66,364.05,371.4,378.23,374.79,373.81,374.13,378.46,376.58,386.56,408.41,442.08,447.63,455.99,472.09,477.2,490.31,498.77,NaN
A,HAB_P,SE22,193.77,NaN,NaN,NaN,NaN,NaN,NaN,330.48,358.93,359.86,372.36,374.19,377.44,375.49,381.13,390.32,391.52,388.72,392.05,403.2,422.72,432.28,449.36,456.51,459.4,479.59,495.91,549.41,522.1,532.75,546.35,NaN
A,HAB_P,SE23,184.87,NaN,NaN,NaN,NaN,NaN,NaN,320.88,338.79,375.47,385.84,387.38,384.97,384.02,382.65,382.65,388.63,403.4,400.86,421.05,421.4,416.93,431.5,461.35,483.05,487.31,511.89,529.12,541.57,596.09,607.74,NaN
A,HAB_P,SE31,194.55,NaN,NaN,NaN,NaN,NaN,NaN,227.45,331.22,364.08,367.05,394.11,392.48,398.52,392.3,392.84,402.08,401.7,407.44,398.69,407.67,419.58,430.39,445.85,455.4,483.48,489.73,493.2,518.05,546.5,548.2,NaN
A,HAB_P,SE32,133.19,NaN,NaN,NaN,NaN,NaN,NaN,247.68,290.37,295.85,298.91,305.23,316.27,321.41,324.75,323.07,332.51,359.21,359.55,359.01,361.17,375.41,380.08,411.33,413.89,424.43,439.19,454.15,491.99,516.13,488.43,NaN
A,HAB_P,SE33,137.27,NaN,NaN,NaN,NaN,NaN,NaN,219.22,246.75,254.1,264.02,281.74,297.01,296.5,299.05,299.74,301.13,303.23,307.35,311.77,324.27,338.41,360.69,369.1,388.28,396.2,416.33,434.29,448.43,480.82,504.96,NaN
A,HAB_P,SI,180.32,181.06,182.36,184.54,185.25,187.52,189.88,193.66,202.3,205.08,210.3,217.12,215.28,217.51,221.04,217.08,221.63,222.15,219.2,222.58,221.92,222.41,223.39,224.57,223.9,226.6,225.62,233.76,235.33,242.66,247.05,NaN
A,HAB_P,SI03,212.88,213.92,216.55,217.71,218.93,223.67,229.2,233.9,243.1,249.42,259.71,275.82,277.85,280.05,279.41,270.16,277.7,278.84,271.1,270.97,266.48,266.09,267.92,268.77,267.46,270.43,266.06,283.21,288.13,290.47,295.55,NaN
A,HAB_P,SI04,154.16,154.69,155.18,157.86,158.24,159.01,159.52,162.62,170.55,171.29,173.64,175.65,172.25,174.32,179.46,178.22,181.07,181.27,180.81,185.78,187.19,188.15,188.62,189.93,189.63,192.07,193.13,196.02,195.84,205.48,209.34,NaN
A,HAB_P,SK,NaN,NaN,NaN,121.93,124.31,125.74,127.01,128.75,132.13,133.87,139.98,146.8,149.45,150.63,149.54,153.74,154.63,156.4,166.87,170.52,173.49,173.87,174.85,173.51,172.16,175.67,173.58,176.0,176.22,175.71,176.66,NaN
A,HAB_P,SK01,NaN,NaN,NaN,98.45,92.21,92.85,94.92,92.1,96.63,97.33,110.73,115.07,118.38,119.84,121.12,123.04,124.59,126.63,135.22,134.17,137.07,139.24,138.98,138.28,137.7,138.72,139.83,147.04,149.59,153.82,155.34,NaN
A,HAB_P,SK02,NaN,NaN,NaN,141.41,148.02,151.01,151.64,155.75,158.2,162.7,167.11,177.09,180.16,180.84,178.14,184.89,187.72,189.18,202.39,210.63,210.17,209.81,209.81,211.09,210.99,221.62,212.03,215.98,217.09,215.78,214.29,NaN
A,HAB_P,SK03,NaN,NaN,NaN,124.36,129.0,130.44,130.63,134.3,138.34,138.55,143.77,149.99,152.07,154.79,153.74,156.56,155.53,158.98,170.24,171.32,170.65,170.8,170.71,171.7,171.28,172.43,171.3,170.91,168.78,167.2,169.33,NaN
A,HAB_P,SK04,NaN,NaN,NaN,113.53,116.31,117.07,118.9,120.64,123.15,124.58,127.61,133.71,135.95,136.24,134.99,139.4,139.94,140.56,149.19,153.92,161.46,161.48,164.57,159.5,156.37,158.36,158.67,159.82,160.39,159.05,160.47,NaN
A,HAB_P,TR,NaN,608.95,602.65,586.08,565.61,550.41,534.35,607.66,582.79,498.59,495.6,491.9,479.63,470.36,460.7,447.66,434.72,409.53,421.61,409.87,405.9,396.47,391.15,376.56,363.07,353.6,347.7,331.97,330.64,324.12,320.06,NaN
A,HAB_P,TR10,NaN,486.95,496.15,480.63,472.28,460.11,445.51,572.96,553.76,486.67,502.21,493.96,498.62,509.29,520.33,470.1,458.28,446.58,481.29,467.43,455.16,448.7,442.01,417.11,397.0,383.13,375.79,333.98,333.3,330.94,336.7,NaN
A,HAB_P,TR21,NaN,857.02,857.02,832.86,815.9,725.57,715.49,627.55,579.34,457.67,482.81,482.29,422.58,431.49,440.23,417.01,414.33,402.66,408.97,398.57,396.03,380.96,375.8,334.01,325.56,327.04,324.65,308.4,303.18,309.33,314.07,NaN
A,HAB_P,TR22,NaN,564.43,558.19,549.34,544.1,540.77,513.43,532.62,518.4,442.03,441.15,428.32,432.93,392.28,412.91,406.64,393.94,377.45,407.76,404.96,404.4,410.7,405.14,406.07,377.78,353.87,352.46,350.49,347.57,349.62,353.1,NaN
A,HAB_P,TR31,NaN,519.11,510.64,497.81,482.04,469.88,444.96,462.63,459.14,395.94,397.07,380.53,388.61,394.75,386.24,372.14,374.17,367.45,386.52,378.53,380.29,377.27,376.81,378.3,362.4,360.58,354.66,362.75,357.71,354.3,307.33,NaN
A,HAB_P,TR32,NaN,804.22,786.63,775.58,748.19,707.95,714.32,704.88,639.58,614.79,605.29,574.06,549.67,566.18,535.31,516.45,528.54,474.97,479.09,464.7,430.72,410.54,395.88,387.89,369.14,367.52,367.09,363.37,354.83,354.97,348.33,NaN
A,HAB_P,TR33,NaN,615.21,610.37,584.15,535.71,505.65,493.58,494.21,472.66,459.83,453.84,426.62,426.8,387.15,378.96,399.26,391.99,387.73,368.16,363.89,362.35,356.85,350.08,337.1,322.58,313.64,309.91,305.59,303.86,303.25,310.14,NaN
A,HAB_P,TR41,NaN,649.18,646.61,607.6,607.6,596.52,593.92,608.32,597.22,493.44,508.1,477.43,449.6,428.18,426.22,415.82,421.61,385.37,400.39,393.53,395.05,386.24,385.37,382.09,390.52,363.71,346.12,329.16,335.76,340.94,341.38,NaN
A,HAB_P,TR42,NaN,1027.54,973.39,830.62,773.48,766.6,747.39,1111.14,1020.52,840.33,773.94,743.1,694.41,681.36,604.3,578.43,558.69,527.39,516.1,483.66,472.24,443.21,423.65,428.66,434.23,427.62,418.5,391.55,393.72,396.81,383.51,NaN
A,HAB_P,TR51,NaN,384.6,383.77,383.13,380.56,370.84,362.56,430.23,425.58,299.99,279.57,294.08,300.26,291.83,279.76,281.92,271.48,248.94,297.38,295.79,305.23,295.26,303.94,292.14,299.39,300.91,288.29,284.92,296.38,241.39,231.53,NaN
A,HAB_P,TR52,NaN,829.96,840.75,804.16,804.16,777.45,753.61,672.0,625.96,535.06,532.28,547.33,483.29,494.87,476.82,482.06,454.76,345.25,337.66,332.68,336.97,336.74,353.75,321.88,322.72,302.46,301.6,271.76,269.39,272.04,272.29,NaN
A,HAB_P,TR61,NaN,624.54,601.21,597.2,574.35,554.26,507.23,588.35,545.69,504.29,532.08,527.79,484.96,472.26,465.6,477.29,456.92,429.0,402.42,410.0,408.02,401.6,381.25,373.49,331.72,315.28,312.94,313.53,313.75,321.75,327.2,NaN
A,HAB_P,TR62,NaN,639.7,587.62,607.53,599.4,569.78,549.6,617.57,617.57,578.77,554.35,558.19,514.49,495.29,482.55,483.24,481.63,439.5,431.37,424.02,416.93,407.08,391.94,393.62,344.22,342.12,340.68,331.33,328.91,323.9,342.18,NaN
A,HAB_P,TR63,NaN,1387.82,1387.82,1227.74,1134.96,1161.41,1102.99,1298.51,1195.61,1004.31,885.12,931.76,856.77,828.08,789.14,720.98,701.75,630.46,613.64,575.22,560.9,510.42,471.96,420.93,404.32,390.21,391.36,382.25,375.88,379.03,338.42,NaN
A,HAB_P,TR71,NaN,749.74,746.25,746.25,654.83,625.46,598.61,714.02,698.77,538.69,552.81,579.37,557.03,551.1,537.25,519.16,483.77,418.28,464.03,453.4,489.97,462.29,438.77,430.29,396.27,390.38,387.44,381.51,341.02,342.8,347.16,NaN
A,HAB_P,TR72,NaN,487.96,487.96,487.96,479.41,470.25,443.47,481.28,445.72,411.86,423.48,404.75,431.35,420.51,414.63,406.89,390.8,362.54,334.46,331.84,330.95,326.99,328.56,318.03,310.65,290.52,290.31,285.81,273.79,277.68,278.49,NaN
A,HAB_P,TR81,NaN,425.32,403.98,404.14,400.27,400.27,395.73,457.48,432.17,378.15,340.84,377.19,341.17,364.83,339.84,350.19,344.77,360.19,338.19,333.88,332.71,334.84,323.06,319.22,322.86,313.11,309.55,298.87,299.0,292.37,293.74,NaN
A,HAB_P,TR82,NaN,341.73,343.16,341.02,341.02,334.07,324.16,407.29,402.49,352.16,382.93,389.48,385.63,354.44,390.97,420.67,405.48,423.28,401.11,373.67,402.49,399.16,420.89,402.88,394.92,390.22,376.85,333.06,330.91,326.57,349.05,NaN
A,HAB_P,TR83,NaN,470.63,470.24,445.31,436.36,434.68,419.81,431.49,418.81,359.58,361.93,370.0,359.31,348.96,352.27,365.45,342.73,343.9,346.98,342.73,343.98,329.95,332.47,331.53,312.35,302.83,292.05,280.43,278.16,279.01,280.78,NaN
A,HAB_P,TR90,NaN,427.4,429.09,420.79,412.17,402.71,398.87,441.13,414.25,389.73,377.71,378.97,364.49,369.14,359.58,365.03,338.37,335.82,339.68,322.71,326.19,327.49,334.17,317.84,315.33,310.83,305.96,280.42,288.34,289.1,294.11,NaN
A,HAB_P,TRA1,NaN,369.57,369.57,385.98,300.79,300.79,294.67,332.56,332.67,263.82,260.53,257.75,246.46,259.91,255.45,246.46,231.84,231.44,253.83,251.6,247.98,250.5,246.18,266.21,252.48,248.95,248.43,237.84,230.71,234.02,235.83,NaN
A,HAB_P,TRA2,NaN,1380.24,1300.46,1278.29,1209.57,1196.7,1196.7,1212.17,1318.75,863.98,877.46,955.73,812.2,654.77,650.61,636.61,600.91,623.9,638.06,539.0,525.9,529.11,535.41,548.46,532.62,528.37,523.15,501.62,500.37,489.77,479.62,NaN
A,HAB_P,TRB1,NaN,489.87,489.19,477.92,434.33,429.36,414.22,477.66,418.94,371.28,380.58,358.44,323.26,319.04,325.53,308.65,321.25,293.24,290.68,293.39,289.86,284.34,273.32,286.01,268.0,259.43,258.66,249.72,241.69,231.35,232.75,NaN
A,HAB_P,TRB2,NaN,1403.0,1380.66,1338.05,1052.25,1015.29,1015.29,1081.66,986.64,828.93,757.92,749.27,682.72,683.15,586.32,558.67,532.59,525.11,546.14,537.48,493.66,480.2,477.66,439.86,438.71,435.62,418.5,419.22,412.69,405.5,402.02,NaN
A,HAB_P,TRC1,NaN,1205.01,1058.95,965.67,965.67,903.27,903.27,1053.76,1003.81,927.85,963.67,964.01,885.53,802.65,738.8,686.21,652.27,575.94,580.61,513.62,493.66,471.91,460.49,385.98,372.1,365.92,354.92,348.25,345.65,319.85,279.62,NaN
A,HAB_P,TRC2,NaN,1065.97,1015.69,989.03,945.83,920.42,920.42,1056.11,977.49,785.21,810.19,788.99,852.15,777.75,758.34,710.98,696.91,596.99,591.83,536.4,509.42,510.74,492.45,455.7,446.21,434.83,434.73,435.61,429.16,430.28,433.99,NaN
A,HAB_P,TRC3,NaN,2114.96,2085.99,2030.36,1937.37,1889.3,1921.07,2466.69,2554.99,2055.95,1855.53,1858.55,2158.94,1515.7,1203.46,1104.53,872.82,878.18,754.35,710.69,691.33,635.72,606.04,565.95,539.99,539.35,538.91,471.05,492.42,493.31,476.79,NaN
A,NR,AT,68729.0,68218.0,67853.0,67173.0,66480.0,65373.0,64594.0,63674.0,63114.0,63092.0,62806.0,63206.0,63248.0,63354.0,64307.0,64018.0,64069.0,64008.0,64417.0,64691.0,64825.0,64815.0,65138.0,64838.0,64805.0,64285.0,63838.0,62873.0,61927.0,60739.0,60306.0,NaN
A,NR,AT11,1690.0,1730.0,1743.0,1705.0,1691.0,1637.0,1630.0,1610.0,1627.0,1649.0,1559.0,1581.0,1575.0,1633.0,1655.0,1628.0,1609.0,1610.0,1537.0,1716.0,1741.0,1732.0,1719.0,1757.0,1813.0,1772.0,1726.0,1696.0,1631.0,1586.0,1627.0,NaN
A,NR,AT12,11173.0,11084.0,11145.0,11023.0,10942.0,10739.0,10661.0,10468.0,10423.0,10267.0,10227.0,10367.0,10452.0,10581.0,10978.0,11130.0,11163.0,11387.0,11255.0,11343.0,11366.0,11540.0,11536.0,11427.0,11220.0,11282.0,11285.0,11347.0,11219.0,11046.0,11141.0,NaN
A,NR,AT13,14544.0,14677.0,14706.0,14436.0,14460.0,14126.0,13931.0,13849.0,13609.0,13827.0,13718.0,13505.0,13314.0,13180.0,13395.0,13244.0,13442.0,13434.0,13725.0,13627.0,13913.0,14255.0,14835.0,14756.0,14717.0,14321.0,14319.0,13938.0,13510.0,13208.0,13171.0,NaN
A,NR,AT21,5551.0,5433.0,5295.0,5140.0,5191.0,5154.0,5165.0,5079.0,5080.0,5092.0,5146.0,5084.0,5142.0,5241.0,5287.0,5203.0,5085.0,5013.0,4972.0,4939.0,4874.0,4810.0,4799.0,4693.0,4544.0,4593.0,4511.0,4292.0,4361.0,4327.0,4274.0,NaN
A,NR,AT22,11801.0,11613.0,11447.0,11735.0,11335.0,11147.0,10899.0,10641.0,10460.0,10369.0,10314.0,10583.0,10499.0,10513.0,10862.0,10862.0,10841.0,10707.0,10598.0,10545.0,10477.0,10202.0,10153.0,10085.0,10182.0,10122.0,9974.0,9779.0,9757.0,9502.0,9244.0,NaN
A,NR,AT31,11532.0,11317.0,11108.0,10997.0,10744.0,10587.0,10507.0,10420.0,10382.0,10251.0,10195.0,10254.0,10507.0,10451.0,10420.0,10331.0,10289.0,10352.0,10323.0,10206.0,10099.0,9935.0,9895.0,9875.0,10133.0,10149.0,10057.0,10071.0,9837.0,9660.0,9493.0,NaN
A,NR,AT32,4943.0,4954.0,5099.0,5019.0,4962.0,4881.0,4887.0,4726.0,4739.0,4712.0,4751.0,4821.0,4792.0,4764.0,4762.0,4787.0,4764.0,4792.0,4889.0,5091.0,5078.0,5056.0,4980.0,5029.0,4948.0,4891.0,4840.0,4656.0,4480.0,4545.0,4505.0,NaN
A,NR,AT33,5022.0,4946.0,4891.0,4753.0,4770.0,4761.0,4659.0,4638.0,4621.0,4697.0,4700.0,4818.0,4793.0,4815.0,4782.0,4743.0,4782.0,4643.0,4904.0,4993.0,5056.0,5061.0,5004.0,5014.0,5051.0,5042.0,5031.0,5012.0,4994.0,4742.0,4731.0,NaN
A,NR,AT34,2473.0,2464.0,2419.0,2365.0,2385.0,2341.0,2255.0,2243.0,2173.0,2228.0,2196.0,2193.0,2174.0,2176.0,2166.0,2090.0,2094.0,2070.0,2214.0,2231.0,2221.0,2224.0,2217.0,2202.0,2197.0,2113.0,2095.0,2082.0,2138.0,2123.0,2120.0,NaN
A,NR,BE,74241.0,72156.0,71509.0,70814.0,70419.0,69758.0,69471.0,68903.0,68104.0,67570.0,67739.0,67566.0,67430.0,67009.0,66588.0,66925.0,66422.0,66645.0,66785.0,66477.0,66148.0,65590.0,65753.0,65314.0,64423.0,64248.0,63962.0,63847.0,63634.0,63572.0,63507.0,63544.0
A,NR,BE10,9222.0,9008.0,8957.0,8969.0,8989.0,8906.0,8914.0,8899.0,8959.0,8908.0,8903.0,8896.0,8892.0,8891.0,8844.0,8632.0,8665.0,8610.0,8601.0,8577.0,8554.0,8419.0,8773.0,8718.0,8612.0,8612.0,8611.0,8621.0,8619.0,8617.0,8617.0,8617.0
A,NR,BE21,11803.0,11383.0,11442.0,11286.0,11193.0,11145.0,11092.0,11093.0,10982.0,10750.0,10845.0,10730.0,10722.0,10530.0,10077.0,10633.0,10224.0,10632.0,10608.0,10606.0,10562.0,10481.0,10483.0,10461.0,10332.0,10274.0,10217.0,10202.0,10166.0,10145.0,10154.0,10210.0
A,NR,BE22,4884.0,4725.0,4664.0,4624.0,4616.0,4616.0,4606.0,4605.0,4520.0,4457.0,4420.0,4419.0,4410.0,4396.0,4395.0,4390.0,4403.0,4399.0,4396.0,4354.0,4238.0,4249.0,4252.0,4247.0,4226.0,4226.0,4226.0,4226.0,4212.0,4212.0,4212.0,4212.0
A,NR,BE23,9801.0,9564.0,9565.0,9484.0,9426.0,9331.0,9331.0,9465.0,9402.0,9533.0,9507.0,9498.0,9504.0,9376.0,9451.0,9464.0,9464.0,9406.0,9397.0,9309.0,9285.0,9274.0,9225.0,9197.0,9141.0,9125.0,9104.0,9072.0,9027.0,9016.0,8993.0,8988.0
A,NR,BE24,5938.0,5806.0,5802.0,5730.0,5700.0,5524.0,5428.0,5519.0,5148.0,5026.0,5123.0,5120.0,5085.0,5023.0,5079.0,5074.0,5058.0,5070.0,5059.0,4967.0,4930.0,4926.0,4854.0,4844.0,4823.0,4844.0,4639.0,4631.0,4599.0,4598.0,4535.0,4535.0
A,NR,BE25,9320.0,9091.0,9001.0,8858.0,8782.0,8736.0,8736.0,8251.0,8254.0,8357.0,8357.0,8345.0,8323.0,8310.0,8303.0,8296.0,8131.0,8273.0,8296.0,8245.0,8179.0,8167.0,8181.0,8175.0,8138.0,8054.0,7897.0,7885.0,7852.0,7836.0,7833.0,7833.0
A,NR,BE31,1586.0,1557.0,1557.0,1560.0,1560.0,1560.0,1580.0,1333.0,1331.0,1331.0,1331.0,1331.0,1331.0,1331.0,1331.0,1331.0,1331.0,1326.0,1324.0,1324.0,1322.0,1017.0,1017.0,1007.0,948.0,946.0,956.0,950.0,934.0,934.0,934.0,937.0
A,NR,BE32,10754.0,10234.0,9780.0,9621.0,9478.0,9314.0,9177.0,8987.0,8881.0,8809.0,8752.0,8713.0,8653.0,8653.0,8626.0,8653.0,8666.0,8444.0,8623.0,8616.0,8587.0,8572.0,8559.0,8402.0,8162.0,8162.0,8232.0,8222.0,8195.0,8184.0,8199.0,8171.0
A,NR,BE33,6883.0,6788.0,6776.0,6769.0,6794.0,6751.0,6735.0,6760.0,6699.0,6540.0,6651.0,6666.0,6666.0,6655.0,6638.0,6615.0,6645.0,6650.0,6650.0,6648.0,6637.0,6616.0,6535.0,6423.0,6312.0,6283.0,6358.0,6316.0,6308.0,6308.0,6308.0,6319.0
A,NR,BE34,1290.0,1244.0,1203.0,1205.0,1183.0,1177.0,1183.0,1183.0,1204.0,1195.0,1186.0,1183.0,1175.0,1175.0,1175.0,1175.0,1175.0,1175.0,1175.0,1175.0,1175.0,1175.0,1175.0,1175.0,1168.0,1168.0,1168.0,1168.0,1168.0,1168.0,1168.0,1168.0
A,NR,BE35,2760.0,2756.0,2762.0,2708.0,2698.0,2698.0,2689.0,2808.0,2724.0,2664.0,2664.0,2665.0,2669.0,2669.0,2669.0,2662.0,2660.0,2660.0,2656.0,2656.0,2679.0,2694.0,2699.0,2665.0,2561.0,2554.0,2554.0,2554.0,2554.0,2554.0,2554.0,2554.0
A,NR,BG,88910.0,86092.0,87148.0,87549.0,85408.0,69422.0,61535.0,60552.0,56984.0,51030.0,49171.0,47709.0,49626.0,47719.0,48749.0,49507.0,50041.0,48934.0,47391.0,48308.0,49522.0,51505.0,51933.0,51816.0,52744.0,53173.0,53997.0,54216.0,54491.0,54707.0,55724.0,NaN
A,NR,BG31,12569.0,12440.0,12426.0,12404.0,11776.0,9236.0,8158.0,7637.0,6970.0,5714.0,5539.0,5573.0,5607.0,5388.0,5652.0,5608.0,5756.0,5441.0,5383.0,5292.0,5436.0,5507.0,5676.0,5582.0,5867.0,5779.0,5828.0,5899.0,6108.0,6147.0,6338.0,NaN
A,NR,BG32,12054.0,11746.0,11585.0,11445.0,10798.0,8562.0,7708.0,6976.0,6433.0,5587.0,5464.0,5468.0,5500.0,5363.0,5473.0,5548.0,5593.0,5219.0,4941.0,4886.0,5136.0,5202.0,5347.0,5151.0,5165.0,5213.0,5250.0,5367.0,5476.0,5451.0,5340.0,NaN
A,NR,BG33,10728.0,10498.0,10532.0,10479.0,10097.0,8172.0,7353.0,6585.0,6365.0,5555.0,5380.0,5211.0,5011.0,4786.0,4771.0,4762.0,4905.0,4643.0,4617.0,4490.0,4575.0,4697.0,4908.0,4713.0,4792.0,4932.0,4972.0,4936.0,4843.0,5033.0,5036.0,NaN
A,NR,BG34,11948.0,11413.0,11762.0,11791.0,11340.0,8776.0,8160.0,8650.0,8145.0,6875.0,6767.0,6692.0,6653.0,6474.0,6648.0,6846.0,6998.0,6634.0,6066.0,6147.0,6466.0,6812.0,6485.0,6733.0,6844.0,6805.0,6890.0,6838.0,7002.0,7094.0,7534.0,NaN
A,NR,BG41,22287.0,21701.0,22207.0,21990.0,21667.0,19081.0,16541.0,17425.0,16372.0,14729.0,14391.0,14096.0,14057.0,13640.0,14002.0,14548.0,14630.0,14107.0,13537.0,13789.0,13928.0,14626.0,14781.0,14634.0,14805.0,15036.0,15513.0,15866.0,15666.0,15562.0,15925.0,NaN
A,NR,BG42,15875.0,15786.0,15786.0,16117.0,15425.0,11463.0,10773.0,10814.0,10664.0,9400.0,9155.0,9139.0,9273.0,9108.0,9251.0,9718.0,10113.0,9840.0,9620.0,9999.0,10246.0,10913.0,11131.0,11308.0,11614.0,11653.0,11616.0,11730.0,11792.0,11758.0,11900.0,NaN
A,NR,CH,NaN,NaN,NaN,NaN,NaN,47119.0,47209.0,45170.0,43643.0,43308.0,42742.0,41897.0,41196.0,40347.0,40475.0,39852.0,39527.0,40638.0,39937.0,39783.0,39232.0,38764.0,39176.0,39254.0,39330.0,39401.0,39390.0,38705.0,38592.0,38801.0,38812.0,NaN
A,NR,CH01,NaN,NaN,NaN,NaN,NaN,8371.0,8123.0,8462.0,8339.0,8387.0,8354.0,8248.0,8209.0,7930.0,7853.0,7826.0,7719.0,7936.0,8088.0,8230.0,8003.0,8123.0,8250.0,8279.0,8305.0,8281.0,8265.0,7976.0,7767.0,7778.0,7838.0,NaN
A,NR,CH02,NaN,NaN,NaN,NaN,NaN,10593.0,10416.0,9201.0,8931.0,8788.0,8541.0,8553.0,8440.0,8319.0,8176.0,8118.0,8044.0,8300.0,8190.0,8143.0,8078.0,7670.0,7983.0,7944.0,7885.0,8025.0,8019.0,7784.0,7747.0,7801.0,7794.0,NaN
A,NR,CH03,NaN,NaN,NaN,NaN,NaN,7245.0,7719.0,7324.0,7196.0,7237.0,7164.0,7002.0,6774.0,6691.0,6371.0,6471.0,6461.0,6551.0,6400.0,6451.0,6290.0,6310.0,6168.0,6128.0,6209.0,6232.0,6316.0,6261.0,6406.0,6546.0,6614.0,NaN
A,NR,CH04,NaN,NaN,NaN,NaN,NaN,8333.0,8225.0,8034.0,7608.0,7607.0,7517.0,7358.0,7266.0,6991.0,6941.0,6978.0,6908.0,6656.0,6482.0,6464.0,6297.0,6310.0,6366.0,6289.0,6391.0,6253.0,6281.0,6117.0,5988.0,5979.0,5919.0,NaN
A,NR,CH05,NaN,NaN,NaN,NaN,NaN,7119.0,7215.0,7063.0,6670.0,6425.0,6470.0,6075.0,5912.0,5834.0,6618.0,6010.0,5945.0,6612.0,6306.0,6081.0,6083.0,5915.0,5929.0,6049.0,5911.0,5952.0,5880.0,5916.0,5923.0,5959.0,5997.0,NaN
A,NR,CH06,NaN,NaN,NaN,NaN,NaN,2952.0,3028.0,2757.0,2651.0,2621.0,2598.0,2627.0,2613.0,2600.0,2591.0,2565.0,2562.0,2636.0,2613.0,2546.0,2580.0,2531.0,2576.0,2637.0,2673.0,2702.0,2696.0,2728.0,2786.0,2748.0,2703.0,NaN
A,NR,CH07,NaN,NaN,NaN,NaN,NaN,2506.0,2483.0,2329.0,2248.0,2243.0,2098.0,2034.0,1982.0,1982.0,1925.0,1884.0,1888.0,1947.0,1858.0,1868.0,1901.0,1905.0,1904.0,1928.0,1956.0,1956.0,1933.0,1923.0,1975.0,1990.0,1947.0,NaN
A,NR,CZ,NaN,NaN,87784.0,85246.0,82835.0,81673.0,79551.0,79985.0,79354.0,79177.0,78825.0,78004.0,77309.0,76245.0,75502.0,74924.0,74607.0,76864.0,74590.0,73296.0,70922.0,70738.0,70794.0,70903.0,70698.0,70807.0,70711.0,69990.0,70029.0,69821.0,69601.0,NaN
A,NR,CZ01,NaN,NaN,NaN,NaN,NaN,NaN,NaN,NaN,NaN,NaN,NaN,NaN,NaN,NaN,11562.0,11543.0,11406.0,11972.0,11503.0,11235.0,10837.0,10898.0,10989.0,10968.0,10937.0,10899.0,10857.0,10664.0,10759.0,10535.0,10535.0,NaN
A,NR,CZ02,NaN,NaN,NaN,NaN,NaN,NaN,NaN,NaN,NaN,NaN,NaN,NaN,NaN,NaN,6894.0,6906.0,7135.0,7364.0,7183.0,7215.0,6864.0,6844.0,6849.0,6896.0,6864.0,6948.0,6873.0,6830.0,6800.0,6788.0,6863.0,NaN
A,NR,CZ03,NaN,NaN,NaN,NaN,NaN,NaN,NaN,NaN,NaN,NaN,NaN,NaN,NaN,NaN,8648.0,8535.0,8592.0,8967.0,8708.0,8639.0,8290.0,8262.0,8250.0,8140.0,8062.0,8102.0,8309.0,8226.0,8214.0,8222.0,8204.0,NaN
A,NR,CZ04,NaN,NaN,NaN,NaN,NaN,NaN,NaN,NaN,NaN,NaN,NaN,NaN,NaN,NaN,7660.0,7605.0,7599.0,7588.0,7382.0,7236.0,7070.0,7035.0,7011.0,7101.0,7119.0,7046.0,6980.0,6911.0,6880.0,6882.0,6884.0,NaN
A,NR,CZ05,NaN,NaN,NaN,NaN,NaN,NaN,NaN,NaN,NaN,NaN,NaN,NaN,NaN,NaN,10203.0,10132.0,10286.0,10228.0,10009.0,9882.0,9749.0,9726.0,9725.0,9711.0,9651.0,9679.0,9626.0,9486.0,9601.0,9621.0,9354.0,NaN
A,NR,CZ06,NaN,NaN,NaN,NaN,NaN,NaN,NaN,NaN,NaN,NaN,NaN,NaN,NaN,NaN,13074.0,12997.0,12875.0,13180.0,12665.0,12486.0,11994.0,11928.0,11909.0,12001.0,12058.0,12171.0,12059.0,12023.0,12042.0,12083.0,12031.0,NaN
A,NR,CZ07,NaN,NaN,NaN,NaN,NaN,NaN,NaN,NaN,NaN,NaN,NaN,NaN,NaN,NaN,8602.0,8531.0,8405.0,8671.0,8514.0,8275.0,7898.0,7835.0,7764.0,7772.0,7754.0,7740.0,7751.0,7701.0,7591.0,7551.0,7566.0,NaN
A,NR,CZ08,NaN,NaN,NaN,NaN,NaN,NaN,NaN,NaN,NaN,NaN,NaN,NaN,NaN,NaN,8859.0,8675.0,8309.0,8894.0,8626.0,8328.0,8220.0,8210.0,8297.0,8314.0,8253.0,8222.0,8256.0,8149.0,8142.0,8139.0,8164.0,NaN
A,NR,DE,784289.0,790851.0,790756.0,783631.0,769294.0,762596.0,754865.0,749473.0,741933.0,731919.0,721690.0,707806.0,698303.0,683484.0,677799.0,674420.0,674830.0,674473.0,672573.0,670443.0,667560.0,666337.0,664364.0,663941.0,661448.0,661880.0,657662.0,650167.0,645620.0,642107.0,638354.0,NaN
A,NR,DK,NaN,NaN,NaN,NaN,24538.0,24082.0,23352.0,22927.0,22604.0,23040.0,22281.0,21462.0,20902.0,20613.0,20159.0,19615.0,19296.0,19405.0,17433.0,NaN,17241.0,15174.0,14380.0,14871.0,15037.0,15131.0,15076.0,15089.0,14716.0,14620.0,13845.0,NaN
A,NR,DK01,NaN,NaN,NaN,NaN,NaN,NaN,NaN,NaN,NaN,NaN,NaN,NaN,NaN,NaN,7117.0,6957.0,6859.0,7744.0,6065.0,NaN,5933.0,4418.0,4434.0,5743.0,5567.0,5502.0,5478.0,5539.0,5436.0,5244.0,5133.0,NaN
A,NR,DK02,NaN,NaN,NaN,NaN,NaN,NaN,NaN,NaN,NaN,NaN,NaN,NaN,NaN,NaN,2790.0,2679.0,2748.0,2446.0,2623.0,NaN,2596.0,2539.0,2540.0,2359.0,2457.0,2348.0,2308.0,2316.0,2254.0,2269.0,2051.0,NaN
A,NR,DK03,NaN,NaN,NaN,NaN,NaN,NaN,NaN,NaN,NaN,NaN,NaN,NaN,NaN,NaN,4101.0,3936.0,3855.0,3675.0,3655.0,NaN,3566.0,3529.0,2798.0,2681.0,2793.0,2972.0,3090.0,3062.0,2912.0,2971.0,2720.0,NaN
A,NR,DK04,NaN,NaN,NaN,NaN,NaN,NaN,NaN,NaN,NaN,NaN,NaN,NaN,NaN,NaN,4186.0,4118.0,3941.0,3720.0,3314.0,NaN,3524.0,3075.0,3118.0,2805.0,2886.0,2961.0,2871.0,2871.0,2894.0,2838.0,2674.0,NaN
A,NR,DK05,NaN,NaN,NaN,NaN,NaN,NaN,NaN,NaN,NaN,NaN,NaN,NaN,NaN,NaN,1965.0,1925.0,1893.0,1820.0,1776.0,NaN,1622.0,1613.0,1490.0,1283.0,1334.0,1348.0,1329.0,1301.0,1220.0,1298.0,1267.0,NaN
A,NR,EL,52144.0,51788.0,52227.0,52586.0,52474.0,52495.0,51404.0,51500.0,52276.0,51781.0,51762.0,51871.0,52511.0,53701.0,53888.0,53652.0,54704.0,49828.0,49692.0,49100.0,46510.0,46160.0,45945.0,45273.0,45267.0,45053.0,44518.0,44921.0,44794.0,44468.0,44111.0,NaN
A,NR,EL30,24944.0,24878.0,24800.0,25312.0,25079.0,24874.0,23810.0,22979.0,23696.0,23628.0,23159.0,23189.0,23113.0,23401.0,23499.0,23283.0,23863.0,21862.0,22036.0,22045.0,20287.0,19991.0,19491.0,19184.0,19040.0,18982.0,18742.0,18556.0,18416.0,18171.0,17902.0,NaN
A,NR,EL41,600.0,600.0,594.0,602.0,600.0,601.0,604.0,613.0,628.0,621.0,641.0,636.0,624.0,663.0,674.0,689.0,691.0,659.0,646.0,603.0,634.0,623.0,621.0,621.0,630.0,624.0,624.0,656.0,653.0,664.0,691.0,NaN
A,NR,EL42,1600.0,1600.0,1574.0,1464.0,1393.0,1387.0,1382.0,1396.0,1400.0,1306.0,1198.0,1095.0,1317.0,1458.0,1428.0,1258.0,1493.0,1484.0,1043.0,1008.0,1007.0,1075.0,1018.0,1015.0,1057.0,1106.0,791.0,831.0,886.0,890.0,881.0,NaN
A,NR,EL43,2700.0,2800.0,2950.0,2947.0,2966.0,2979.0,2989.0,3010.0,2989.0,3055.0,3030.0,2912.0,2866.0,2841.0,2823.0,2868.0,2893.0,2571.0,2565.0,2445.0,2416.0,2476.0,2379.0,2397.0,2416.0,2392.0,2424.0,2425.0,2513.0,2460.0,2456.0,NaN
A,NR,EL51,1800.0,1700.0,1805.0,1911.0,1897.0,1898.0,1889.0,1999.0,1958.0,1984.0,2033.0,2148.0,2271.0,2305.0,2297.0,2327.0,2253.0,2108.0,2272.0,2251.0,2334.0,2466.0,2443.0,2449.0,2420.0,2423.0,2433.0,2549.0,2526.0,2505.0,2459.0,NaN
A,NR,EL52,9500.0,9510.0,9618.0,9486.0,9503.0,9547.0,9496.0,10081.0,10029.0,9728.0,9937.0,9899.0,10058.0,10031.0,10172.0,10402.0,10447.0,9248.0,9332.0,9040.0,8380.0,8198.0,8446.0,8533.0,8466.0,8447.0,8248.0,8290.0,8189.0,8131.0,8059.0,NaN
A,NR,EL53,1100.0,1100.0,1134.0,1119.0,1165.0,1175.0,1153.0,1168.0,1130.0,1135.0,1236.0,1232.0,1281.0,1296.0,1254.0,1276.0,1286.0,1168.0,1190.0,1242.0,1169.0,1173.0,1164.0,1137.0,1101.0,1079.0,1133.0,1138.0,1098.0,1098.0,1128.0,NaN
A,NR,EL54,1400.0,1400.0,1374.0,1375.0,1428.0,1427.0,1447.0,1442.0,1514.0,1411.0,1418.0,1535.0,1678.0,1670.0,1634.0,1702.0,1703.0,1584.0,1585.0,1627.0,1470.0,1420.0,1438.0,1438.0,1439.0,1459.0,1541.0,1591.0,1578.0,1555.0,1541.0,NaN
A,NR,EL61,2500.0,2500.0,2493.0,2525.0,2585.0,2679.0,2740.0,2926.0,3004.0,3066.0,3236.0,3381.0,3276.0,3931.0,3808.0,3957.0,4094.0,3863.0,4045.0,3768.0,3750.0,3812.0,3968.0,3747.0,3953.0,3845.0,3918.0,4105.0,4020.0,3957.0,4023.0,NaN
A,NR,EL62,1000.0,1000.0,981.0,977.0,959.0,949.0,949.0,942.0,968.0,987.0,979.0,987.0,983.0,978.0,1098.0,749.0,753.0,658.0,546.0,545.0,548.0,558.0,566.0,551.0,601.0,609.0,605.0,677.0,666.0,675.0,666.0,NaN
A,NR,EL63,2100.0,2000.0,2087.0,2062.0,2131.0,2178.0,2235.0,2225.0,2259.0,2221.0,2192.0,2105.0,2222.0,2252.0,2322.0,2304.0,2316.0,1935.0,2073.0,2122.0,2186.0,2012.0,2087.0,2051.0,1998.0,1950.0,1949.0,1978.0,2044.0,2012.0,1982.0,NaN
A,NR,EL64,1100.0,1000.0,1092.0,1079.0,1037.0,1059.0,996.0,1024.0,1021.0,983.0,992.0,1030.0,997.0,1062.0,1051.0,1044.0,1050.0,976.0,948.0,977.0,922.0,953.0,955.0,868.0,880.0,879.0,862.0,932.0,990.0,1094.0,1064.0,NaN
A,NR,EL65,1800.0,1700.0,1725.0,1727.0,1731.0,1742.0,1714.0,1695.0,1680.0,1656.0,1711.0,1722.0,1825.0,1813.0,1828.0,1793.0,1862.0,1712.0,1411.0,1427.0,1407.0,1403.0,1369.0,1282.0,1266.0,1258.0,1248.0,1193.0,1215.0,1256.0,1259.0,NaN
A,NR,ES,158944.0,157433.0,154644.0,153433.0,151345.0,150010.0,149646.0,148081.0,146369.0,146104.0,144916.0,145877.0,145863.0,146241.0,146840.0,146934.0,146310.0,144951.0,142394.0,139895.0,138153.0,137877.0,138368.0,137867.0,138581.0,139061.0,138861.0,139977.0,140397.0,140551.0,139440.0,NaN
A,NR,ES11,10903.0,10797.0,10719.0,10570.0,10348.0,10239.0,10029.0,9923.0,9835.0,9664.0,9557.0,9928.0,9836.0,9886.0,9901.0,9919.0,9863.0,9904.0,9508.0,9610.0,9259.0,9072.0,9126.0,9045.0,9005.0,8975.0,8906.0,8928.0,8669.0,8644.0,8617.0,NaN
A,NR,ES12,4264.0,4149.0,4052.0,4127.0,4110.0,4026.0,4009.0,4089.0,3834.0,3995.0,3879.0,3783.0,3838.0,3838.0,3839.0,3771.0,3751.0,3661.0,3579.0,3561.0,3516.0,3421.0,3409.0,3403.0,3479.0,3484.0,3529.0,3538.0,3550.0,3564.0,3557.0,NaN
A,NR,ES13,2232.0,2213.0,2231.0,2268.0,2230.0,2205.0,2100.0,2030.0,2078.0,2076.0,2088.0,2069.0,2091.0,2039.0,2110.0,2070.0,2034.0,1970.0,1905.0,1888.0,1861.0,1901.0,1927.0,1914.0,1897.0,1906.0,1911.0,2029.0,1947.0,1900.0,1835.0,NaN
A,NR,ES21,9500.0,8983.0,8759.0,8692.0,8403.0,8334.0,8335.0,8206.0,8111.0,8110.0,7985.0,8016.0,8118.0,8049.0,8048.0,8018.0,7916.0,7896.0,7718.0,7627.0,7381.0,7299.0,7248.0,7152.0,7148.0,7010.0,7112.0,7270.0,7233.0,7276.0,7246.0,NaN
A,NR,ES22,2717.0,2660.0,2609.0,2575.0,2609.0,2527.0,2331.0,2310.0,2300.0,2257.0,2236.0,2251.0,2249.0,2128.0,2319.0,2356.0,2367.0,2370.0,2378.0,2208.0,2168.0,2146.0,2118.0,2125.0,2126.0,2140.0,2191.0,2253.0,2202.0,2155.0,2185.0,NaN
A,NR,ES23,1024.0,975.0,948.0,956.0,995.0,989.0,884.0,857.0,883.0,888.0,895.0,980.0,937.0,950.0,948.0,940.0,889.0,934.0,931.0,919.0,990.0,1004.0,1002.0,1012.0,1015.0,998.0,1018.0,1045.0,1025.0,1025.0,1034.0,NaN
A,NR,ES24,5714.0,5562.0,5431.0,5398.0,5248.0,5255.0,5128.0,5070.0,5027.0,5028.0,5037.0,5008.0,4986.0,5035.0,4921.0,5019.0,5045.0,5002.0,4958.0,4834.0,4840.0,4880.0,4861.0,4884.0,4934.0,4933.0,4802.0,4859.0,4855.0,4824.0,4758.0,NaN
A,NR,ES30,21433.0,21458.0,20748.0,20316.0,19953.0,19536.0,19224.0,18733.0,18209.0,18217.0,18227.0,18116.0,18716.0,18826.0,18834.0,19387.0,19113.0,18814.0,18812.0,18522.0,18268.0,18209.0,18017.0,17874.0,17930.0,18060.0,18282.0,18414.0,18161.0,17987.0,17902.0,NaN
A,NR,ES41,12380.0,12039.0,11756.0,11038.0,10962.0,10612.0,10689.0,10791.0,10732.0,10347.0,10263.0,10164.0,9818.0,9862.0,8972.0,8957.0,9007.0,8983.0,9154.0,8937.0,8640.0,8563.0,8576.0,8376.0,8419.0,8493.0,8415.0,8474.0,8557.0,8525.0,8298.0,NaN
A,NR,ES42,5103.0,5183.0,5178.0,5155.0,5205.0,5124.0,5058.0,4956.0,4906.0,4902.0,4849.0,4861.0,4838.0,4976.0,5126.0,5260.0,5384.0,5253.0,5191.0,4717.0,4570.0,4559.0,4728.0,4812.0,4780.0,4740.0,4762.0,4780.0,5049.0,5007.0,5054.0,NaN
A,NR,ES43,4114.0,4161.0,4021.0,3986.0,3962.0,3880.0,3768.0,3853.0,3815.0,3877.0,3899.0,3697.0,3721.0,3685.0,3819.0,3914.0,3823.0,3898.0,3856.0,3762.0,3852.0,3802.0,3596.0,3527.0,3505.0,3526.0,3566.0,3715.0,3741.0,3663.0,3661.0,NaN
A,NR,ES51,30385.0,29817.0,29897.0,29754.0,29069.0,28752.0,29061.0,29054.0,28871.0,29588.0,29151.0,30014.0,29845.0,30448.0,30530.0,30457.0,30359.0,30122.0,28921.0,28629.0,27983.0,28187.0,28338.0,28575.0,28969.0,29198.0,29220.0,29375.0,29042.0,29225.0,29081.0,NaN
A,NR,ES52,12292.0,12045.0,11712.0,11761.0,11501.0,11619.0,11669.0,11405.0,11174.0,11335.0,11310.0,11494.0,11498.0,11697.0,12182.0,12083.0,12194.0,12282.0,11951.0,11616.0,11582.0,11606.0,11633.0,11643.0,11679.0,11722.0,11600.0,12039.0,12062.0,11824.0,11575.0,NaN
A,NR,ES53,3213.0,3285.0,3110.0,3303.0,3428.0,3473.0,3386.0,3339.0,3396.0,3361.0,3312.0,3265.0,3229.0,3188.0,3398.0,3425.0,3342.0,3356.0,3289.0,3286.0,3289.0,3352.0,3506.0,3531.0,3472.0,3530.0,3448.0,3418.0,3287.0,3362.0,3301.0,NaN
A,NR,ES61,21599.0,22265.0,21872.0,21786.0,21607.0,21618.0,21498.0,21492.0,21164.0,20752.0,20380.0,20310.0,19999.0,19953.0,20109.0,19570.0,19448.0,18733.0,18554.0,18159.0,18406.0,18242.0,18494.0,18253.0,18473.0,18443.0,18425.0,18600.0,19563.0,20258.0,19922.0,NaN
A,NR,ES62,3646.0,3483.0,3459.0,3740.0,3677.0,3800.0,3902.0,3810.0,3908.0,3677.0,3798.0,3977.0,4128.0,4223.0,4399.0,4492.0,4509.0,4565.0,4634.0,4660.0,4643.0,4677.0,4746.0,4752.0,4688.0,4759.0,4869.0,4673.0,4770.0,4659.0,4630.0,NaN
A,NR,ES63,321.0,260.0,260.0,262.0,246.0,215.0,230.0,220.0,227.0,230.0,228.0,185.0,185.0,182.0,182.0,197.0,185.0,176.0,179.0,182.0,180.0,180.0,178.0,178.0,177.0,177.0,179.0,174.0,170.0,166.0,168.0,NaN
A,NR,ES64,233.0,233.0,224.0,220.0,220.0,194.0,197.0,225.0,195.0,200.0,200.0,201.0,200.0,193.0,196.0,165.0,170.0,167.0,166.0,165.0,165.0,165.0,165.0,161.0,163.0,161.0,161.0,167.0,167.0,167.0,167.0,NaN
A,NR,ES70,7871.0,7865.0,7658.0,7526.0,7572.0,7612.0,8148.0,7718.0,7704.0,7600.0,7622.0,7558.0,7631.0,7083.0,7007.0,6934.0,6911.0,6865.0,6710.0,6613.0,6560.0,6612.0,6700.0,6650.0,6722.0,6806.0,6465.0,6226.0,6347.0,6320.0,6449.0,NaN
A,NR,FI,41807.0,41695.0,41483.0,41591.0,40586.0,40055.0,39285.0,39027.0,38715.0,38232.0,37759.0,37117.0,37000.0,36793.0,35609.0,34900.0,33380.0,31418.0,29771.0,28626.0,26447.0,24758.0,23469.0,21813.0,20680.0,19666.0,18734.0,16766.0,17186.0,15996.0,15588.0,NaN
A,NR,FI19,10829.0,10799.0,10660.0,10859.0,10549.0,10631.0,10338.0,9947.0,9846.0,9719.0,9659.0,9623.0,9650.0,9540.0,9208.0,9085.0,8844.0,8715.0,8079.0,7746.0,7115.0,6353.0,6219.0,5554.0,5477.0,5034.0,4814.0,4400.0,4521.0,4410.0,4240.0,NaN
A,NR,FI1B,NaN,NaN,NaN,NaN,NaN,NaN,NaN,9115.0,8986.0,8795.0,8517.0,8082.0,7904.0,7915.0,7757.0,7697.0,7534.0,6234.0,6380.0,6038.0,5742.0,5490.0,5525.0,5256.0,5356.0,4718.0,4452.0,4413.0,4563.0,3993.0,4072.0,NaN
A,NR,FI1C,NaN,NaN,NaN,NaN,NaN,NaN,NaN,8746.0,8713.0,8534.0,8458.0,8540.0,8614.0,8625.0,8255.0,8014.0,7418.0,7600.0,6744.0,6486.0,5806.0,5511.0,4970.0,4631.0,3987.0,4048.0,4011.0,3097.0,3284.0,3022.0,2918.0,NaN
A,NR,FI1D,NaN,NaN,NaN,NaN,NaN,NaN,NaN,11053.0,10988.0,10988.0,10940.0,10695.0,10654.0,10548.0,10231.0,9959.0,9436.0,8732.0,8442.0,8237.0,7684.0,7314.0,6679.0,6298.0,5789.0,5806.0,5446.0,4801.0,4748.0,4503.0,4290.0,NaN
A,NR,FI20,212.0,216.0,210.0,210.0,214.0,205.0,192.0,166.0,182.0,196.0,185.0,177.0,177.0,165.0,158.0,146.0,148.0,137.0,126.0,119.0,100.0,90.0,76.0,74.0,71.0,60.0,11.0,55.0,70.0,68.0,68.0,NaN
A,NR,FR,NaN,NaN,NaN,NaN,507996.0,500846.0,494960.0,484279.0,479025.0,475431.0,468418.0,462143.0,455175.0,451110.0,450615.0,443008.0,429674.0,416710.0,414204.0,414840.0,412788.0,410649.0,407875.0,403906.0,399255.0,395316.0,390703.0,385973.0,380607.0,373873.0,369363.0,NaN
A,NR,FR10,NaN,NaN,NaN,NaN,83026.0,81240.0,79501.0,77634.0,75800.0,76081.0,74592.0,74246.0,73309.0,73507.0,73947.0,73464.0,72770.0,70948.0,70771.0,70703.0,68975.0,68816.0,67987.0,67144.0,66703.0,65850.0,64045.0,63350.0,61420.0,59905.0,59967.0,NaN
A,NR,FRB0,NaN,NaN,NaN,NaN,20025.0,19987.0,19892.0,19599.0,19511.0,19029.0,18773.0,18817.0,18426.0,18188.0,18271.0,17354.0,16963.0,16244.0,16030.0,16080.0,16052.0,16083.0,16173.0,16143.0,15827.0,15594.0,15338.0,15283.0,15141.0,14825.0,14569.0,NaN
A,NR,FRC1,NaN,NaN,NaN,NaN,14999.0,14880.0,14815.0,14415.0,14422.0,14068.0,13690.0,13169.0,12921.0,12487.0,12388.0,12370.0,12053.0,11892.0,11670.0,11705.0,11701.0,11594.0,11565.0,11472.0,11297.0,11181.0,11206.0,10941.0,10659.0,10456.0,10241.0,NaN
A,NR,FRC2,NaN,NaN,NaN,NaN,10038.0,9859.0,9614.0,9411.0,9469.0,8485.0,8570.0,8499.0,8486.0,8381.0,8356.0,8154.0,7614.0,7661.0,7629.0,7555.0,7323.0,7239.0,7113.0,6983.0,6873.0,6676.0,6656.0,6516.0,6399.0,6093.0,5967.0,NaN
A,NR,FRD1,NaN,NaN,NaN,NaN,11956.0,11869.0,11738.0,11694.0,11528.0,11309.0,10916.0,11046.0,10755.0,10393.0,10480.0,10461.0,9897.0,9927.0,9723.0,9746.0,9451.0,9460.0,9292.0,9117.0,9041.0,8967.0,8894.0,8763.0,8835.0,8611.0,8400.0,NaN
A,NR,FRD2,NaN,NaN,NaN,NaN,12553.0,12295.0,12372.0,12070.0,11982.0,11862.0,11618.0,11425.0,10966.0,10931.0,10880.0,10948.0,10473.0,10428.0,10326.0,10622.0,10378.0,10507.0,10571.0,10556.0,10491.0,10479.0,10345.0,10374.0,10158.0,10071.0,10043.0,NaN
A,NR,FRE1,NaN,NaN,NaN,NaN,28910.0,28476.0,28573.0,27187.0,27665.0,27378.0,27211.0,26862.0,27224.0,26906.0,26933.0,27090.0,26438.0,25160.0,25067.0,25446.0,25345.0,25028.0,24840.0,24585.0,24315.0,24135.0,23931.0,23317.0,23330.0,23089.0,22756.0,NaN
A,NR,FRE2,NaN,NaN,NaN,NaN,15048.0,14649.0,14538.0,14154.0,14147.0,14043.0,13925.0,13784.0,13735.0,13670.0,13754.0,13712.0,13206.0,12275.0,12270.0,12210.0,12202.0,12068.0,11812.0,11595.0,11457.0,11201.0,11071.0,11029.0,10928.0,10814.0,10632.0,NaN
A,NR,FRF1,NaN,NaN,NaN,NaN,16247.0,16339.0,16105.0,16008.0,15985.0,15830.0,15678.0,15096.0,14750.0,14339.0,14182.0,13885.0,13312.0,12189.0,12096.0,11936.0,11925.0,11839.0,11755.0,11518.0,11239.0,11181.0,11195.0,10851.0,10659.0,10385.0,9929.0,NaN
A,NR,FRF2,NaN,NaN,NaN,NaN,10560.0,10495.0,10345.0,10179.0,9988.0,9975.0,9894.0,9833.0,9803.0,9733.0,9755.0,9615.0,8545.0,8358.0,8232.0,8211.0,7966.0,8241.0,8111.0,7964.0,7752.0,7616.0,7442.0,7379.0,7399.0,7379.0,7229.0,NaN
A,NR,FRF3,NaN,NaN,NaN,NaN,21060.0,20774.0,20456.0,19760.0,19538.0,19490.0,19328.0,19031.0,18755.0,18700.0,18395.0,17750.0,17145.0,16295.0,16045.0,15720.0,15642.0,15407.0,15217.0,14934.0,14772.0,14553.0,14268.0,13947.0,13616.0,13405.0,13206.0,NaN
A,NR,FRG0,NaN,NaN,NaN,NaN,25761.0,25455.0,25524.0,25263.0,24788.0,24521.0,24279.0,23963.0,23332.0,23098.0,22873.0,22281.0,21473.0,20332.0,20290.0,20487.0,20451.0,20259.0,20029.0,19831.0,19430.0,19220.0,19047.0,18729.0,18570.0,18312.0,17812.0,NaN
A,NR,FRH0,NaN,NaN,NaN,NaN,29113.0,28795.0,28222.0,27584.0,27192.0,27256.0,26659.0,25982.0,25472.0,24995.0,24887.0,24073.0,22677.0,21608.0,21516.0,21234.0,21185.0,21024.0,20860.0,20580.0,20374.0,20043.0,19790.0,19785.0,19534.0,19198.0,18909.0,NaN
A,NR,FRI1,NaN,NaN,NaN,NaN,26111.0,25724.0,25410.0,24771.0,24431.0,24317.0,24237.0,23965.0,23406.0,23183.0,23129.0,22584.0,22194.0,22141.0,22046.0,22056.0,22308.0,21949.0,21908.0,21711.0,21513.0,21113.0,20995.0,21005.0,20492.0,20293.0,20010.0,NaN
A,NR,FRI2,NaN,NaN,NaN,NaN,8385.0,8275.0,8205.0,8179.0,8049.0,7500.0,7232.0,7190.0,7003.0,7033.0,7036.0,7035.0,6427.0,6191.0,6126.0,6178.0,6166.0,6162.0,6058.0,6029.0,5909.0,5825.0,5762.0,5673.0,5638.0,5588.0,5469.0,NaN
A,NR,FRI3,NaN,NaN,NaN,NaN,12210.0,11920.0,12040.0,11885.0,11819.0,11787.0,11641.0,11657.0,11406.0,11459.0,11386.0,11122.0,10604.0,10521.0,10462.0,10557.0,10486.0,10625.0,10426.0,10267.0,10099.0,9916.0,9744.0,9685.0,9536.0,9377.0,9287.0,NaN
A,NR,FRJ1,NaN,NaN,NaN,NaN,22047.0,21698.0,21287.0,20922.0,20533.0,20317.0,20066.0,19568.0,19564.0,19589.0,19753.0,19517.0,19611.0,18885.0,18660.0,18761.0,18788.0,18682.0,18710.0,18849.0,18765.0,18599.0,18618.0,18632.0,18655.0,18471.0,18393.0,NaN
A,NR,FRJ2,NaN,NaN,NaN,NaN,22877.0,22558.0,21943.0,21468.0,21242.0,20822.0,20694.0,20367.0,20293.0,20212.0,20362.0,20087.0,19717.0,19170.0,19196.0,19324.0,19187.0,19269.0,19231.0,19075.0,19057.0,18904.0,18782.0,18663.0,18406.0,18181.0,18114.0,NaN
A,NR,FRK1,NaN,NaN,NaN,NaN,13367.0,13033.0,12952.0,12919.0,12555.0,12536.0,12513.0,12082.0,12056.0,12003.0,11856.0,11789.0,11701.0,10399.0,10220.0,10047.0,10124.0,10073.0,10064.0,10059.0,9932.0,9927.0,9830.0,9644.0,9520.0,9282.0,9072.0,NaN
A,NR,FRK2,NaN,NaN,NaN,NaN,50546.0,49905.0,49437.0,49006.0,48107.0,48271.0,47239.0,46431.0,44923.0,43761.0,43463.0,42101.0,39782.0,39753.0,39561.0,39815.0,39628.0,39260.0,39037.0,38810.0,38292.0,37864.0,37746.0,37216.0,36533.0,35680.0,35030.0,NaN
A,NR,FRL0,NaN,NaN,NaN,NaN,41155.0,40856.0,40388.0,38838.0,38944.0,39316.0,38579.0,37947.0,37490.0,37475.0,37272.0,36711.0,35950.0,35334.0,35257.0,35275.0,36462.0,36069.0,35872.0,35448.0,35310.0,35479.0,34915.0,34214.0,33980.0,33242.0,33116.0,NaN
A,NR,FRM0,NaN,NaN,NaN,NaN,2671.0,2626.0,2563.0,2580.0,2488.0,2424.0,2458.0,2437.0,2327.0,2327.0,2303.0,2152.0,2230.0,2276.0,2188.0,2103.0,2003.0,1929.0,1970.0,2027.0,2060.0,2050.0,2052.0,2031.0,2032.0,2025.0,1949.0,NaN
A,NR,FRY1,NaN,NaN,NaN,NaN,3081.0,2960.0,2743.0,2812.0,2791.0,2775.0,2671.0,2669.0,2695.0,2583.0,2708.0,2696.0,2682.0,2470.0,2446.0,2492.0,2411.0,2378.0,2410.0,2410.0,2027.0,2253.0,2336.0,2306.0,2312.0,2236.0,2261.0,NaN
A,NR,FRY2,NaN,NaN,NaN,NaN,2705.0,2726.0,2847.0,2593.0,2587.0,2518.0,2521.0,2512.0,2483.0,2523.0,2577.0,2294.0,2545.0,2506.0,2335.0,2268.0,2269.0,2210.0,2220.0,2064.0,2004.0,1951.0,1880.0,1855.0,1910.0,1815.0,1827.0,NaN
A,NR,FRY3,NaN,NaN,NaN,NaN,811.0,781.0,787.0,649.0,754.0,821.0,734.0,848.0,879.0,837.0,905.0,943.0,848.0,852.0,828.0,908.0,925.0,927.0,946.0,927.0,946.0,975.0,999.0,1007.0,1006.0,1050.0,950.0,NaN
A,NR,FRY4,NaN,NaN,NaN,NaN,2734.0,2671.0,2663.0,2699.0,2710.0,2700.0,2700.0,2717.0,2716.0,2797.0,2764.0,2820.0,2817.0,2895.0,2921.0,3084.0,3112.0,3228.0,3336.0,3446.0,3408.0,3402.0,3442.0,3404.0,3565.0,3618.0,3761.0,NaN
A,NR,FRY5,NaN,NaN,NaN,NaN,NaN,NaN,NaN,NaN,NaN,NaN,NaN,NaN,NaN,NaN,NaN,NaN,NaN,NaN,293.0,317.0,323.0,323.0,362.0,362.0,362.0,362.0,374.0,374.0,374.0,472.0,464.0,NaN
A,NR,FX,NaN,NaN,NaN,NaN,498665.0,491708.0,485920.0,475526.0,470183.0,466617.0,459792.0,453397.0,446402.0,442370.0,441661.0,434255.0,420782.0,407987.0,405381.0,405771.0,404138.0,401835.0,398984.0,395052.0,391045.0,386686.0,383552.0,377938.0,NaN,NaN,NaN,NaN
A,NR,HR,29012.0,28230.0,27463.0,27794.0,27472.0,27287.0,27005.0,26955.0,26618.0,25187.0,24927.0,24549.0,24220.0,24237.0,24352.0,24282.0,23806.0,24831.0,25487.0,25129.0,24933.0,25019.0,23409.0,22917.0,22878.0,22960.0,23040.0,22923.0,22414.0,22514.0,21806.0,NaN
A,NR,HR02,NaN,NaN,NaN,NaN,NaN,NaN,NaN,NaN,NaN,NaN,NaN,NaN,NaN,NaN,NaN,NaN,6187.0,6300.0,8307.0,6487.0,6527.0,6486.0,5659.0,5534.0,5614.0,5493.0,5522.0,5529.0,5632.0,5642.0,5579.0,NaN
A,NR,HR03,9406.0,8552.0,8380.0,8371.0,8214.0,8150.0,8041.0,8024.0,7942.0,7412.0,7522.0,7434.0,7225.0,7367.0,7305.0,7362.0,6891.0,7011.0,7488.0,7540.0,7500.0,7602.0,7274.0,7012.0,6916.0,7240.0,7210.0,7194.0,7049.0,7087.0,7123.0,NaN
A,NR,HR05,NaN,NaN,NaN,NaN,NaN,NaN,NaN,NaN,NaN,NaN,NaN,NaN,NaN,NaN,NaN,NaN,6562.0,7301.0,5452.0,6878.0,6674.0,6737.0,6516.0,6410.0,6435.0,6300.0,6333.0,6444.0,6047.0,6117.0,5444.0,NaN
A,NR,HR06,NaN,NaN,NaN,NaN,NaN,NaN,NaN,NaN,NaN,NaN,NaN,NaN,NaN,NaN,NaN,NaN,4166.0,4219.0,4240.0,4224.0,4232.0,4194.0,3960.0,3961.0,3913.0,3927.0,3975.0,3756.0,3686.0,3668.0,3660.0,NaN
A,NR,HU,NaN,NaN,NaN,NaN,NaN,NaN,NaN,83271.0,80665.0,80360.0,79976.0,79722.0,79834.0,80341.0,72260.0,71322.0,71600.0,71818.0,71669.0,69449.0,69621.0,68910.0,68843.0,68713.0,68702.0,67947.0,67494.0,65886.0,65887.0,64166.0,62431.0,NaN
A,NR,HU11,NaN,NaN,NaN,NaN,NaN,NaN,NaN,23824.0,22919.0,23033.0,22535.0,22368.0,22482.0,22602.0,19488.0,18886.0,18832.0,18885.0,18964.0,18551.0,18494.0,18333.0,18281.0,18193.0,18086.0,17647.0,17589.0,17411.0,17022.0,16745.0,16278.0,NaN
A,NR,HU12,NaN,NaN,NaN,NaN,NaN,NaN,NaN,4325.0,4170.0,4128.0,4164.0,4285.0,4285.0,4318.0,3897.0,3897.0,3897.0,3917.0,3785.0,3716.0,3716.0,3716.0,3690.0,3690.0,3695.0,3408.0,3358.0,3079.0,2900.0,2863.0,2867.0,NaN
A,NR,HU21,NaN,NaN,NaN,NaN,NaN,NaN,NaN,8051.0,7740.0,7682.0,7609.0,7778.0,7876.0,8020.0,7536.0,7491.0,7488.0,7542.0,7473.0,7085.0,7239.0,7052.0,7090.0,7152.0,7234.0,7220.0,7190.0,6728.0,6829.0,6655.0,6520.0,NaN
A,NR,HU22,NaN,NaN,NaN,NaN,NaN,NaN,NaN,8379.0,7895.0,7879.0,7852.0,7875.0,7862.0,7798.0,7093.0,7081.0,7065.0,7049.0,7051.0,7048.0,7103.0,7099.0,7129.0,7083.0,7080.0,7054.0,7022.0,7107.0,7091.0,6895.0,6659.0,NaN
A,NR,HU23,NaN,NaN,NaN,NaN,NaN,NaN,NaN,7747.0,7296.0,7235.0,7405.0,7293.0,7221.0,7365.0,6892.0,6953.0,6922.0,6991.0,7033.0,6816.0,6814.0,6759.0,6720.0,6455.0,6440.0,6376.0,6344.0,6369.0,6421.0,6161.0,5891.0,NaN
A,NR,HU31,NaN,NaN,NaN,NaN,NaN,NaN,NaN,9575.0,9292.0,9464.0,9496.0,9480.0,9498.0,9575.0,8820.0,8627.0,8755.0,8771.0,8803.0,8467.0,8478.0,8352.0,8318.0,8378.0,8352.0,8374.0,8323.0,7851.0,8151.0,7781.0,7528.0,NaN
A,NR,HU32,NaN,NaN,NaN,NaN,NaN,NaN,NaN,11253.0,11552.0,11166.0,11189.0,10953.0,11006.0,11075.0,10141.0,9961.0,10180.0,10160.0,10072.0,9467.0,9478.0,9284.0,9302.0,9452.0,9508.0,9503.0,9335.0,9037.0,9176.0,8855.0,8535.0,NaN
A,NR,HU33,NaN,NaN,NaN,NaN,NaN,NaN,NaN,10117.0,9802.0,9773.0,9726.0,9690.0,9604.0,9588.0,8393.0,8426.0,8461.0,8503.0,8488.0,8299.0,8299.0,8315.0,8313.0,8310.0,8307.0,8365.0,8333.0,8304.0,8297.0,8211.0,8153.0,NaN
A,NR,IE,25868.0,25353.0,25168.0,24622.0,24092.0,23735.0,23447.0,23334.0,22658.0,22732.0,22668.0,22961.0,22711.0,22472.0,22421.0,21789.0,12813.0,12434.0,12008.0,11692.0,11837.0,11989.0,13730.0,14042.0,14279.0,14475.0,14213.0,14412.0,14567.0,15009.0,15372.0,NaN
A,NR,IE04,NaN,NaN,NaN,NaN,NaN,NaN,NaN,NaN,NaN,NaN,NaN,NaN,NaN,NaN,NaN,NaN,NaN,NaN,NaN,NaN,NaN,NaN,NaN,NaN,NaN,NaN,NaN,2496.0,2474.0,2511.0,2601.0,NaN
A,NR,IE05,NaN,NaN,NaN,NaN,NaN,NaN,NaN,NaN,NaN,NaN,NaN,NaN,NaN,NaN,NaN,NaN,NaN,NaN,NaN,NaN,NaN,NaN,NaN,NaN,NaN,NaN,NaN,4216.0,4286.0,4388.0,4502.0,NaN
A,NR,IE06,NaN,NaN,NaN,NaN,NaN,NaN,NaN,NaN,NaN,NaN,NaN,NaN,NaN,NaN,NaN,NaN,NaN,NaN,NaN,NaN,NaN,NaN,NaN,NaN,NaN,NaN,NaN,7700.0,7807.0,8110.0,8269.0,NaN
A,NR,IT,380420.0,373408.0,356242.0,372352.0,334613.0,315848.0,280438.0,268057.0,262861.0,253411.0,239566.0,231915.0,234375.0,232168.0,228286.0,223015.0,218264.0,215980.0,208854.0,203723.0,199474.0,195189.0,194065.0,192315.0,192548.0,189753.0,188909.0,189351.0,184724.0,182210.0,179372.0,NaN
A,NR,ITC1,25565.0,25564.0,25313.0,25161.0,24501.0,22894.0,22481.0,21083.0,20609.0,18692.0,18475.0,17956.0,17627.0,17323.0,17269.0,17019.0,17264.0,17168.0,16688.0,16211.0,16160.0,15777.0,15721.0,15709.0,15264.0,15210.0,14980.0,15332.0,14939.0,14953.0,14566.0,NaN
A,NR,ITC2,469.0,513.0,512.0,513.0,520.0,501.0,457.0,447.0,457.0,434.0,425.0,421.0,416.0,427.0,415.0,400.0,481.0,480.0,482.0,486.0,510.0,471.0,462.0,457.0,456.0,445.0,450.0,521.0,465.0,391.0,412.0,NaN
A,NR,ITC3,12764.0,12766.0,12320.0,11710.0,10118.0,9407.0,8513.0,8419.0,8106.0,7930.0,5733.0,5777.0,7140.0,6524.0,6426.0,5998.0,6080.0,5983.0,5293.0,5723.0,5410.0,5414.0,5517.0,5251.0,5241.0,5236.0,5375.0,5124.0,5025.0,5020.0,5072.0,NaN
A,NR,ITC4,61739.0,61497.0,60578.0,59374.0,53273.0,50850.0,46099.0,44928.0,43426.0,41076.0,39317.0,38776.0,38976.0,39072.0,38474.0,38149.0,38447.0,38201.0,37780.0,36908.0,36137.0,36083.0,35870.0,35625.0,35393.0,34756.0,35120.0,36383.0,32728.0,32812.0,32475.0,NaN
A,NR,ITF1,10112.0,9851.0,9228.0,9851.0,8374.0,8295.0,6596.0,5447.0,5242.0,5826.0,5186.0,4545.0,5474.0,5716.0,5519.0,4900.0,4647.0,4680.0,4339.0,4191.0,4330.0,4197.0,4087.0,4140.0,4004.0,3994.0,3802.0,3936.0,4075.0,4027.0,3830.0,NaN
A,NR,ITF2,1921.0,1737.0,1860.0,1996.0,1702.0,1761.0,1608.0,1475.0,1494.0,1529.0,1615.0,1607.0,1678.0,1656.0,1640.0,1492.0,1451.0,1381.0,1245.0,1188.0,1263.0,1031.0,1130.0,1102.0,1029.0,898.0,907.0,925.0,924.0,903.0,889.0,NaN
A,NR,ITF3,29818.0,28297.0,26504.0,30598.0,27400.0,27572.0,21488.0,20350.0,20433.0,19820.0,17397.0,17822.0,18666.0,18852.0,18603.0,18033.0,17547.0,17238.0,16471.0,15801.0,15893.0,15302.0,15347.0,15103.0,15008.0,14912.0,14442.0,14582.0,14084.0,14027.0,13318.0,NaN
A,NR,ITF4,28859.0,27998.0,22090.0,28766.0,23884.0,21665.0,19050.0,17786.0,17142.0,16173.0,15991.0,14869.0,15351.0,15267.0,15007.0,14539.0,14325.0,14310.0,13366.0,12410.0,12070.0,11376.0,11620.0,11494.0,11488.0,11337.0,11231.0,10981.0,11357.0,11274.0,11023.0,NaN
A,NR,ITF5,3976.0,3982.0,3927.0,4068.0,2833.0,2687.0,2456.0,2461.0,2447.0,2408.0,1901.0,1907.0,1869.0,2016.0,1931.0,1837.0,1828.0,1851.0,1859.0,1833.0,1747.0,1719.0,1720.0,1714.0,1681.0,1591.0,1603.0,1608.0,1737.0,1745.0,1654.0,NaN
A,NR,ITF6,11940.0,12011.0,11104.0,11648.0,10642.0,10447.0,9052.0,9105.0,10171.0,8362.0,10059.0,8514.0,7775.0,7772.0,7558.0,6748.0,6457.0,6324.0,6031.0,5375.0,4819.0,4302.0,4150.0,4382.0,4901.0,4798.0,4723.0,3750.0,4090.0,4748.0,4493.0,NaN
A,NR,ITG1,26432.0,25268.0,24912.0,25932.0,24730.0,23192.0,20025.0,19153.0,19072.0,19488.0,18686.0,17518.0,17174.0,16525.0,16310.0,15602.0,14740.0,15135.0,14623.0,14356.0,14216.0,13951.0,13820.0,13623.0,13712.0,13758.0,13793.0,14002.0,14090.0,13465.0,13509.0,NaN
A,NR,ITG2,10129.0,10060.0,9716.0,10895.0,9770.0,9126.0,8109.0,8304.0,7539.0,7546.0,7269.0,7145.0,7133.0,7151.0,6567.0,6534.0,6516.0,6129.0,6139.0,5645.0,5507.0,5148.0,5215.0,5161.0,4972.0,5083.0,4871.0,4851.0,4837.0,4782.0,4686.0,NaN
A,NR,ITH1,3041.0,3124.0,3139.0,3147.0,3086.0,2878.0,2827.0,2664.0,2530.0,2429.0,2372.0,2261.0,2159.0,2149.0,2078.0,2106.0,2064.0,2038.0,1988.0,1992.0,1981.0,1962.0,1919.0,1986.0,1938.0,2056.0,1860.0,1805.0,1821.0,1743.0,1675.0,NaN
A,NR,ITH2,3757.0,3935.0,3748.0,3327.0,3415.0,3377.0,2114.0,2349.0,2513.0,2087.0,1811.0,1771.0,2297.0,2267.0,2264.0,2230.0,2203.0,2189.0,2144.0,2140.0,1948.0,1912.0,1918.0,1870.0,1970.0,1883.0,1890.0,1948.0,1993.0,1956.0,1985.0,NaN
A,NR,ITH3,33253.0,32433.0,28758.0,30265.0,25700.0,24344.0,22785.0,21711.0,20975.0,20301.0,19284.0,18492.0,18084.0,18215.0,18042.0,17669.0,17566.0,17387.0,17131.0,16791.0,16639.0,16672.0,16812.0,16158.0,16179.0,15867.0,16060.0,15799.0,14953.0,14720.0,14790.0,NaN
A,NR,ITH4,9365.0,9495.0,8803.0,7820.0,7499.0,7012.0,6605.0,6050.0,5901.0,5655.0,5195.0,4656.0,4435.0,4367.0,4337.0,4221.0,4357.0,4430.0,4427.0,4462.0,4394.0,4385.0,4268.0,4050.0,3958.0,4046.0,3949.0,4008.0,3929.0,3726.0,3340.0,NaN
A,NR,ITH5,27194.0,26704.0,25613.0,25532.0,23768.0,22388.0,20173.0,19176.0,19294.0,19104.0,18912.0,18083.0,18559.0,18096.0,18190.0,17892.0,17722.0,17699.0,18264.0,17673.0,17586.0,17142.0,16316.0,16477.0,16811.0,16487.0,16578.0,16245.0,16069.0,15521.0,15913.0,NaN
A,NR,ITI1,22285.0,21122.0,20972.0,21325.0,19946.0,17900.0,16289.0,15954.0,15435.0,15743.0,13751.0,13687.0,13694.0,13153.0,12907.0,12609.0,12094.0,12085.0,11828.0,11871.0,11161.0,10801.0,11029.0,10871.0,10551.0,10622.0,10553.0,10436.0,10623.0,10328.0,10140.0,NaN
A,NR,ITI2,5181.0,4774.0,4602.0,4589.0,3976.0,3639.0,3494.0,3269.0,3127.0,3047.0,2791.0,2815.0,2666.0,2604.0,2717.0,2648.0,2670.0,2647.0,2681.0,2685.0,2794.0,2746.0,2718.0,2708.0,2656.0,2690.0,2641.0,2545.0,2519.0,2578.0,2594.0,NaN
A,NR,ITI3,10105.0,9812.0,9253.0,10350.0,9408.0,8372.0,7267.0,7123.0,6897.0,6750.0,5622.0,6093.0,6078.0,5708.0,5698.0,5762.0,5733.0,5713.0,5503.0,5328.0,5148.0,5010.0,4943.0,4712.0,4733.0,4576.0,4576.0,4302.0,4088.0,4199.0,4234.0,NaN
A,NR,ITI4,42515.0,42465.0,43290.0,45485.0,40068.0,37541.0,32950.0,30803.0,30051.0,29011.0,27774.0,27200.0,27124.0,27308.0,26334.0,26627.0,24072.0,22912.0,20572.0,20654.0,19761.0,19788.0,19483.0,19722.0,20603.0,19508.0,19505.0,20268.0,20378.0,19292.0,18774.0,NaN
A,NR,LT,43584.0,40863.0,39703.0,38171.0,34318.0,32185.0,31552.0,30912.0,28923.0,27892.0,26823.0,25551.0,24200.0,23424.0,23233.0,22958.0,22719.0,22190.0,22511.0,22246.0,21628.0,21300.0,20236.0,19193.0,18548.0,18025.0,17733.0,16802.0,16957.0,16085.0,15747.0,NaN
A,NR,LT01,12057.0,10794.0,10607.0,10442.0,9674.0,8887.0,8809.0,8687.0,8408.0,8398.0,7745.0,7289.0,7089.0,6862.0,6904.0,6854.0,6891.0,6778.0,6893.0,6785.0,6558.0,6438.0,6181.0,5904.0,5788.0,5687.0,5562.0,5116.0,5185.0,5128.0,5122.0,NaN
A,NR,LT02,31527.0,30069.0,29096.0,27729.0,24644.0,23298.0,22743.0,22225.0,20515.0,19494.0,19078.0,18262.0,17111.0,16562.0,16329.0,16104.0,15828.0,15412.0,15618.0,15461.0,15070.0,14862.0,14055.0,13289.0,12760.0,12338.0,12171.0,11686.0,11772.0,10957.0,10625.0,NaN
A,NR,NL,85192.0,82692.0,81437.0,80907.0,80964.0,80195.0,79690.0,76859.0,74625.0,73814.0,72897.0,73194.0,72441.0,71860.0,70303.0,69888.0,69611.0,68450.0,66348.0,63310.0,62051.0,59795.0,59117.0,58090.0,56136.0,54871.0,52398.0,50777.0,51763.0,43355.0,41310.0,NaN
A,NR,NL11,3251.0,3275.0,3256.0,3290.0,3299.0,2856.0,2747.0,2620.0,2720.0,2720.0,NaN,NaN,NaN,NaN,NaN,NaN,NaN,NaN,NaN,NaN,NaN,NaN,NaN,NaN,NaN,NaN,NaN,NaN,NaN,NaN,NaN,NaN
A,NR,NL12,2823.0,2807.0,2820.0,2661.0,2785.0,2781.0,2769.0,2790.0,2440.0,2450.0,NaN,NaN,NaN,NaN,NaN,NaN,NaN,NaN,NaN,NaN,NaN,NaN,NaN,NaN,NaN,NaN,NaN,NaN,NaN,NaN,NaN,NaN
A,NR,NL13,3037.0,3003.0,3010.0,3036.0,2999.0,3424.0,3281.0,3060.0,3090.0,3030.0,NaN,NaN,NaN,NaN,NaN,NaN,NaN,NaN,NaN,NaN,NaN,NaN,NaN,NaN,NaN,NaN,NaN,NaN,NaN,NaN,NaN,NaN
A,NR,NL21,5467.0,5381.0,5225.0,5127.0,5158.0,5012.0,5111.0,5020.0,5000.0,4900.0,NaN,NaN,NaN,NaN,NaN,NaN,NaN,NaN,NaN,NaN,NaN,NaN,NaN,NaN,NaN,NaN,NaN,NaN,NaN,NaN,NaN,NaN
A,NR,NL22,10100.0,9490.0,9333.0,9320.0,9609.0,9681.0,9670.0,9160.0,9050.0,8910.0,NaN,NaN,NaN,NaN,NaN,NaN,NaN,NaN,NaN,NaN,NaN,NaN,NaN,NaN,NaN,NaN,NaN,NaN,NaN,NaN,NaN,NaN
A,NR,NL23,579.0,564.0,564.0,564.0,564.0,589.0,557.0,550.0,560.0,560.0,NaN,NaN,NaN,NaN,NaN,NaN,NaN,NaN,NaN,NaN,NaN,NaN,NaN,NaN,NaN,NaN,NaN,NaN,NaN,NaN,NaN,NaN
A,NR,NL32,14791.0,14188.0,13918.0,13619.0,13442.0,13279.0,13167.0,12560.0,12440.0,12390.0,NaN,NaN,NaN,NaN,NaN,NaN,NaN,NaN,NaN,NaN,NaN,NaN,NaN,NaN,NaN,NaN,NaN,NaN,NaN,NaN,NaN,NaN
A,NR,NL34,1477.0,1476.0,1477.0,1468.0,1466.0,1464.0,1458.0,1410.0,1390.0,1410.0,NaN,NaN,NaN,NaN,NaN,NaN,NaN,NaN,NaN,NaN,NaN,NaN,NaN,NaN,NaN,NaN,NaN,NaN,NaN,NaN,NaN,NaN
A,NR,NL41,12057.0,11946.0,11622.0,11699.0,11677.0,11480.0,11363.0,10980.0,10430.0,10390.0,NaN,NaN,NaN,NaN,NaN,NaN,NaN,NaN,NaN,NaN,NaN,NaN,NaN,NaN,NaN,NaN,NaN,NaN,NaN,NaN,NaN,NaN
A,NR,NL42,6662.0,6297.0,6143.0,6090.0,6091.0,5759.0,5790.0,5640.0,5540.0,5480.0,NaN,NaN,NaN,NaN,NaN,NaN,NaN,NaN,NaN,NaN,NaN,NaN,NaN,NaN,NaN,NaN,NaN,NaN,NaN,NaN,NaN,NaN
A,NR,NO,18033.0,17753.0,17709.0,17508.0,17390.0,17383.0,17351.0,17052.0,17227.0,22662.0,22774.0,24086.0,23861.0,23427.0,22906.0,22101.0,21840.0,21044.0,20778.0,19937.0,19600.0,19751.0,19506.0,19293.0,19003.0,18717.0,18619.0,18299.0,18387.0,18272.0,18209.0,NaN
A,NR,NO02,NaN,NaN,NaN,NaN,NaN,NaN,NaN,NaN,NaN,NaN,NaN,NaN,NaN,NaN,NaN,NaN,1931.0,1924.0,1784.0,1733.0,1703.0,1750.0,2024.0,1992.0,1835.0,1827.0,1582.0,1525.0,1519.0,1514.0,1493.0,NaN
A,NR,NO06,NaN,NaN,NaN,NaN,NaN,NaN,NaN,NaN,NaN,NaN,NaN,NaN,NaN,NaN,NaN,NaN,1978.0,1900.0,1923.0,1879.0,1798.0,1746.0,1611.0,1606.0,1583.0,1543.0,1634.0,1643.0,1611.0,1532.0,1626.0,NaN
A,NR,NO07,NaN,NaN,NaN,NaN,NaN,NaN,NaN,NaN,NaN,NaN,NaN,NaN,NaN,NaN,NaN,NaN,2453.0,2368.0,2297.0,2303.0,2202.0,2190.0,2121.0,2082.0,2089.0,2048.0,2047.0,2048.0,2074.0,2023.0,2003.0,NaN
A,NR,NO08,NaN,NaN,NaN,NaN,NaN,NaN,NaN,NaN,NaN,NaN,NaN,NaN,NaN,NaN,NaN,NaN,7743.0,7261.0,7037.0,6711.0,6694.0,6928.0,6841.0,6807.0,6809.0,6837.0,6972.0,6787.0,6901.0,6871.0,6823.0,NaN
A,NR,NO09,NaN,NaN,NaN,NaN,NaN,NaN,NaN,NaN,NaN,NaN,NaN,NaN,NaN,NaN,NaN,NaN,2735.0,2722.0,2699.0,2537.0,2457.0,2318.0,2271.0,2214.0,2148.0,2057.0,2010.0,1994.0,1984.0,1987.0,1976.0,NaN
A,NR,NO0A,NaN,NaN,NaN,NaN,NaN,NaN,NaN,NaN,NaN,NaN,NaN,NaN,NaN,NaN,NaN,NaN,4993.0,4862.0,4929.0,4767.0,4739.0,4812.0,4638.0,4592.0,4539.0,4405.0,4374.0,4302.0,4298.0,4345.0,4288.0,NaN
A,NR,NO0B,NaN,NaN,NaN,NaN,NaN,NaN,NaN,NaN,NaN,NaN,NaN,NaN,NaN,NaN,NaN,NaN,7.0,7.0,7.0,7.0,7.0,7.0,NaN,NaN,NaN,NaN,NaN,NaN,NaN,NaN,NaN,NaN
A,NR,PL,NaN,NaN,NaN,NaN,NaN,NaN,NaN,NaN,NaN,NaN,255168.0,254601.0,248860.0,246851.0,244877.0,252375.0,253815.0,251456.0,252281.0,252352.0,251383.0,251904.0,252029.0,252136.0,251537.0,248239.0,234417.0,234617.0,236743.0,231789.0,230066.0,NaN
A,NR,PL21,NaN,NaN,NaN,NaN,NaN,NaN,NaN,NaN,NaN,NaN,22049.0,22981.0,22069.0,21773.0,21615.0,22378.0,22510.0,21754.0,21654.0,21737.0,21769.0,21987.0,21758.0,21792.0,22019.0,22100.0,20980.0,20676.0,20844.0,20714.0,20417.0,NaN
A,NR,PL22,NaN,NaN,NaN,NaN,NaN,NaN,NaN,NaN,NaN,NaN,33412.0,32966.0,32270.0,31919.0,31370.0,32345.0,31626.0,31017.0,31023.0,31139.0,31140.0,30711.0,30211.0,30335.0,29886.0,29489.0,28221.0,27486.0,26903.0,26226.0,25927.0,NaN
A,NR,PL41,NaN,NaN,NaN,NaN,NaN,NaN,NaN,NaN,NaN,NaN,18268.0,18132.0,17750.0,17531.0,17567.0,18185.0,18114.0,17733.0,17711.0,17840.0,16362.0,17383.0,17550.0,17221.0,17379.0,16910.0,14857.0,14783.0,14893.0,15305.0,15092.0,NaN
A,NR,PL42,NaN,NaN,NaN,NaN,NaN,NaN,NaN,NaN,NaN,NaN,17768.0,18294.0,17638.0,17815.0,17490.0,18381.0,19037.0,20223.0,21356.0,20322.0,20310.0,19716.0,20554.0,20222.0,20096.0,20183.0,19789.0,19339.0,19827.0,19628.0,20139.0,NaN
A,NR,PL43,NaN,NaN,NaN,NaN,NaN,NaN,NaN,NaN,NaN,NaN,6151.0,6079.0,5407.0,5424.0,5229.0,5357.0,5344.0,5184.0,5444.0,5749.0,5671.0,5645.0,5239.0,5194.0,5237.0,5115.0,4788.0,5009.0,4899.0,4735.0,4650.0,NaN
A,NR,PL51,NaN,NaN,NaN,NaN,NaN,NaN,NaN,NaN,NaN,NaN,24173.0,24078.0,23423.0,23054.0,22561.0,22409.0,22983.0,23011.0,22699.0,22805.0,22985.0,22675.0,22668.0,22672.0,22252.0,22199.0,21034.0,21088.0,21250.0,20955.0,20761.0,NaN
A,NR,PL52,NaN,NaN,NaN,NaN,NaN,NaN,NaN,NaN,NaN,NaN,5789.0,5498.0,5342.0,5365.0,5413.0,5671.0,5716.0,5679.0,5631.0,5805.0,5729.0,5656.0,5408.0,5573.0,5371.0,5191.0,4638.0,4898.0,5204.0,4739.0,4843.0,NaN
A,NR,PL61,NaN,NaN,NaN,NaN,NaN,NaN,NaN,NaN,NaN,NaN,16838.0,16935.0,16828.0,16598.0,16558.0,16764.0,16736.0,16784.0,16745.0,16956.0,17511.0,17662.0,17697.0,18120.0,18444.0,18414.0,17743.0,17727.0,18042.0,18007.0,18324.0,NaN
A,NR,PL62,NaN,NaN,NaN,NaN,NaN,NaN,NaN,NaN,NaN,NaN,8088.0,8410.0,8306.0,8256.0,8235.0,8403.0,8544.0,8224.0,8016.0,8002.0,7927.0,7876.0,7859.0,7948.0,8087.0,7782.0,7802.0,7895.0,7988.0,7776.0,7645.0,NaN
A,NR,PL63,NaN,NaN,NaN,NaN,NaN,NaN,NaN,NaN,NaN,NaN,12047.0,11681.0,11494.0,11279.0,11165.0,11518.0,12096.0,11868.0,11715.0,12004.0,12118.0,12873.0,13074.0,12992.0,13167.0,12682.0,12018.0,12237.0,11647.0,11478.0,10711.0,NaN
A,NR,PL71,NaN,NaN,NaN,NaN,NaN,NaN,NaN,NaN,NaN,NaN,15664.0,15430.0,14904.0,14337.0,14369.0,14846.0,14808.0,14667.0,14679.0,14065.0,14366.0,14256.0,14284.0,14086.0,13921.0,13472.0,12909.0,12896.0,13058.0,12590.0,12822.0,NaN
A,NR,PL72,NaN,NaN,NaN,NaN,NaN,NaN,NaN,NaN,NaN,NaN,9516.0,9381.0,9259.0,9230.0,9287.0,9667.0,9763.0,9595.0,9826.0,10081.0,9805.0,10077.0,10338.0,10373.0,10295.0,9861.0,9327.0,9321.0,9454.0,9323.0,9729.0,NaN
A,NR,PL81,NaN,NaN,NaN,NaN,NaN,NaN,NaN,NaN,NaN,NaN,14784.0,14644.0,14316.0,14321.0,14229.0,14816.0,14922.0,14589.0,14497.0,14457.0,13976.0,13867.0,13843.0,13798.0,13861.0,13834.0,12456.0,13234.0,13023.0,12737.0,11961.0,NaN
A,NR,PL82,NaN,NaN,NaN,NaN,NaN,NaN,NaN,NaN,NaN,NaN,13190.0,13843.0,13740.0,13961.0,14035.0,14537.0,14563.0,14451.0,14575.0,14783.0,14764.0,14765.0,15006.0,15075.0,14904.0,14686.0,14090.0,13859.0,14095.0,13641.0,13554.0,NaN
A,NR,PL84,NaN,NaN,NaN,NaN,NaN,NaN,NaN,NaN,NaN,NaN,7646.0,7556.0,7476.0,7330.0,7311.0,7473.0,7550.0,7280.0,7090.0,7066.0,7177.0,7227.0,7269.0,7171.0,7294.0,7253.0,6432.0,6723.0,7010.0,6742.0,6782.0,NaN
A,NR,PL91,NaN,NaN,NaN,NaN,NaN,NaN,NaN,NaN,NaN,NaN,NaN,NaN,NaN,NaN,NaN,NaN,NaN,NaN,NaN,NaN,NaN,NaN,NaN,NaN,NaN,18557.0,17806.0,18039.0,18954.0,17937.0,17585.0,NaN
A,NR,PL92,NaN,NaN,NaN,NaN,NaN,NaN,NaN,NaN,NaN,NaN,NaN,NaN,NaN,NaN,NaN,NaN,NaN,NaN,NaN,NaN,NaN,NaN,NaN,NaN,NaN,10511.0,9527.0,9407.0,9652.0,9256.0,9124.0,NaN
A,NR,PT,39410.0,39219.0,39290.0,40099.0,39720.0,39180.0,38262.0,38165.0,37809.0,37162.0,37459.0,37628.0,37372.0,36605.0,36220.0,35803.0,35635.0,35646.0,35601.0,35815.0,35478.0,34522.0,34890.0,35037.0,34953.0,35409.0,36092.0,36019.0,36296.0,35924.0,35754.0,NaN
A,NR,PT11,11677.0,11566.0,11682.0,11756.0,11587.0,11533.0,11485.0,11501.0,11338.0,10763.0,11157.0,11226.0,11215.0,11169.0,10851.0,10484.0,10620.0,10840.0,10853.0,10903.0,10895.0,10897.0,10766.0,11087.0,11229.0,11465.0,11950.0,12204.0,12173.0,12272.0,12178.0,NaN
A,NR,PT15,785.0,780.0,764.0,752.0,774.0,766.0,790.0,873.0,900.0,900.0,864.0,873.0,849.0,961.0,960.0,896.0,902.0,923.0,1000.0,1111.0,1170.0,1127.0,1104.0,1105.0,1128.0,1247.0,1200.0,1164.0,1221.0,1142.0,1137.0,NaN
A,NR,PT19,NaN,NaN,NaN,NaN,NaN,NaN,7607.0,7506.0,7440.0,7300.0,7383.0,7540.0,7377.0,6939.0,6931.0,7209.0,6911.0,6768.0,6510.0,6516.0,6230.0,5853.0,5955.0,6075.0,6056.0,5999.0,6072.0,5990.0,5795.0,5759.0,5775.0,NaN
A,NR,PT1A,NaN,NaN,NaN,NaN,NaN,NaN,10987.0,10804.0,10691.0,10667.0,10635.0,10551.0,10370.0,10178.0,10043.0,9792.0,9865.0,9796.0,9753.0,9760.0,9590.0,9467.0,9473.0,9509.0,9257.0,9255.0,9368.0,9279.0,9313.0,9215.0,9095.0,NaN
A,NR,PT1B,NaN,NaN,NaN,NaN,NaN,NaN,1447.0,1481.0,1458.0,1451.0,1433.0,1389.0,1410.0,1376.0,1454.0,1462.0,1457.0,1458.0,1402.0,1342.0,1557.0,1369.0,1683.0,1439.0,1467.0,1579.0,1552.0,1509.0,1548.0,1457.0,1478.0,NaN
A,NR,PT1C,NaN,NaN,NaN,NaN,NaN,NaN,1336.0,1348.0,1364.0,1402.0,1282.0,1341.0,1373.0,1333.0,1308.0,1262.0,1190.0,1218.0,1293.0,1290.0,1244.0,1162.0,1187.0,1142.0,1083.0,1077.0,1086.0,1028.0,1036.0,1051.0,1054.0,NaN
A,NR,PT1D,NaN,NaN,NaN,NaN,NaN,NaN,1550.0,1535.0,1513.0,1539.0,1547.0,1557.0,1611.0,1488.0,1508.0,1516.0,1539.0,1482.0,1480.0,1516.0,1416.0,1333.0,1357.0,1347.0,1452.0,1461.0,1429.0,1417.0,1438.0,1377.0,1345.0,NaN
A,NR,PT20,1359.0,1345.0,1336.0,1330.0,1384.0,1388.0,1399.0,1438.0,1431.0,1433.0,1456.0,1456.0,1494.0,1485.0,1487.0,1505.0,1510.0,1513.0,1503.0,1517.0,1509.0,1492.0,1506.0,1520.0,1480.0,1480.0,1484.0,1505.0,1609.0,1553.0,1626.0,NaN
A,NR,PT30,1769.0,1807.0,1807.0,1796.0,1783.0,1790.0,1661.0,1679.0,1674.0,1707.0,1702.0,1695.0,1673.0,1676.0,1678.0,1677.0,1641.0,1648.0,1807.0,1860.0,1867.0,1822.0,1859.0,1813.0,1801.0,1846.0,1951.0,1923.0,2163.0,2098.0,2066.0,NaN
A,NR,RO,179082.0,174900.0,173311.0,170954.0,166411.0,164526.0,170213.0,172656.0,173381.0,167099.0,146620.0,146096.0,146529.0,145529.0,140889.0,141327.0,142203.0,134736.0,130970.0,132303.0,133354.0,133619.0,134572.0,134763.0,134998.0,135691.0,136715.0,137191.0,137786.0,138618.0,138846.0,NaN
A,NR,RO11,24197.0,23658.0,23853.0,23593.0,23251.0,23296.0,23618.0,24041.0,24191.0,23424.0,20074.0,20316.0,20501.0,20284.0,20176.0,19798.0,19857.0,18251.0,18114.0,18129.0,18227.0,18068.0,18292.0,18329.0,18416.0,18580.0,18674.0,18800.0,18837.0,19002.0,19075.0,NaN
A,NR,RO12,23223.0,22953.0,22798.0,22154.0,21290.0,21226.0,21722.0,22144.0,22144.0,20904.0,18489.0,18671.0,18666.0,18542.0,18089.0,17809.0,18070.0,16390.0,16073.0,16266.0,16660.0,16672.0,16599.0,16675.0,16684.0,16692.0,16866.0,17108.0,17121.0,17081.0,17078.0,NaN
A,NR,RO21,28321.0,28105.0,28251.0,27667.0,26844.0,26535.0,27401.0,26811.0,27006.0,25651.0,22321.0,21855.0,21984.0,22031.0,21663.0,22140.0,22231.0,21034.0,20209.0,20700.0,20751.0,20920.0,21049.0,20955.0,20952.0,21113.0,21209.0,20926.0,20928.0,21294.0,21401.0,NaN
A,NR,RO22,19764.0,19164.0,18662.0,18399.0,17801.0,17678.0,18147.0,18825.0,18781.0,18368.0,16544.0,16501.0,16486.0,16369.0,15905.0,15861.0,15816.0,14655.0,14317.0,14408.0,14487.0,14603.0,14622.0,14642.0,14653.0,14865.0,14864.0,14934.0,14962.0,14888.0,14899.0,NaN
A,NR,RO31,22067.0,21229.0,21103.0,20709.0,19969.0,19562.0,21464.0,21466.0,21745.0,20773.0,17500.0,17378.0,17444.0,17397.0,16379.0,16326.0,16730.0,15713.0,14707.0,14799.0,14920.0,14974.0,14819.0,14852.0,14819.0,14929.0,15056.0,15185.0,15305.0,15349.0,15357.0,NaN
A,NR,RO32,23745.0,23120.0,22107.0,21999.0,21728.0,21381.0,21443.0,23547.0,23847.0,24612.0,23199.0,23028.0,23095.0,22625.0,21716.0,22336.0,22264.0,22394.0,21996.0,22395.0,22784.0,22735.0,23392.0,23398.0,23361.0,23371.0,23785.0,23869.0,24075.0,24310.0,24272.0,NaN
A,NR,RO41,17530.0,17067.0,16758.0,16505.0,16008.0,15948.0,16655.0,16794.0,16729.0,15971.0,13799.0,13586.0,13599.0,13591.0,12866.0,12901.0,12975.0,12762.0,12352.0,12366.0,12432.0,12581.0,12593.0,12732.0,12737.0,12839.0,12940.0,13028.0,13243.0,13354.0,13448.0,NaN
A,NR,RO42,20235.0,19604.0,19779.0,19928.0,19520.0,18900.0,19763.0,19028.0,18938.0,17396.0,14694.0,14761.0,14754.0,14690.0,14095.0,14156.0,14260.0,13537.0,13202.0,13240.0,13093.0,13066.0,13206.0,13180.0,13376.0,13302.0,13321.0,13341.0,13315.0,13340.0,13316.0,NaN
A,NR,RS,NaN,NaN,NaN,NaN,NaN,NaN,NaN,NaN,NaN,NaN,NaN,NaN,NaN,41086.0,39464.0,39230.0,39201.0,39299.0,39276.0,39171.0,39396.0,39395.0,39594.0,39458.0,39377.0,39399.0,39516.0,39337.0,39405.0,39241.0,39903.0,NaN
A,NR,RS11,NaN,NaN,NaN,NaN,NaN,NaN,NaN,NaN,NaN,NaN,NaN,NaN,NaN,10889.0,10798.0,10573.0,10652.0,10661.0,10554.0,10490.0,10505.0,10517.0,10517.0,10504.0,10504.0,10583.0,10588.0,10594.0,10591.0,10614.0,10634.0,NaN
A,NR,RS12,NaN,NaN,NaN,NaN,NaN,NaN,NaN,NaN,NaN,NaN,NaN,NaN,NaN,11225.0,10583.0,10485.0,10438.0,10435.0,10588.0,10641.0,10776.0,10779.0,10746.0,10773.0,10773.0,10627.0,10738.0,10660.0,10538.0,10564.0,11190.0,NaN
A,NR,RS21,NaN,NaN,NaN,NaN,NaN,NaN,NaN,NaN,NaN,NaN,NaN,NaN,NaN,9571.0,9115.0,9245.0,9201.0,9403.0,9223.0,9198.0,9189.0,9241.0,9289.0,9307.0,9287.0,9265.0,9218.0,9254.0,9286.0,9244.0,9215.0,NaN
A,NR,RS22,NaN,NaN,NaN,NaN,NaN,NaN,NaN,NaN,NaN,NaN,NaN,NaN,NaN,9401.0,8968.0,8927.0,8910.0,8800.0,8911.0,8842.0,8926.0,8858.0,9042.0,8874.0,8813.0,8924.0,8972.0,8829.0,8990.0,8819.0,8864.0,NaN
A,NR,SE,52991.0,45537.0,42359.0,38139.0,34885.0,33234.0,32755.0,31765.0,29122.0,27925.0,27332.0,27088.0,26478.0,26223.0,26196.0,25862.0,25693.0,25566.0,25517.0,25290.0,24894.0,24608.0,23904.0,23209.0,22247.0,21707.0,21280.0,21184.0,20855.0,19921.0,19747.0,NaN
A,NR,SE11,8992.0,NaN,NaN,NaN,NaN,NaN,NaN,5146.0,4938.0,5073.0,5055.0,5359.0,4963.0,4741.0,4758.0,4689.0,4726.0,4864.0,4981.0,5138.0,5199.0,5164.0,5163.0,5233.0,4946.0,4810.0,4818.0,5244.0,5036.0,4918.0,4982.0,NaN
A,NR,SE12,8592.0,NaN,NaN,NaN,NaN,NaN,NaN,4886.0,5160.0,4900.0,4784.0,4654.0,4635.0,4644.0,4663.0,4540.0,4561.0,4533.0,4416.0,4362.0,4227.0,4158.0,3973.0,3863.0,3684.0,3640.0,3615.0,3612.0,3579.0,3361.0,3271.0,NaN
A,NR,SE21,5513.0,NaN,NaN,NaN,NaN,NaN,NaN,3121.0,2779.0,2624.0,2562.0,2495.0,2431.0,2404.0,2375.0,2328.0,2286.0,2307.0,2313.0,2311.0,2285.0,2296.0,2237.0,2117.0,1956.0,1932.0,1902.0,1847.0,1836.0,1796.0,1767.0,NaN
A,NR,SE22,7854.0,NaN,NaN,NaN,NaN,NaN,NaN,4605.0,4240.0,4229.0,4087.0,4067.0,4032.0,4053.0,3993.0,3899.0,3887.0,3915.0,3882.0,3774.0,3600.0,3521.0,3387.0,3334.0,3313.0,3173.0,3085.0,2808.0,2978.0,2942.0,2885.0,NaN
A,NR,SE23,11030.0,NaN,NaN,NaN,NaN,NaN,NaN,6355.0,6019.0,5431.0,5285.0,5264.0,5297.0,5310.0,5329.0,5329.0,5247.0,5055.0,5087.0,4843.0,4839.0,4891.0,4726.0,4420.0,4221.0,4185.0,4004.0,3904.0,3837.0,3512.0,3466.0,NaN
A,NR,SE31,4396.0,NaN,NaN,NaN,NaN,NaN,NaN,3760.0,2582.0,2349.0,2330.0,2170.0,2179.0,2146.0,2180.0,2177.0,2127.0,2129.0,2099.0,2145.0,2098.0,2038.0,1987.0,1918.0,1878.0,1769.0,1749.0,1739.0,1658.0,1573.0,1565.0,NaN
A,NR,SE32,2821.0,NaN,NaN,NaN,NaN,NaN,NaN,1517.0,1294.0,1270.0,1257.0,1231.0,1188.0,1169.0,1157.0,1163.0,1130.0,1046.0,1045.0,1047.0,1040.0,1001.0,989.0,913.0,908.0,885.0,856.0,828.0,764.0,729.0,768.0,NaN
A,NR,SE33,3793.0,NaN,NaN,NaN,NaN,NaN,NaN,2375.0,2110.0,2049.0,1972.0,1848.0,1753.0,1756.0,1741.0,1737.0,1729.0,1717.0,1694.0,1670.0,1606.0,1539.0,1444.0,1411.0,1341.0,1314.0,1252.0,1203.0,1167.0,1092.0,1042.0,NaN
A,NR,SI,11540.0,11493.0,11411.0,11276.0,11233.0,11097.0,10959.0,10745.0,10286.0,10147.0,9895.0,9584.0,9666.0,9567.0,9414.0,9586.0,9389.0,9367.0,9493.0,9349.0,9377.0,9356.0,9315.0,9266.0,9294.0,9183.0,9256.0,8994.0,8958.0,8704.0,8583.0,NaN
A,NR,SI03,5141.0,5116.0,5054.0,5027.0,4999.0,4893.0,4775.0,4679.0,4502.0,4388.0,4214.0,3968.0,3939.0,3908.0,3917.0,4051.0,3941.0,3925.0,4037.0,4039.0,4107.0,4113.0,4085.0,4072.0,4092.0,4047.0,4124.0,3893.0,3833.0,3807.0,3755.0,NaN
A,NR,SI04,6399.0,6377.0,6357.0,6249.0,6234.0,6204.0,6184.0,6066.0,5784.0,5759.0,5681.0,5616.0,5727.0,5659.0,5497.0,5535.0,5448.0,5442.0,5456.0,5310.0,5270.0,5243.0,5230.0,5194.0,5202.0,5136.0,5132.0,5101.0,5125.0,4897.0,4828.0,NaN
A,NR,SK,NaN,NaN,NaN,44700.0,43847.0,43348.0,42915.0,42333.0,41249.0,40714.0,38938.0,37129.0,36471.0,36185.0,36449.0,35452.0,35248.0,34850.0,32663.0,31963.0,31416.0,31348.0,31172.0,31412.0,31659.0,31026.0,31422.0,31016.0,30911.0,30914.0,30718.0,NaN
A,NR,SK01,NaN,NaN,NaN,6700.0,7153.0,7104.0,6949.0,7162.0,6826.0,6777.0,5957.0,5732.0,5572.0,5504.0,5446.0,5361.0,5294.0,5209.0,4878.0,4916.0,4812.0,4737.0,4746.0,4770.0,4790.0,4755.0,4753.0,4579.0,4682.0,4720.0,4703.0,NaN
A,NR,SK02,NaN,NaN,NaN,12914.0,12337.0,12093.0,12043.0,11725.0,11543.0,11224.0,10928.0,10312.0,10136.0,10098.0,10251.0,9877.0,9728.0,9653.0,9023.0,8670.0,8689.0,8704.0,8704.0,8651.0,8655.0,8240.0,8607.0,8434.0,8365.0,8387.0,8422.0,NaN
A,NR,SK03,NaN,NaN,NaN,10769.0,10382.0,10267.0,10252.0,9972.0,9681.0,9666.0,9315.0,8929.0,8807.0,8652.0,8711.0,8554.0,8611.0,8424.0,7867.0,7817.0,7848.0,7841.0,7845.0,7800.0,7819.0,7767.0,7811.0,7814.0,7835.0,7824.0,7699.0,NaN
A,NR,SK04,NaN,NaN,NaN,14317.0,13975.0,13884.0,13671.0,13474.0,13199.0,13047.0,12738.0,12156.0,11956.0,11931.0,12041.0,11660.0,11615.0,11564.0,10895.0,10560.0,10067.0,10066.0,9877.0,10191.0,10395.0,10264.0,10251.0,10189.0,10029.0,9983.0,9894.0,NaN
A,NR,TR,NaN,134665.0,136072.0,139919.0,144984.0,148987.0,153465.0,134950.0,140710.0,164471.0,165465.0,166707.0,170972.0,174342.0,178000.0,183183.0,188638.0,200239.0,194504.0,200072.0,202031.0,206836.0,209648.0,217771.0,225863.0,231913.0,237504.0,251182.0,254497.0,262190.0,266594.0,NaN
A,NR,TR10,NaN,30943.0,30369.0,31350.0,31904.0,32748.0,33821.0,26298.0,27210.0,30961.0,30003.0,30504.0,30219.0,29586.0,28958.0,32052.0,32879.0,33740.0,31307.0,32235.0,33104.0,33581.0,34089.0,36124.0,37954.0,39328.0,40697.0,46382.0,46960.0,47968.0,46872.0,NaN
A,NR,TR21,NaN,2103.0,2103.0,2164.0,2209.0,2484.0,2519.0,2872.0,3111.0,3938.0,3733.0,3737.0,4265.0,4177.0,4094.0,4322.0,4350.0,4476.0,4407.0,4522.0,4551.0,4731.0,4796.0,5396.0,5536.0,5511.0,5596.0,5969.0,6172.0,6172.0,6194.0,NaN
A,NR,TR22,NaN,3131.0,3166.0,3217.0,3248.0,3268.0,3442.0,3318.0,3409.0,3998.0,4006.0,4126.0,4082.0,4505.0,4280.0,4346.0,4486.0,4682.0,4334.0,4364.0,4370.0,4303.0,4362.0,4352.0,4678.0,4994.0,5019.0,5068.0,5164.0,5184.0,5184.0,NaN
A,NR,TR31,NaN,8323.0,8461.0,8679.0,8963.0,9195.0,9710.0,9339.0,9410.0,10912.0,10881.0,11354.0,11118.0,10945.0,11186.0,11610.0,11547.0,11758.0,11178.0,11414.0,11361.0,11452.0,11466.0,11421.0,11922.0,11982.0,12248.0,12077.0,12329.0,12543.0,14547.0,NaN
A,NR,TR32,NaN,3846.0,3932.0,3988.0,4134.0,4369.0,4330.0,4388.0,4836.0,5031.0,5110.0,5388.0,5627.0,5463.0,5778.0,5989.0,5852.0,6512.0,6456.0,6656.0,7181.0,7534.0,7813.0,7974.0,8379.0,8416.0,8478.0,8658.0,8972.0,9098.0,9388.0,NaN
A,NR,TR33,NaN,5040.0,5080.0,5308.0,5788.0,6132.0,6282.0,6274.0,6560.0,6743.0,6832.0,7268.0,7265.0,8009.0,8182.0,7766.0,7910.0,7997.0,8422.0,8521.0,8557.0,8689.0,8857.0,9198.0,9612.0,9886.0,10036.0,10232.0,10344.0,10428.0,10240.0,NaN
A,NR,TR41,NaN,6299.0,6324.0,6730.0,6730.0,6855.0,6885.0,6722.0,6847.0,8287.0,8048.0,8565.0,9095.0,9550.0,9594.0,9834.0,9699.0,10611.0,10213.0,10391.0,10351.0,10587.0,10611.0,10702.0,10471.0,11243.0,11921.0,12718.0,12634.0,12619.0,12725.0,NaN
A,NR,TR42,NaN,3775.0,3985.0,4670.0,5015.0,5060.0,5190.0,3491.0,3801.0,4616.0,5012.0,5220.0,5586.0,5693.0,6419.0,6706.0,6943.0,7355.0,7516.0,8020.0,8214.0,8752.0,9156.0,9049.0,8933.0,9071.0,9368.0,10201.0,10328.0,10443.0,10980.0,NaN
A,NR,TR51,NaN,14311.0,14342.0,14366.0,14463.0,14842.0,15181.0,12793.0,12933.0,18347.0,19687.0,18716.0,18331.0,18860.0,19674.0,19523.0,20274.0,22110.0,18508.0,18608.0,18032.0,18641.0,18109.0,18840.0,18384.0,18291.0,19326.0,19834.0,19250.0,23882.0,25020.0,NaN
A,NR,TR52,NaN,2961.0,2923.0,3056.0,3056.0,3161.0,3261.0,3657.0,3926.0,4593.0,4617.0,4490.0,5085.0,4966.0,5154.0,5098.0,5404.0,7118.0,7278.0,7387.0,7293.0,7298.0,6947.0,7635.0,7615.0,8125.0,8195.0,9182.0,9356.0,9361.0,9441.0,NaN
A,NR,TR61,NaN,5024.0,5219.0,5254.0,5463.0,5661.0,6186.0,5333.0,5750.0,6222.0,5897.0,5945.0,6470.0,6644.0,6739.0,6574.0,6867.0,7314.0,7797.0,7653.0,7690.0,7813.0,8230.0,8401.0,9459.0,9952.0,10170.0,10339.0,10510.0,10484.0,10438.0,NaN
A,NR,TR62,NaN,6307.0,6866.0,6641.0,6731.0,7081.0,7341.0,6533.0,6533.0,6971.0,7278.0,7228.0,7842.0,8146.0,8361.0,8349.0,8377.0,9180.0,9353.0,9515.0,9677.0,9911.0,10294.0,10250.0,11721.0,11793.0,11907.0,12383.0,12590.0,12882.0,12273.0,NaN
A,NR,TR63,NaN,2370.0,2370.0,2679.0,2898.0,2832.0,2982.0,2533.0,2751.0,3275.0,3716.0,3530.0,3839.0,3972.0,4168.0,4562.0,4687.0,5217.0,5360.0,5718.0,5864.0,6444.0,6969.0,7814.0,8135.0,8429.0,8446.0,8761.0,9007.0,8994.0,9813.0,NaN
A,NR,TR71,NaN,2139.0,2149.0,2149.0,2449.0,2564.0,2679.0,2246.0,2295.0,2977.0,2901.0,2768.0,2879.0,2910.0,2985.0,3089.0,3315.0,3834.0,3456.0,3537.0,3273.0,3469.0,3655.0,3727.0,4047.0,4108.0,4145.0,4220.0,4738.0,4740.0,4745.0,NaN
A,NR,TR72,NaN,5044.0,5044.0,5044.0,5134.0,5234.0,5550.0,5114.0,5522.0,5976.0,5812.0,6081.0,5706.0,5853.0,5936.0,6049.0,6298.0,6789.0,7359.0,7417.0,7437.0,7527.0,7491.0,7739.0,7923.0,8472.0,8489.0,8649.0,9068.0,8974.0,8998.0,NaN
A,NR,TR81,NaN,2461.0,2591.0,2590.0,2615.0,2615.0,2645.0,2288.0,2422.0,2768.0,3071.0,2775.0,3068.0,2869.0,3080.0,2989.0,3036.0,2906.0,3095.0,3135.0,3146.0,3126.0,3240.0,3279.0,3242.0,3343.0,3375.0,3474.0,3469.0,3565.0,3571.0,NaN
A,NR,TR82,NaN,2398.0,2388.0,2403.0,2403.0,2453.0,2528.0,2012.0,2036.0,2327.0,2140.0,2104.0,2125.0,2312.0,2096.0,1948.0,2021.0,1936.0,2043.0,2193.0,2036.0,2053.0,1947.0,2034.0,2075.0,2100.0,2140.0,2370.0,2381.0,2427.0,2319.0,NaN
A,NR,TR83,NaN,5997.0,6002.0,6338.0,6468.0,6493.0,6723.0,6541.0,6739.0,7849.0,7798.0,7628.0,7855.0,8088.0,8012.0,7723.0,8235.0,8207.0,8134.0,8235.0,8205.0,8554.0,8489.0,8513.0,9036.0,9320.0,9677.0,10073.0,10165.0,10148.0,10114.0,NaN
A,NR,TR90,NaN,6362.0,6337.0,6462.0,6597.0,6752.0,6817.0,6164.0,6564.0,6977.0,7199.0,7175.0,7460.0,7366.0,7562.0,7449.0,8036.0,8097.0,8005.0,8426.0,8336.0,8303.0,8137.0,8555.0,8623.0,8748.0,8840.0,9571.0,9313.0,9310.0,9220.0,NaN
A,NR,TRA1,NaN,2939.0,2939.0,2814.0,3611.0,3611.0,3686.0,3266.0,3265.0,4117.0,4169.0,4214.0,4407.0,4179.0,4252.0,4407.0,4685.0,4693.0,4279.0,4317.0,4380.0,4336.0,4412.0,4080.0,4302.0,4363.0,4363.0,4533.0,4668.0,4599.0,4564.0,NaN
A,NR,TRA2,NaN,815.0,865.0,880.0,930.0,940.0,940.0,928.0,853.0,1302.0,1282.0,1177.0,1385.0,1718.0,1729.0,1767.0,1872.0,1803.0,1763.0,2087.0,2139.0,2126.0,2101.0,2051.0,2112.0,2129.0,2144.0,2229.0,2220.0,2231.0,2266.0,NaN
A,NR,TRB1,NaN,3597.0,3602.0,3687.0,4057.0,4104.0,4254.0,3689.0,4206.0,4746.0,4630.0,4916.0,5451.0,5523.0,5413.0,5709.0,5485.0,6009.0,6062.0,6006.0,6079.0,6197.0,6447.0,6161.0,6575.0,6792.0,6800.0,7038.0,7288.0,7639.0,7504.0,NaN
A,NR,TRB2,NaN,1545.0,1570.0,1620.0,2060.0,2135.0,2135.0,2004.0,2197.0,2615.0,2860.0,2893.0,3175.0,3173.0,3697.0,3880.0,4070.0,4128.0,3969.0,4033.0,4391.0,4514.0,4538.0,4928.0,4941.0,4976.0,5188.0,5208.0,5293.0,5344.0,5388.0,NaN
A,NR,TRC1,NaN,2320.0,2640.0,2895.0,2895.0,3095.0,3095.0,2653.0,2785.0,3013.0,2901.0,2900.0,3157.0,3483.0,3784.0,4074.0,4286.0,4854.0,4815.0,5443.0,5663.0,5924.0,6071.0,7243.0,7513.0,7640.0,7937.0,8205.0,8368.0,9138.0,10481.0,NaN
A,NR,TRC2,NaN,3535.0,3710.0,3810.0,3984.0,4094.0,4094.0,3568.0,3855.0,4799.0,4651.0,4776.0,4422.0,4845.0,4969.0,5300.0,5407.0,6312.0,6367.0,7025.0,7397.0,7378.0,7652.0,8269.0,8445.0,8666.0,8739.0,8871.0,9126.0,9191.0,9225.0,NaN
A,NR,TRC3,NaN,1080.0,1095.0,1125.0,1179.0,1209.0,1189.0,926.0,894.0,1111.0,1231.0,1229.0,1058.0,1507.0,1898.0,2068.0,2617.0,2601.0,3028.0,3214.0,3304.0,3593.0,3769.0,4036.0,4230.0,4235.0,4260.0,4937.0,4784.0,4826.0,5084.0,NaN
A,P_HTHAB,AT,775.83,770.06,765.94,758.27,750.44,737.95,729.15,718.77,712.45,712.2,708.97,713.48,713.96,715.16,725.91,722.65,723.23,722.54,727.15,730.25,731.76,731.65,735.29,731.91,731.53,725.66,718.9,705.1,691.47,671.75,660.4,NaN
A,P_HTHAB,AT11,575.94,589.57,594.0,581.05,576.28,557.88,555.49,548.68,554.47,561.97,531.3,538.79,536.75,556.52,564.01,554.81,548.34,548.68,523.8,584.8,593.32,590.25,585.82,598.77,617.86,603.89,587.21,574.48,549.53,529.7,539.46,NaN
A,P_HTHAB,AT12,666.03,660.73,664.36,657.09,652.26,640.16,635.51,624.01,621.33,612.03,609.64,617.99,623.05,630.74,654.41,663.47,665.44,678.79,670.92,676.17,677.54,687.91,687.67,681.18,668.84,672.53,671.36,672.38,661.95,646.5,647.34,NaN
A,P_HTHAB,AT13,766.49,773.5,775.02,760.79,762.06,744.46,734.18,729.86,717.21,728.7,722.95,711.73,701.66,694.6,705.93,697.97,708.41,707.99,723.32,718.16,733.23,751.26,781.82,777.66,775.6,754.73,751.91,727.43,701.36,674.96,660.56,NaN
A,P_HTHAB,AT21,989.59,968.55,943.95,916.32,925.41,918.82,920.78,905.45,905.62,907.76,917.39,906.34,916.68,934.33,942.53,927.55,906.52,893.68,886.37,880.49,868.9,857.49,855.53,836.63,810.07,818.81,803.93,764.12,774.19,763.48,750.66,NaN
A,P_HTHAB,AT22,949.36,934.23,920.88,944.05,911.87,896.74,876.79,856.04,841.48,834.16,829.73,851.37,844.61,845.74,873.82,873.82,872.13,861.35,852.58,848.32,842.84,820.72,816.78,811.31,819.11,814.29,801.3,784.37,780.56,754.69,729.31,NaN
A,P_HTHAB,AT31,778.09,763.58,749.48,741.99,724.92,714.33,708.93,703.06,700.49,691.66,687.88,691.86,708.93,705.15,703.06,697.05,694.22,698.47,696.51,688.62,681.4,670.33,667.64,666.29,683.69,684.77,676.7,674.57,655.64,638.05,621.84,NaN
A,P_HTHAB,AT32,890.28,892.26,918.37,903.96,893.7,879.11,880.19,851.19,853.53,848.67,855.7,868.3,863.08,858.04,857.68,862.18,858.04,863.08,880.55,916.93,914.59,910.63,896.94,905.77,891.18,880.91,869.23,832.08,797.64,803.75,790.47,NaN
A,P_HTHAB,AT33,665.43,655.36,648.07,629.78,632.04,630.84,617.33,614.54,612.29,622.36,622.76,638.4,635.08,638.0,633.63,628.46,633.63,615.21,649.79,661.58,669.93,670.59,663.04,664.37,669.27,668.08,665.33,660.46,655.29,617.69,611.53,NaN
A,P_HTHAB,AT34,627.19,624.91,613.5,599.8,604.87,593.71,571.9,568.86,551.11,565.06,556.94,556.18,551.36,551.87,549.33,530.06,531.07,524.98,561.51,565.82,563.28,564.04,562.27,558.46,557.19,535.89,529.42,522.87,533.89,525.45,519.37,NaN
A,P_HTHAB,BE,648.08,629.88,624.23,618.16,614.72,608.95,606.44,601.48,594.51,589.85,591.32,589.81,588.62,584.95,581.27,584.22,579.83,581.77,582.99,580.31,577.43,572.56,573.99,570.15,562.38,560.85,556.73,553.34,549.22,544.27,539.11,537.73
A,P_HTHAB,BE10,758.83,741.22,737.03,738.01,739.66,732.83,733.49,732.25,737.19,732.99,732.58,732.01,731.68,731.59,727.73,710.28,713.0,708.47,707.73,705.76,703.86,692.76,721.89,717.36,708.64,708.64,706.21,703.84,702.16,694.41,684.55,681.52
A,P_HTHAB,BE21,634.41,611.83,615.01,606.62,601.62,599.04,596.19,596.25,590.28,577.81,582.92,576.74,576.31,565.99,541.64,571.52,549.54,571.47,570.18,570.07,567.71,563.35,563.46,562.28,555.34,552.23,547.31,543.78,539.32,533.03,527.65,528.23
A,P_HTHAB,BE22,557.63,539.48,532.52,527.95,527.04,527.04,525.89,525.78,516.07,508.88,504.66,504.54,503.52,501.92,501.8,501.23,502.72,502.26,501.92,497.12,483.88,485.13,485.48,484.9,482.51,482.51,481.2,479.18,475.36,471.26,467.24,465.77
A,P_HTHAB,BE23,646.38,630.75,630.82,625.48,621.65,615.39,615.39,624.22,620.07,628.71,626.99,626.4,626.8,618.35,623.3,624.16,624.16,620.33,619.74,613.94,612.35,611.63,608.4,606.55,602.86,601.8,598.4,592.84,586.29,580.03,573.1,570.66
A,P_HTHAB,BE24,517.86,506.35,506.0,499.72,497.1,481.75,473.38,481.32,448.96,438.32,446.78,446.52,443.47,438.06,442.95,442.51,441.11,442.16,441.2,433.18,429.95,429.6,423.32,422.45,420.62,422.45,402.85,399.32,393.56,389.33,380.17,378.65
A,P_HTHAB,BE25,778.62,759.49,751.97,740.02,733.67,729.83,729.83,689.31,689.56,698.16,698.16,697.16,695.32,694.24,693.65,693.07,679.28,691.15,693.07,688.81,683.29,682.29,683.46,682.96,679.87,672.85,658.29,655.08,650.02,644.19,639.17,637.36
A,P_HTHAB,BE31,392.31,385.14,385.14,385.88,385.88,385.88,390.83,329.73,329.24,329.24,329.24,329.24,329.24,329.24,329.24,329.24,329.24,328.0,327.5,327.5,327.01,251.56,251.56,249.09,234.5,234.0,235.76,233.07,228.1,226.54,225.27,225.64
A,P_HTHAB,BE32,798.91,760.28,726.55,714.74,704.12,691.93,681.76,667.64,659.77,654.42,650.18,647.29,642.83,642.83,640.82,642.83,643.79,627.3,640.6,640.08,637.93,636.81,635.85,624.18,606.35,606.35,610.59,609.0,606.02,602.72,601.63,598.81
A,P_HTHAB,BE33,620.05,611.49,610.41,609.78,612.03,608.16,606.72,608.97,603.48,589.15,599.15,600.5,600.5,599.51,597.98,595.91,598.61,599.06,599.06,598.88,597.89,596.0,588.7,578.61,568.61,566.0,571.76,567.11,565.89,563.61,560.87,560.7
A,P_HTHAB,BE34,449.97,433.93,419.62,420.32,412.65,410.56,412.65,412.65,419.97,416.83,413.69,412.65,409.86,409.86,409.86,409.86,409.86,409.86,409.86,409.86,409.86,409.86,409.86,409.86,407.42,407.42,405.35,401.83,398.55,394.56,391.72,391.04
A,P_HTHAB,BE35,555.45,554.65,555.86,544.99,542.98,542.98,541.16,565.11,548.21,536.13,536.13,536.33,537.14,537.14,537.14,535.73,535.33,535.33,534.52,534.52,539.15,542.17,543.18,536.33,515.4,514.0,512.68,510.84,508.82,505.71,503.25,502.4
A,P_HTHAB,BG,1334.15,1291.86,1307.71,1313.73,1281.6,1041.72,923.37,908.62,855.08,765.74,737.84,715.9,744.67,716.05,731.51,742.88,750.9,734.28,711.13,724.89,743.11,772.86,779.29,777.53,791.46,797.89,816.07,827.64,837.38,846.19,864.39,NaN
A,P_HTHAB,BG31,1743.87,1725.97,1724.03,1720.98,1633.84,1281.44,1131.87,1059.58,967.04,792.78,768.5,773.22,777.94,747.55,784.18,778.07,798.61,754.9,746.86,734.23,754.21,764.06,787.51,774.47,814.01,801.8,817.78,842.17,886.27,908.29,949.14,NaN
A,P_HTHAB,BG32,1648.35,1606.23,1584.22,1565.07,1476.6,1170.83,1054.05,953.95,879.69,764.01,747.19,747.73,752.11,733.37,748.42,758.67,764.83,713.68,675.67,668.15,702.33,711.36,731.19,704.38,706.3,712.86,726.47,756.28,782.17,789.25,781.45,NaN
A,P_HTHAB,BG33,1260.52,1233.49,1237.49,1231.26,1186.38,960.19,863.96,773.72,747.87,652.7,632.14,612.28,588.78,562.34,560.58,559.53,576.33,545.54,542.49,527.57,537.55,551.89,576.68,553.77,563.05,579.5,589.62,591.93,583.51,609.5,610.42,NaN
A,P_HTHAB,BG34,1222.32,1167.59,1203.3,1206.26,1160.12,897.82,834.8,884.93,833.26,703.34,692.29,684.62,680.63,662.31,680.11,700.37,715.92,678.68,620.57,628.86,661.5,696.89,663.44,688.81,700.17,696.18,709.89,711.19,732.05,745.93,793.23,NaN
A,P_HTHAB,BG41,1088.94,1060.3,1085.03,1074.43,1058.64,932.29,808.19,851.38,799.93,719.65,703.14,688.73,686.82,666.45,684.13,710.81,714.82,689.26,661.41,673.73,680.52,714.62,722.2,715.01,723.37,734.65,760.24,781.69,774.88,771.34,789.2,NaN
A,P_HTHAB,BG42,1187.44,1180.78,1180.78,1205.54,1153.78,857.43,805.81,808.88,797.66,703.11,684.79,683.59,693.61,681.27,691.97,726.9,756.45,736.03,719.57,747.92,766.39,816.29,832.59,845.83,868.72,871.64,875.35,891.66,900.29,902.13,913.4,NaN
A,P_HTHAB,CH,NaN,NaN,NaN,NaN,NaN,551.45,552.51,528.64,510.77,506.85,500.23,490.34,482.13,472.2,473.7,466.4,462.6,475.6,467.4,465.6,459.15,453.67,458.49,459.41,460.29,461.13,459.34,448.07,443.35,442.07,436.64,NaN
A,P_HTHAB,CH01,NaN,NaN,NaN,NaN,NaN,509.63,494.53,515.17,507.68,510.6,508.59,502.14,499.76,482.78,478.09,476.45,469.93,483.14,492.4,501.04,487.22,494.53,502.26,504.02,505.61,504.15,501.31,479.85,462.98,459.22,455.97,NaN
A,P_HTHAB,CH02,NaN,NaN,NaN,NaN,NaN,564.31,554.88,490.16,475.77,468.16,455.0,455.64,449.62,443.17,435.55,432.46,428.52,442.16,436.3,433.79,430.33,408.6,425.27,423.19,420.05,427.51,426.12,411.6,407.4,407.76,403.47,NaN
A,P_HTHAB,CH03,NaN,NaN,NaN,NaN,NaN,623.97,664.8,630.78,619.75,623.29,617.0,603.05,583.41,576.26,548.7,557.31,556.45,564.2,551.2,555.59,541.73,543.45,531.22,527.77,534.75,536.73,541.62,532.19,539.74,546.78,544.77,NaN
A,P_HTHAB,CH04,NaN,NaN,NaN,NaN,NaN,547.87,540.77,528.22,500.21,500.14,494.22,483.77,477.72,459.64,456.35,458.79,454.18,437.62,426.18,424.99,414.01,414.87,418.55,413.49,420.19,411.12,410.49,395.58,384.08,380.27,371.62,NaN
A,P_HTHAB,CH05,NaN,NaN,NaN,NaN,NaN,605.19,613.35,600.43,567.02,546.19,550.02,516.44,502.58,495.95,562.6,510.91,505.39,562.09,536.08,516.95,517.12,502.84,504.03,514.23,502.5,505.98,498.28,497.8,494.25,492.33,488.66,NaN
A,P_HTHAB,CH06,NaN,NaN,NaN,NaN,NaN,363.07,372.42,339.09,326.05,322.36,319.54,323.1,321.38,319.78,318.67,315.48,315.11,324.21,321.38,313.14,317.32,311.29,316.83,324.33,328.76,332.33,330.39,331.73,335.88,328.21,318.69,NaN
A,P_HTHAB,CH07,NaN,NaN,NaN,NaN,NaN,709.23,702.72,659.13,636.21,634.79,593.76,575.64,560.93,560.93,544.8,533.19,534.33,551.02,525.83,528.66,538.0,539.14,538.85,545.65,553.57,553.57,548.5,547.49,561.74,563.58,547.11,NaN
A,P_HTHAB,CZ,NaN,NaN,824.28,800.45,777.81,766.9,746.97,751.05,745.12,743.46,740.15,732.45,725.92,715.93,708.95,703.52,700.55,721.74,700.39,688.24,665.95,664.22,664.74,665.77,663.84,664.87,662.59,660.63,666.58,654.24,640.65,NaN
A,P_HTHAB,CZ01,NaN,NaN,NaN,NaN,NaN,NaN,NaN,NaN,NaN,NaN,NaN,NaN,NaN,NaN,883.52,882.07,871.6,914.85,879.01,858.53,828.12,832.78,839.73,838.13,835.76,832.85,824.72,825.49,848.9,800.31,768.4,NaN
A,P_HTHAB,CZ02,NaN,NaN,NaN,NaN,NaN,NaN,NaN,NaN,NaN,NaN,NaN,NaN,NaN,NaN,503.46,504.33,521.06,537.78,524.56,526.9,501.27,499.81,500.17,503.6,501.27,507.4,499.04,495.34,492.86,480.36,474.07,NaN
A,P_HTHAB,CZ03,NaN,NaN,NaN,NaN,NaN,NaN,NaN,NaN,NaN,NaN,NaN,NaN,NaN,NaN,704.92,695.71,700.36,730.92,709.81,704.19,675.74,673.46,672.48,663.51,657.15,660.41,675.31,672.4,676.46,664.82,649.68,NaN
A,P_HTHAB,CZ04,NaN,NaN,NaN,NaN,NaN,NaN,NaN,NaN,NaN,NaN,NaN,NaN,NaN,NaN,686.57,681.64,681.11,680.12,661.66,648.57,633.69,630.55,628.4,636.47,638.08,631.54,625.64,627.64,634.48,629.06,622.37,NaN
A,P_HTHAB,CZ05,NaN,NaN,NaN,NaN,NaN,NaN,NaN,NaN,NaN,NaN,NaN,NaN,NaN,NaN,674.05,669.36,679.53,675.7,661.23,652.84,644.05,642.53,642.47,641.54,637.58,639.43,635.02,629.43,642.03,635.49,609.1,NaN
A,P_HTHAB,CZ06,NaN,NaN,NaN,NaN,NaN,NaN,NaN,NaN,NaN,NaN,NaN,NaN,NaN,NaN,770.45,765.91,758.72,776.69,746.34,735.79,706.8,702.91,701.79,707.21,710.57,717.23,709.62,709.95,713.85,706.49,692.1,NaN
A,P_HTHAB,CZ07,NaN,NaN,NaN,NaN,NaN,NaN,NaN,NaN,NaN,NaN,NaN,NaN,NaN,NaN,707.74,701.9,691.53,713.42,700.5,680.84,649.82,644.64,638.8,639.45,637.97,636.82,637.95,638.23,634.17,627.24,623.76,NaN
A,P_HTHAB,CZ08,NaN,NaN,NaN,NaN,NaN,NaN,NaN,NaN,NaN,NaN,NaN,NaN,NaN,NaN,736.23,720.93,690.52,739.13,716.86,692.1,683.12,682.29,689.52,690.93,685.86,683.29,686.9,683.65,689.58,687.51,686.37,NaN
A,P_HTHAB,DE,944.71,952.61,952.5,943.92,926.65,918.58,909.27,902.77,893.69,881.63,869.3,852.58,841.13,823.28,816.44,812.37,812.86,812.43,810.14,807.58,804.1,802.63,800.25,799.74,796.74,797.26,791.48,781.82,776.02,771.97,766.45,NaN
A,P_HTHAB,DK,NaN,NaN,NaN,NaN,422.63,414.77,402.2,394.88,389.32,396.83,383.75,369.65,360.0,355.02,347.2,337.84,332.34,334.22,300.25,NaN,296.95,261.35,247.67,256.13,258.99,260.61,259.29,258.75,251.27,247.67,232.81,NaN
A,P_HTHAB,DK01,NaN,NaN,NaN,NaN,NaN,NaN,NaN,NaN,NaN,NaN,NaN,NaN,NaN,NaN,387.73,379.01,373.67,421.89,330.42,NaN,323.23,240.69,241.56,312.87,303.29,299.74,297.59,299.32,292.02,278.93,269.95,NaN
A,P_HTHAB,DK02,NaN,NaN,NaN,NaN,NaN,NaN,NaN,NaN,NaN,NaN,NaN,NaN,NaN,NaN,333.44,320.17,328.42,292.33,313.48,NaN,310.25,303.44,303.56,281.93,293.64,280.61,275.73,276.34,267.96,267.96,240.9,NaN
A,P_HTHAB,DK03,NaN,NaN,NaN,NaN,NaN,NaN,NaN,NaN,NaN,NaN,NaN,NaN,NaN,NaN,335.23,321.74,315.12,300.41,298.77,NaN,291.5,288.47,228.72,219.15,228.31,242.94,252.61,250.29,237.52,240.97,219.73,NaN
A,P_HTHAB,DK04,NaN,NaN,NaN,NaN,NaN,NaN,NaN,NaN,NaN,NaN,NaN,NaN,NaN,NaN,316.96,311.81,298.41,281.67,250.93,NaN,266.83,232.83,236.09,212.39,218.52,224.2,216.92,216.0,216.46,210.19,196.29,NaN
A,P_HTHAB,DK05,NaN,NaN,NaN,NaN,NaN,NaN,NaN,NaN,NaN,NaN,NaN,NaN,NaN,NaN,333.19,326.41,320.98,308.6,301.14,NaN,275.03,273.5,252.65,217.55,226.2,228.57,225.31,220.44,206.4,218.85,213.34,NaN
A,P_HTHAB,EL,486.21,482.89,486.98,490.33,489.29,489.48,479.31,480.2,487.44,482.82,482.65,483.66,489.63,500.73,502.47,500.27,510.08,464.61,463.35,457.83,433.68,430.41,428.41,422.14,422.09,420.09,415.22,419.88,423.82,426.07,423.84,NaN
A,P_HTHAB,EL30,666.55,664.79,662.71,676.39,670.16,664.68,636.25,614.04,633.2,631.39,618.85,619.66,617.63,625.32,627.94,622.17,637.67,584.2,588.85,589.09,542.11,534.2,520.84,512.63,508.79,507.24,501.05,496.44,488.28,478.05,472.34,NaN
A,P_HTHAB,EL41,271.37,271.37,268.66,272.28,271.37,271.83,273.18,277.25,284.04,280.87,289.92,287.66,282.23,299.87,304.84,311.63,312.53,298.06,292.18,272.73,286.75,281.78,280.87,280.87,284.94,282.23,276.96,286.04,307.74,340.5,349.17,NaN
A,P_HTHAB,EL42,465.08,465.08,457.52,425.55,404.91,403.17,401.71,405.78,406.94,379.62,348.23,318.29,382.82,423.8,415.08,365.67,433.98,431.36,303.17,293.0,292.71,312.48,295.91,295.03,307.24,321.49,228.77,239.01,262.38,272.02,269.38,NaN
A,P_HTHAB,EL43,425.24,440.99,464.62,464.15,467.14,469.19,470.76,474.07,470.76,481.16,477.22,458.63,451.39,447.45,444.62,451.7,455.64,404.93,403.98,385.08,380.51,389.96,374.69,377.52,380.51,376.73,381.3,380.91,398.76,394.78,394.5,NaN
A,P_HTHAB,EL51,300.14,283.46,300.97,318.65,316.31,316.48,314.98,333.32,326.48,330.82,338.99,358.17,378.67,384.34,383.01,388.01,375.67,351.5,378.84,375.34,389.18,411.19,407.35,408.36,403.52,404.02,406.06,427.14,437.13,447.46,438.85,NaN
A,P_HTHAB,EL52,507.0,507.53,513.29,506.25,507.16,509.51,506.78,538.0,535.23,519.17,530.32,528.29,536.78,535.34,542.86,555.14,557.54,493.55,498.03,482.45,447.23,437.51,450.75,455.39,451.81,450.8,440.38,444.4,448.78,455.1,452.56,NaN
A,P_HTHAB,EL53,411.97,411.97,424.71,419.09,436.32,440.06,431.82,437.44,423.21,425.08,462.91,461.41,479.76,485.38,469.65,477.89,481.63,437.44,445.68,465.15,437.81,439.31,435.94,425.83,412.35,404.11,426.2,432.11,425.58,435.51,453.42,NaN
A,P_HTHAB,EL54,419.54,419.54,411.75,412.05,427.93,427.63,433.63,432.13,453.71,422.84,424.94,460.0,502.85,500.46,489.67,510.05,510.34,474.68,474.98,487.57,440.52,425.54,430.93,430.93,431.23,437.22,462.1,479.04,485.4,487.68,481.85,NaN
A,P_HTHAB,EL61,347.88,347.88,346.91,351.36,359.71,372.79,381.28,407.16,418.01,426.64,450.3,470.47,455.86,547.01,529.89,550.62,569.69,537.54,562.87,524.32,521.82,530.45,552.15,521.4,550.07,535.04,546.54,576.17,575.87,578.71,591.65,NaN
A,P_HTHAB,EL62,490.51,490.51,481.19,479.23,470.4,465.49,465.49,462.06,474.81,484.13,480.21,484.13,482.17,479.72,538.58,367.39,369.35,322.76,267.82,267.33,268.8,273.71,277.63,270.27,294.8,298.72,297.28,333.89,327.71,332.23,330.59,NaN
A,P_HTHAB,EL63,320.52,305.26,318.53,314.72,325.25,332.42,341.12,339.6,344.79,338.99,334.56,321.28,339.14,343.72,354.4,351.65,353.49,295.33,316.4,323.88,333.64,307.09,318.53,313.04,304.95,297.62,298.41,304.84,316.09,312.1,308.97,NaN
A,P_HTHAB,EL64,197.86,179.87,196.42,194.08,186.52,190.48,179.15,184.19,183.65,176.81,178.43,185.27,179.33,191.02,189.04,187.78,188.86,175.55,170.52,175.73,165.84,171.42,171.77,156.13,158.28,158.1,155.04,168.04,186.74,216.42,210.9,NaN
A,P_HTHAB,EL65,313.34,295.94,300.29,300.64,301.33,303.25,298.37,295.07,292.46,288.28,297.85,299.77,317.7,315.61,318.22,312.13,324.14,298.03,245.63,248.41,244.93,244.23,238.32,223.17,220.39,218.99,217.69,209.02,219.43,234.34,236.33,NaN
A,P_HTHAB,ES,338.76,335.54,329.6,327.02,322.57,319.72,318.95,315.61,311.96,311.4,308.86,310.91,310.88,311.69,312.97,313.17,311.84,308.94,303.49,298.16,294.45,293.86,294.91,293.84,295.36,296.39,294.71,295.56,295.92,294.13,288.38,NaN
A,P_HTHAB,ES11,403.78,399.86,396.97,391.45,383.23,379.19,371.42,367.49,364.23,357.9,353.94,367.68,364.27,366.12,366.68,367.34,365.27,366.79,352.12,355.9,342.9,335.97,337.97,334.97,333.49,332.38,329.68,330.62,321.61,320.61,318.84,NaN
A,P_HTHAB,ES12,417.44,406.18,396.68,404.03,402.36,394.14,392.47,400.31,375.34,391.1,379.75,370.35,375.73,375.73,375.83,369.17,367.22,358.41,350.38,348.62,344.21,334.91,333.74,333.15,340.59,341.08,346.06,348.54,351.99,354.45,352.94,NaN
A,P_HTHAB,ES13,383.51,380.25,383.34,389.7,383.17,378.87,360.83,348.8,357.05,356.71,358.77,355.51,359.29,350.35,362.55,355.68,349.49,338.49,327.33,324.4,319.77,326.64,331.11,328.87,325.95,327.5,328.07,347.52,332.78,323.72,311.22,NaN
A,P_HTHAB,ES21,432.35,408.82,398.62,395.58,382.42,379.28,379.33,373.46,369.13,369.09,363.4,364.81,369.45,366.31,366.27,364.9,360.26,359.35,351.25,347.11,335.91,332.18,329.86,325.49,325.31,319.03,322.6,328.62,327.4,329.07,326.1,NaN
A,P_HTHAB,ES22,416.21,407.48,399.66,394.46,399.66,387.1,357.08,353.86,352.33,345.74,342.53,344.82,344.52,325.98,355.24,360.91,362.59,363.05,364.28,338.24,332.11,328.74,324.45,325.52,325.68,327.82,333.81,340.86,331.99,322.44,323.59,NaN
A,P_HTHAB,ES23,324.08,308.58,300.03,302.56,314.91,313.01,279.78,271.23,279.46,281.04,283.26,310.16,296.55,300.66,300.03,297.5,281.36,295.6,294.65,290.85,313.32,317.75,317.12,320.29,321.24,315.86,320.8,327.51,320.78,319.36,319.89,NaN
A,P_HTHAB,ES24,432.65,421.14,411.22,408.72,397.37,397.9,388.28,383.89,380.63,380.71,381.39,379.19,377.53,381.24,372.61,380.03,382.0,378.74,375.41,366.02,366.47,369.5,368.06,369.81,373.59,373.52,362.24,364.99,365.02,361.42,353.38,NaN
A,P_HTHAB,ES30,323.86,324.23,313.5,306.98,301.49,295.19,290.48,283.06,275.14,275.26,275.41,273.74,282.8,284.46,284.58,292.94,288.8,284.28,284.25,279.87,276.03,275.14,272.24,270.08,270.92,272.89,274.13,273.88,269.65,264.22,257.93,NaN
A,P_HTHAB,ES41,514.64,500.46,488.7,458.85,455.69,441.14,444.34,448.58,446.13,430.13,426.64,422.52,408.14,409.97,372.97,372.34,374.42,373.43,380.53,371.51,359.17,355.97,356.51,348.19,349.98,353.06,350.29,354.25,359.48,358.25,347.53,NaN
A,P_HTHAB,ES42,250.54,254.47,254.23,253.1,255.55,251.57,248.33,243.33,240.87,240.67,238.07,238.66,237.53,244.31,251.67,258.25,264.34,257.91,254.86,231.59,224.37,223.83,232.13,236.26,234.68,232.72,233.16,233.14,245.65,241.75,241.33,NaN
A,P_HTHAB,ES43,385.23,389.63,376.52,373.25,371.0,363.32,352.83,360.79,357.23,363.04,365.1,346.19,348.43,345.06,357.61,366.51,357.98,365.01,361.07,352.27,360.7,356.02,336.73,330.27,328.21,330.17,334.38,349.38,353.18,347.02,347.18,NaN
A,P_HTHAB,ES51,398.51,391.06,392.11,390.24,381.25,377.09,381.15,381.05,378.65,388.06,382.33,393.65,391.43,399.34,400.41,399.46,398.17,395.06,379.31,375.48,367.01,369.68,371.66,374.77,379.94,382.94,380.84,379.76,374.45,373.15,365.47,NaN
A,P_HTHAB,ES52,246.37,241.42,234.74,235.72,230.51,232.88,233.88,228.59,223.96,227.19,226.68,230.37,230.45,234.44,244.16,242.18,244.4,246.17,239.53,232.82,232.14,232.62,233.16,233.36,234.08,234.94,231.17,238.06,237.07,229.05,219.73,NaN
A,P_HTHAB,ES53,277.48,283.7,268.58,285.25,296.05,299.93,292.42,288.36,293.28,290.26,286.03,281.97,278.86,275.32,293.46,295.79,288.62,289.83,284.04,283.78,284.04,289.48,302.78,304.94,299.85,304.85,295.36,289.63,277.33,280.52,270.39,NaN
A,P_HTHAB,ES61,256.76,264.67,260.0,258.98,256.85,256.98,255.56,255.49,251.59,246.69,242.27,241.43,237.74,237.19,239.05,232.64,231.19,222.69,220.56,215.86,218.8,216.85,219.85,216.98,219.6,219.24,218.39,219.52,230.21,237.0,231.44,NaN
A,P_HTHAB,ES62,244.48,233.55,231.94,250.79,246.56,254.81,261.65,255.48,262.05,246.56,254.68,266.68,276.8,283.17,294.98,301.21,302.35,306.11,310.73,312.48,311.34,313.62,318.24,318.65,314.35,319.11,324.56,308.72,313.0,302.4,296.78,NaN
A,P_HTHAB,ES63,377.26,305.57,305.57,307.92,289.12,252.68,270.31,258.56,266.79,270.31,267.96,217.42,217.42,213.9,213.9,231.53,217.42,206.85,210.37,213.9,211.55,211.55,209.2,209.2,208.02,208.02,211.1,206.44,203.44,199.87,202.13,NaN
A,P_HTHAB,ES64,269.76,269.76,259.34,254.71,254.71,224.61,228.08,260.5,225.76,231.55,231.55,232.71,231.55,223.45,226.92,191.03,196.82,193.35,192.19,191.03,191.03,191.03,191.03,186.4,188.72,186.4,186.2,193.05,194.89,195.98,194.78,NaN
A,P_HTHAB,ES70,365.53,365.25,355.64,349.51,351.64,353.5,378.39,358.42,357.77,352.94,353.97,350.99,354.38,328.93,325.41,322.01,320.95,318.81,311.61,307.11,304.65,307.06,311.15,308.83,312.17,316.07,298.64,285.91,290.84,287.36,289.73,NaN
A,P_HTHAB,FI,757.66,755.63,751.79,753.74,735.53,725.91,711.95,707.28,701.62,692.87,684.3,672.66,670.55,666.8,645.34,632.49,604.93,569.38,539.53,518.78,479.29,448.68,425.32,395.31,374.78,356.4,339.29,303.21,310.16,287.9,279.16,NaN
A,P_HTHAB,FI19,784.85,782.68,772.6,787.03,764.56,770.5,749.27,720.92,713.6,704.42,700.08,697.43,699.43,691.43,667.38,658.44,640.97,631.64,585.54,561.41,515.67,460.45,450.73,402.54,396.96,364.85,349.04,319.13,327.48,318.76,305.34,NaN
A,P_HTHAB,FI1B,NaN,NaN,NaN,NaN,NaN,NaN,NaN,545.49,537.78,526.31,509.7,483.66,473.03,473.67,464.2,460.59,450.86,373.06,381.8,361.34,343.62,328.54,330.64,314.54,320.52,282.34,264.94,260.17,267.04,231.63,233.18,NaN
A,P_HTHAB,FI1C,NaN,NaN,NaN,NaN,NaN,NaN,NaN,758.73,755.9,740.3,733.75,740.83,747.31,748.22,716.13,695.2,643.51,659.31,585.05,562.67,503.68,478.09,431.15,401.75,345.88,351.17,348.55,269.74,286.34,263.84,254.5,NaN
A,P_HTHAB,FI1D,NaN,NaN,NaN,NaN,NaN,NaN,NaN,860.4,855.31,855.36,851.56,832.51,829.33,821.09,796.4,775.27,734.52,679.72,657.15,641.19,598.15,569.34,519.91,490.25,450.63,451.96,424.99,376.12,372.5,353.74,337.26,NaN
A,P_HTHAB,FI20,711.67,725.1,704.96,704.96,718.39,688.17,644.53,556.82,610.39,657.73,621.57,595.35,595.05,555.37,531.2,489.88,497.36,459.9,422.97,399.48,335.69,302.12,255.13,248.41,238.34,201.42,36.87,183.29,231.51,224.04,223.32,NaN
A,P_HTHAB,FR,NaN,NaN,NaN,NaN,754.93,744.3,735.56,719.68,711.88,706.54,696.11,686.79,676.43,670.39,669.66,658.35,638.54,619.27,615.55,616.49,613.44,610.26,606.14,600.24,593.33,587.48,579.83,570.96,560.46,548.33,540.22,NaN
A,P_HTHAB,FR10,NaN,NaN,NaN,NaN,677.07,662.51,648.32,633.1,618.14,620.43,608.29,605.47,597.83,599.44,603.03,599.09,593.43,578.57,577.13,576.58,562.49,561.19,554.43,547.55,543.96,537.0,522.08,515.27,497.36,483.33,482.87,NaN
A,P_HTHAB,FRB0,NaN,NaN,NaN,NaN,778.22,776.74,773.05,761.66,758.24,739.51,729.56,731.27,716.08,706.83,710.06,674.42,659.22,631.28,622.96,624.91,623.82,625.02,628.52,627.36,615.08,606.02,595.88,593.73,587.44,574.24,564.28,NaN
A,P_HTHAB,FRC1,NaN,NaN,NaN,NaN,922.57,915.26,911.26,886.65,887.08,865.31,842.06,810.01,794.76,768.06,761.97,760.87,741.37,731.47,717.81,719.96,719.72,713.14,711.35,705.63,694.87,687.73,689.87,674.63,657.25,644.86,632.63,NaN
A,P_HTHAB,FRC2,NaN,NaN,NaN,NaN,850.82,835.65,814.88,797.67,802.59,719.19,726.39,720.37,719.27,710.37,708.25,691.13,645.36,649.35,646.63,640.36,620.7,613.58,602.9,591.88,582.55,565.86,564.42,552.59,542.13,516.06,505.73,NaN
A,P_HTHAB,FRD1,NaN,NaN,NaN,NaN,813.39,807.47,798.56,795.57,784.28,769.38,742.64,751.48,731.69,707.06,712.98,711.68,673.31,675.36,661.48,663.04,642.97,643.58,632.16,620.25,615.08,610.04,604.83,595.27,598.85,582.75,568.22,NaN
A,P_HTHAB,FRD2,NaN,NaN,NaN,NaN,676.66,662.75,666.9,650.62,645.88,639.41,626.26,615.86,591.11,589.23,586.48,590.14,564.54,562.11,556.62,572.57,559.42,566.37,569.82,569.01,565.51,564.86,557.75,559.36,546.66,540.97,539.37,NaN
A,P_HTHAB,FRE1,NaN,NaN,NaN,NaN,709.69,699.03,701.41,667.39,679.13,672.08,667.98,659.41,668.3,660.49,661.16,665.01,649.0,617.63,615.35,624.65,622.17,614.39,609.78,603.52,596.89,592.47,587.73,572.71,572.53,566.59,558.93,NaN
A,P_HTHAB,FRE2,NaN,NaN,NaN,NaN,779.16,758.5,752.75,732.87,732.5,727.12,721.01,713.71,711.17,707.8,712.15,709.98,683.78,635.57,635.32,632.21,631.79,624.86,611.6,600.37,593.22,579.97,573.75,572.88,568.52,563.36,555.18,NaN
A,P_HTHAB,FRF1,NaN,NaN,NaN,NaN,851.9,856.73,844.46,839.37,838.16,830.04,822.07,791.55,773.41,751.86,743.63,728.05,698.01,639.12,634.25,625.86,625.28,620.77,616.37,603.94,589.31,586.27,585.66,565.8,554.51,539.11,514.56,NaN
A,P_HTHAB,FRF2,NaN,NaN,NaN,NaN,799.88,794.96,783.6,771.02,756.56,755.57,749.44,744.82,742.54,737.24,738.91,728.3,647.25,633.09,623.55,621.96,603.4,624.23,614.38,603.25,587.19,576.89,563.83,559.84,562.92,563.17,553.4,NaN
A,P_HTHAB,FRF3,NaN,NaN,NaN,NaN,904.3,892.01,878.36,848.47,838.94,836.88,829.93,817.17,805.32,802.96,789.86,762.17,736.19,699.69,688.96,675.0,671.65,661.56,653.4,641.25,634.29,624.89,612.88,599.59,585.88,577.63,570.16,NaN
A,P_HTHAB,FRG0,NaN,NaN,NaN,NaN,676.77,668.73,670.54,663.69,651.21,644.19,637.84,629.53,612.96,606.81,600.9,585.35,564.12,534.14,533.04,538.22,537.27,532.23,526.18,520.98,510.45,504.93,498.71,487.35,480.27,470.89,455.74,NaN
A,P_HTHAB,FRH0,NaN,NaN,NaN,NaN,867.79,858.31,841.23,822.21,810.53,812.43,794.64,774.46,759.26,745.04,741.82,717.56,675.95,644.08,641.34,632.93,631.47,626.67,621.79,613.44,607.3,597.43,588.23,584.63,573.06,559.46,548.18,NaN
A,P_HTHAB,FRI1,NaN,NaN,NaN,NaN,753.66,742.49,733.43,714.98,705.17,701.88,699.57,691.72,675.58,669.15,667.59,651.86,640.6,639.07,636.33,636.62,643.89,633.53,632.35,626.66,620.95,609.4,604.18,600.03,579.91,569.49,557.75,NaN
A,P_HTHAB,FRI2,NaN,NaN,NaN,NaN,1150.13,1135.04,1125.44,1121.87,1104.04,1028.74,991.98,986.22,960.57,964.68,965.09,964.96,881.56,849.19,840.27,847.41,845.76,845.21,830.95,826.97,810.51,798.99,791.29,780.07,774.84,768.1,752.74,NaN
A,P_HTHAB,FRI3,NaN,NaN,NaN,NaN,672.1,656.14,662.75,654.21,650.58,648.82,640.78,641.66,627.85,630.76,626.75,612.21,583.7,579.13,575.88,581.11,577.2,584.86,573.9,565.15,555.9,545.83,535.69,531.05,521.08,510.94,505.13,NaN
A,P_HTHAB,FRJ1,NaN,NaN,NaN,NaN,772.3,760.08,745.68,732.89,719.27,711.7,702.91,685.46,685.32,686.2,691.94,683.68,686.97,661.54,653.66,657.19,658.14,654.43,655.41,660.28,657.33,651.52,649.87,645.45,640.31,628.53,621.54,NaN
A,P_HTHAB,FRJ2,NaN,NaN,NaN,NaN,743.13,732.77,712.79,697.36,690.02,676.37,672.22,661.59,659.19,656.56,661.43,652.5,640.48,622.71,623.56,627.71,623.26,625.93,624.69,619.63,619.04,614.07,608.09,599.82,586.55,574.94,569.17,NaN
A,P_HTHAB,FRK1,NaN,NaN,NaN,NaN,975.42,951.04,945.13,942.73,916.16,914.78,913.1,881.65,879.75,875.88,865.16,860.27,853.85,758.84,745.77,733.15,738.77,735.05,734.39,734.03,724.76,724.39,717.59,704.45,694.81,677.01,662.25,NaN
A,P_HTHAB,FRK2,NaN,NaN,NaN,NaN,757.52,747.92,740.9,734.44,720.97,723.43,707.96,695.85,673.25,655.84,651.37,630.96,596.2,595.77,592.89,596.7,593.9,588.38,585.04,581.64,573.87,567.46,564.14,553.19,539.71,524.0,511.93,NaN
A,P_HTHAB,FRL0,NaN,NaN,NaN,NaN,809.96,804.08,794.87,764.36,766.45,773.77,759.26,746.83,737.83,737.54,733.54,722.5,707.52,695.4,693.89,694.24,717.6,709.87,705.99,697.64,694.93,698.25,685.97,669.12,659.92,641.45,636.07,NaN
A,P_HTHAB,FRM0,NaN,NaN,NaN,NaN,784.57,771.35,752.85,757.84,730.82,712.02,722.01,715.84,683.53,683.53,676.48,632.12,655.03,668.55,642.7,617.73,588.36,566.62,578.66,595.41,605.1,602.16,599.88,587.59,581.51,574.03,547.85,NaN
A,P_HTHAB,FRY1,NaN,NaN,NaN,NaN,739.33,710.3,658.22,674.78,669.74,665.9,640.95,640.47,646.7,619.83,649.82,646.94,643.59,592.71,586.95,597.99,578.55,570.64,578.31,578.31,486.41,540.64,561.48,554.89,556.53,539.49,547.12,NaN
A,P_HTHAB,FRY2,NaN,NaN,NaN,NaN,742.1,747.86,781.05,711.37,709.72,690.79,691.62,689.15,681.19,692.17,706.98,629.34,698.2,687.5,640.59,622.21,622.48,606.3,609.04,566.24,549.78,535.24,518.1,513.87,529.26,504.01,509.77,NaN
A,P_HTHAB,FRY3,NaN,NaN,NaN,NaN,287.92,277.27,279.4,230.4,267.68,291.47,260.58,301.05,312.06,297.15,321.29,334.78,301.05,302.47,293.95,322.35,328.39,329.1,335.84,329.1,335.84,346.14,352.5,352.25,349.91,363.01,326.53,NaN
A,P_HTHAB,FRY4,NaN,NaN,NaN,NaN,317.46,310.15,309.22,313.4,314.67,313.51,313.51,315.49,315.37,324.78,320.94,327.45,327.1,336.15,339.17,358.1,361.35,374.82,387.36,400.13,395.72,395.03,399.24,392.56,406.85,409.32,422.93,NaN
A,P_HTHAB,FRY5,NaN,NaN,NaN,NaN,NaN,NaN,NaN,NaN,NaN,NaN,NaN,NaN,NaN,NaN,NaN,NaN,NaN,NaN,108.69,117.59,119.82,119.82,134.28,134.28,134.28,134.28,136.18,131.52,127.07,154.8,147.19,NaN
A,P_HTHAB,FX,NaN,NaN,NaN,NaN,856.7,842.0,828.12,805.12,790.54,779.07,762.46,746.52,729.64,718.16,712.76,697.04,672.01,648.44,641.19,638.64,634.46,NaN,NaN,NaN,NaN,NaN,NaN,NaN,NaN,NaN,NaN,NaN
A,P_HTHAB,HR,731.02,711.32,691.99,700.33,692.22,687.56,680.45,679.19,670.7,634.64,628.09,618.57,610.28,610.71,613.61,611.84,599.85,625.67,642.2,633.18,628.24,630.41,589.84,577.45,576.46,578.53,583.13,585.78,578.03,583.78,565.45,NaN
A,P_HTHAB,HR02,NaN,NaN,NaN,NaN,NaN,NaN,NaN,NaN,NaN,NaN,NaN,NaN,NaN,NaN,NaN,NaN,579.96,590.55,778.68,608.08,611.83,607.99,530.46,518.75,526.25,514.9,522.61,532.5,551.15,560.65,560.78,NaN
A,P_HTHAB,HR03,709.64,645.21,632.23,631.55,619.71,614.88,606.66,605.37,599.19,559.2,567.5,560.86,545.09,555.81,551.13,555.43,519.89,528.95,564.94,568.86,565.84,573.54,548.79,529.02,521.78,546.22,545.58,548.64,542.0,546.37,546.18,NaN
A,P_HTHAB,HR05,NaN,NaN,NaN,NaN,NaN,NaN,NaN,NaN,NaN,NaN,NaN,NaN,NaN,NaN,NaN,NaN,845.36,940.56,702.36,886.07,859.79,867.91,839.43,825.78,829.0,811.61,816.82,835.09,787.51,796.77,706.67,NaN
A,P_HTHAB,HR06,NaN,NaN,NaN,NaN,NaN,NaN,NaN,NaN,NaN,NaN,NaN,NaN,NaN,NaN,NaN,NaN,520.63,527.26,529.88,527.88,528.88,524.13,494.89,495.02,489.02,490.77,498.36,474.2,468.13,467.0,465.04,NaN
A,P_HTHAB,HU,NaN,NaN,NaN,NaN,NaN,NaN,NaN,858.44,831.57,828.43,824.47,821.85,823.01,828.23,744.93,735.26,738.12,740.37,738.83,715.95,717.72,710.39,709.7,708.36,708.25,700.46,696.19,681.31,684.12,668.04,650.85,NaN
A,P_HTHAB,HU11,NaN,NaN,NaN,NaN,NaN,NaN,NaN,1383.22,1330.67,1337.29,1308.38,1298.68,1305.3,1312.27,1131.47,1096.52,1093.38,1096.46,1101.05,1077.07,1073.76,1064.41,1061.39,1056.28,1050.07,1024.58,1022.76,1021.88,1012.33,1001.66,969.73,NaN
A,P_HTHAB,HU12,NaN,NaN,NaN,NaN,NaN,NaN,NaN,340.44,328.24,324.93,327.77,337.29,337.29,339.89,306.75,306.75,306.75,308.32,297.93,292.5,292.5,292.5,290.46,290.46,290.85,268.26,262.53,237.93,221.68,216.5,215.4,NaN
A,P_HTHAB,HU21,NaN,NaN,NaN,NaN,NaN,NaN,NaN,759.31,729.98,724.51,717.62,733.56,742.8,756.39,710.74,706.49,706.21,711.3,704.8,668.2,682.73,665.09,668.67,674.52,682.26,680.94,677.25,633.24,643.98,628.33,616.05,NaN
A,P_HTHAB,HU22,NaN,NaN,NaN,NaN,NaN,NaN,NaN,860.63,810.92,809.28,806.5,808.86,807.53,800.96,728.54,727.31,725.67,724.02,724.23,723.92,729.57,729.16,732.24,727.52,727.21,724.54,719.96,726.48,723.87,702.62,677.94,NaN
A,P_HTHAB,HU23,NaN,NaN,NaN,NaN,NaN,NaN,NaN,881.94,830.6,823.65,843.01,830.26,822.06,838.45,784.61,791.55,788.02,795.88,800.66,775.95,775.73,769.47,765.03,734.86,733.15,725.86,724.41,730.88,741.12,715.67,688.56,NaN
A,P_HTHAB,HU31,NaN,NaN,NaN,NaN,NaN,NaN,NaN,850.97,825.82,841.11,843.95,842.53,844.13,850.97,783.87,766.72,778.09,779.52,782.36,752.5,753.48,742.28,739.26,744.59,742.28,744.23,742.32,704.62,736.79,708.92,691.56,NaN
A,P_HTHAB,HU32,NaN,NaN,NaN,NaN,NaN,NaN,NaN,781.46,802.23,775.42,777.02,760.63,764.31,769.1,704.24,691.74,706.95,705.56,699.45,657.43,658.2,644.73,645.98,656.39,660.28,659.93,650.37,633.25,647.1,628.56,608.86,NaN
A,P_HTHAB,HU33,NaN,NaN,NaN,NaN,NaN,NaN,NaN,822.51,796.9,794.54,790.72,787.79,780.8,779.5,682.35,685.03,687.87,691.29,690.07,674.7,674.7,676.0,675.84,675.6,675.35,680.07,679.3,681.18,685.39,682.39,681.66,NaN
A,P_HTHAB,IE,523.61,513.19,509.44,498.39,487.66,480.44,474.61,472.32,458.64,460.13,458.84,464.77,459.71,454.87,453.84,441.05,259.36,251.68,243.06,236.67,239.6,242.68,277.92,284.23,289.03,293.0,285.6,285.97,285.04,287.92,289.41,NaN
A,P_HTHAB,IE04,NaN,NaN,NaN,NaN,NaN,NaN,NaN,NaN,NaN,NaN,NaN,NaN,NaN,NaN,NaN,NaN,NaN,NaN,NaN,NaN,NaN,NaN,NaN,NaN,NaN,NaN,NaN,281.18,275.58,273.82,277.33,NaN
A,P_HTHAB,IE05,NaN,NaN,NaN,NaN,NaN,NaN,NaN,NaN,NaN,NaN,NaN,NaN,NaN,NaN,NaN,NaN,NaN,NaN,NaN,NaN,NaN,NaN,NaN,NaN,NaN,NaN,NaN,252.64,253.73,254.86,256.26,NaN
A,P_HTHAB,IE06,NaN,NaN,NaN,NaN,NaN,NaN,NaN,NaN,NaN,NaN,NaN,NaN,NaN,NaN,NaN,NaN,NaN,NaN,NaN,NaN,NaN,NaN,NaN,NaN,NaN,NaN,NaN,310.07,309.35,315.07,315.99,NaN
A,P_HTHAB,IT,635.98,624.25,595.56,622.49,559.4,528.03,468.83,448.13,439.44,423.65,400.5,387.71,391.82,388.13,381.64,372.83,364.89,361.07,349.16,340.58,333.48,326.31,324.43,321.51,321.9,317.22,316.28,318.56,312.39,308.76,304.1,NaN
A,P_HTHAB,ITC1,590.61,590.59,584.79,581.28,566.03,528.91,519.36,487.07,476.12,431.83,426.82,414.83,407.23,400.2,398.95,393.18,398.84,396.62,385.53,374.51,373.33,364.49,363.19,362.91,352.63,351.39,346.77,357.13,350.22,351.52,342.61,NaN
A,P_HTHAB,ITC2,373.25,408.27,407.47,408.27,413.84,398.72,363.7,355.74,363.7,345.4,338.23,335.05,331.07,339.82,330.27,318.34,382.8,382.0,383.6,386.78,405.88,374.84,367.68,363.7,362.9,354.15,359.01,418.27,375.84,317.25,334.95,NaN
A,P_HTHAB,ITC3,832.63,832.76,803.66,763.87,660.02,613.64,555.32,549.19,528.77,517.29,373.98,376.85,465.76,425.58,419.18,391.26,396.61,390.29,345.28,373.33,352.91,353.17,359.89,342.54,341.88,341.56,351.56,336.74,331.93,332.8,336.25,NaN
A,P_HTHAB,ITC4,616.72,614.3,605.12,593.1,532.15,507.95,460.49,448.79,433.79,410.32,392.74,387.34,389.34,390.3,384.32,381.08,384.05,381.6,377.39,368.68,360.98,360.44,358.31,355.86,353.55,347.18,350.53,363.66,328.52,329.45,324.94,NaN
A,P_HTHAB,ITF1,777.46,757.39,709.49,757.39,643.83,637.76,507.13,418.79,403.03,447.93,398.73,349.44,420.87,439.47,424.33,376.74,357.28,359.82,333.6,322.22,332.91,322.69,314.23,318.3,307.85,307.08,293.07,305.71,318.74,316.02,301.31,NaN
A,P_HTHAB,ITF2,632.34,571.78,612.27,657.03,560.26,579.68,529.31,485.53,491.79,503.31,531.62,528.98,552.36,545.11,539.85,491.13,477.63,454.59,409.82,391.06,415.75,339.38,371.97,362.75,338.72,295.6,300.18,311.02,315.12,309.89,306.63,NaN
A,P_HTHAB,ITF3,519.45,492.95,461.72,533.04,477.33,480.32,374.34,354.51,355.96,345.28,303.07,310.47,325.18,328.42,324.08,314.15,305.68,300.3,286.94,275.26,276.87,266.57,267.36,263.11,261.45,259.78,252.21,257.26,250.41,249.73,237.75,NaN
A,P_HTHAB,ITF4,725.92,704.26,555.65,723.58,600.78,544.96,479.18,447.39,431.19,406.81,402.24,374.01,386.14,384.02,377.48,365.71,360.33,359.95,336.21,312.16,303.61,286.15,292.29,289.12,288.97,285.17,283.3,278.46,289.1,287.95,282.7,NaN
A,P_HTHAB,ITF5,711.8,712.87,703.02,728.27,507.17,481.04,439.68,440.58,438.07,431.09,340.32,341.4,334.59,360.91,345.69,328.87,327.25,331.37,332.8,328.15,312.75,307.74,307.92,306.85,300.94,284.83,288.35,292.79,319.8,323.52,308.93,NaN
A,P_HTHAB,ITF6,624.47,628.18,580.75,609.2,556.58,546.39,473.43,476.2,531.95,437.34,526.09,445.29,406.64,406.48,395.29,352.92,337.71,330.75,315.43,281.12,252.04,225.0,217.05,229.18,256.33,250.94,248.18,199.75,220.13,256.51,243.84,NaN
A,P_HTHAB,ITG1,538.49,514.78,507.52,528.3,503.81,472.48,407.96,390.2,388.55,397.02,380.68,356.89,349.88,336.66,332.28,317.85,300.29,308.34,297.91,292.47,289.62,284.22,281.55,277.54,279.35,280.29,281.95,288.43,291.51,279.14,281.1,NaN
A,P_HTHAB,ITG2,624.38,620.12,598.92,671.6,602.25,562.55,499.86,511.88,464.72,465.15,448.08,440.44,439.7,440.81,404.81,402.77,401.66,377.81,378.42,347.97,339.47,317.34,321.47,318.14,306.49,313.33,301.25,303.03,304.46,302.13,297.66,NaN
A,P_HTHAB,ITH1,573.43,589.09,591.91,593.42,581.92,542.7,533.08,502.34,477.08,458.03,447.28,426.35,407.12,405.23,391.84,397.12,389.2,384.3,374.87,375.63,373.55,369.97,361.86,374.5,365.44,387.7,349.97,338.16,341.16,326.78,312.59,NaN
A,P_HTHAB,ITH2,690.98,723.72,689.32,611.89,628.08,621.09,388.8,432.02,462.19,383.84,333.08,325.72,422.46,416.94,416.39,410.14,405.17,402.6,394.32,393.58,358.27,351.65,352.75,343.93,362.32,346.32,347.06,358.22,368.01,360.9,364.83,NaN
A,P_HTHAB,ITH3,680.77,663.99,588.75,619.6,526.14,498.38,466.47,444.48,429.41,415.61,394.79,378.58,370.23,372.91,369.37,361.73,359.62,355.96,350.72,343.75,340.64,341.32,344.18,330.8,331.23,324.84,328.97,324.12,307.75,303.59,304.89,NaN
A,P_HTHAB,ITH4,773.7,784.44,727.27,646.06,619.54,579.31,545.68,499.83,487.52,467.2,429.19,384.66,366.4,360.79,358.31,348.72,359.96,365.99,365.74,368.63,363.02,362.27,352.61,334.6,327.0,334.27,326.82,332.93,327.94,311.94,279.63,NaN
A,P_HTHAB,ITH5,609.81,598.82,574.35,572.54,532.98,502.03,452.36,430.01,432.65,428.39,424.09,405.5,416.17,405.79,407.9,401.22,397.4,396.89,409.56,396.3,394.35,384.4,365.87,369.48,376.97,369.71,371.56,364.93,362.56,350.24,358.02,NaN
A,P_HTHAB,ITI1,602.08,570.66,566.61,576.14,538.89,483.61,440.08,431.03,417.01,425.33,371.51,369.78,369.97,355.36,348.71,340.66,326.75,326.5,319.56,320.72,301.54,291.81,297.97,293.7,285.06,286.98,285.45,282.61,288.82,281.99,276.95,NaN
A,P_HTHAB,ITI2,592.97,546.38,526.7,525.21,455.05,416.48,399.89,374.14,357.89,348.73,319.43,322.18,305.12,298.03,310.96,303.06,305.58,302.95,306.84,307.3,319.77,314.28,311.08,309.93,303.98,307.87,302.88,293.27,292.18,300.6,303.48,NaN
A,P_HTHAB,ITI3,664.66,645.39,608.62,680.78,618.82,550.67,477.99,468.52,453.65,443.99,369.79,400.77,399.78,375.45,374.79,379.0,377.09,375.78,361.96,350.45,338.61,329.54,325.13,309.93,311.32,300.99,301.75,285.76,273.87,282.62,285.4,NaN
A,P_HTHAB,ITI4,736.44,735.57,749.86,787.88,694.05,650.28,570.75,533.56,520.54,502.52,481.1,471.15,469.84,473.02,456.15,461.23,416.97,396.88,356.34,357.76,342.3,342.76,337.48,341.62,356.88,337.91,338.37,352.91,356.09,337.41,328.35,NaN
A,P_HTHAB,LT,1549.82,1453.06,1411.81,1357.34,1220.33,1144.48,1121.97,1099.21,1028.48,991.82,953.81,908.58,860.54,832.94,826.15,816.37,807.87,789.06,800.48,791.05,769.08,757.41,719.58,682.49,659.55,640.96,630.82,597.86,603.8,568.05,548.37,NaN
A,P_HTHAB,LT01,1510.71,1352.46,1329.03,1308.36,1212.13,1113.52,1103.75,1088.46,1053.5,1052.25,970.43,913.29,888.23,859.79,865.05,858.79,863.42,849.27,863.68,850.14,821.7,806.66,774.46,739.76,725.22,712.57,694.19,633.5,636.69,615.36,596.63,NaN
A,P_HTHAB,LT02,1565.32,1492.93,1444.62,1376.74,1223.57,1156.75,1129.19,1103.47,1018.57,967.88,947.22,906.71,849.56,822.3,810.73,799.56,785.86,765.21,775.43,767.64,748.23,737.9,697.83,659.8,633.53,612.58,605.56,583.48,590.37,548.32,527.79,NaN
A,P_HTHAB,NL,492.95,478.48,471.22,468.15,468.48,464.03,461.11,444.73,431.8,427.11,421.8,423.52,419.17,415.8,406.8,404.39,402.79,396.07,383.91,366.33,359.05,345.99,342.07,336.13,324.82,317.5,302.1,291.13,295.23,244.93,231.08,NaN
A,P_HTHAB,NL11,556.69,560.8,557.54,563.37,564.91,489.05,470.38,448.64,465.76,465.76,NaN,NaN,NaN,NaN,NaN,NaN,NaN,NaN,NaN,NaN,NaN,NaN,NaN,NaN,NaN,NaN,NaN,NaN,NaN,NaN,NaN,NaN
A,P_HTHAB,NL12,435.87,433.4,435.41,410.86,430.0,429.38,427.53,430.77,376.73,378.28,NaN,NaN,NaN,NaN,NaN,NaN,NaN,NaN,NaN,NaN,NaN,NaN,NaN,NaN,NaN,NaN,NaN,NaN,NaN,NaN,NaN,NaN
A,P_HTHAB,NL13,617.07,610.16,611.58,616.86,609.35,695.7,666.64,621.74,627.84,615.64,NaN,NaN,NaN,NaN,NaN,NaN,NaN,NaN,NaN,NaN,NaN,NaN,NaN,NaN,NaN,NaN,NaN,NaN,NaN,NaN,NaN,NaN
A,P_HTHAB,NL21,472.75,465.31,451.82,443.35,446.03,433.4,441.96,434.09,432.36,423.72,NaN,NaN,NaN,NaN,NaN,NaN,NaN,NaN,NaN,NaN,NaN,NaN,NaN,NaN,NaN,NaN,NaN,NaN,NaN,NaN,NaN,NaN
A,P_HTHAB,NL22,487.46,458.02,450.44,449.81,463.76,467.24,466.71,442.09,436.78,430.03,NaN,NaN,NaN,NaN,NaN,NaN,NaN,NaN,NaN,NaN,NaN,NaN,NaN,NaN,NaN,NaN,NaN,NaN,NaN,NaN,NaN,NaN
A,P_HTHAB,NL23,139.0,135.4,135.4,135.4,135.4,141.4,133.72,132.04,134.44,134.44,NaN,NaN,NaN,NaN,NaN,NaN,NaN,NaN,NaN,NaN,NaN,NaN,NaN,NaN,NaN,NaN,NaN,NaN,NaN,NaN,NaN,NaN
A,P_HTHAB,NL32,518.37,497.24,487.78,477.3,471.09,465.38,461.46,440.18,435.98,434.23,NaN,NaN,NaN,NaN,NaN,NaN,NaN,NaN,NaN,NaN,NaN,NaN,NaN,NaN,NaN,NaN,NaN,NaN,NaN,NaN,NaN,NaN
A,P_HTHAB,NL34,385.61,385.35,385.61,383.26,382.74,382.21,380.65,368.12,362.89,368.12,NaN,NaN,NaN,NaN,NaN,NaN,NaN,NaN,NaN,NaN,NaN,NaN,NaN,NaN,NaN,NaN,NaN,NaN,NaN,NaN,NaN,NaN
A,P_HTHAB,NL41,473.79,469.43,456.69,459.72,458.86,451.11,446.52,431.47,409.85,408.28,NaN,NaN,NaN,NaN,NaN,NaN,NaN,NaN,NaN,NaN,NaN,NaN,NaN,NaN,NaN,NaN,NaN,NaN,NaN,NaN,NaN,NaN
A,P_HTHAB,NL42,596.88,564.18,550.38,545.63,545.72,515.98,518.75,505.31,496.35,490.98,NaN,NaN,NaN,NaN,NaN,NaN,NaN,NaN,NaN,NaN,NaN,NaN,NaN,NaN,NaN,NaN,NaN,NaN,NaN,NaN,NaN,NaN
A,P_HTHAB,NO,338.44,333.19,332.36,328.59,326.38,326.24,325.64,320.03,323.32,425.32,427.42,452.05,447.82,439.68,429.9,414.79,409.89,394.95,389.96,374.18,367.85,370.69,366.09,362.09,356.65,351.28,348.16,340.16,339.98,334.83,329.9,NaN
A,P_HTHAB,NO02,NaN,NaN,NaN,NaN,NaN,NaN,NaN,NaN,NaN,NaN,NaN,NaN,NaN,NaN,NaN,NaN,520.41,518.52,480.79,467.05,458.96,471.63,545.47,536.85,494.54,492.38,426.16,411.06,409.51,406.51,398.17,NaN
A,P_HTHAB,NO06,NaN,NaN,NaN,NaN,NaN,NaN,NaN,NaN,NaN,NaN,NaN,NaN,NaN,NaN,NaN,NaN,424.8,408.05,412.99,403.54,386.14,374.97,345.98,344.91,339.97,331.38,349.77,349.64,340.86,321.65,338.25,NaN
A,P_HTHAB,NO07,NaN,NaN,NaN,NaN,NaN,NaN,NaN,NaN,NaN,NaN,NaN,NaN,NaN,NaN,NaN,NaN,504.26,486.79,472.19,473.43,452.67,450.2,436.01,428.0,429.44,421.01,421.63,423.55,430.09,419.07,412.45,NaN
A,P_HTHAB,NO08,NaN,NaN,NaN,NaN,NaN,NaN,NaN,NaN,NaN,NaN,NaN,NaN,NaN,NaN,NaN,NaN,405.74,380.48,368.74,351.66,350.77,363.03,358.47,356.69,356.8,358.26,362.84,349.48,352.23,346.12,338.63,NaN
A,P_HTHAB,NO09,NaN,NaN,NaN,NaN,NaN,NaN,NaN,NaN,NaN,NaN,NaN,NaN,NaN,NaN,NaN,NaN,378.31,376.51,373.33,350.92,339.86,320.63,314.13,306.24,297.11,284.53,277.32,273.65,270.54,268.31,263.73,NaN
A,P_HTHAB,NO0A,NaN,NaN,NaN,NaN,NaN,NaN,NaN,NaN,NaN,NaN,NaN,NaN,NaN,NaN,NaN,NaN,363.46,353.92,358.8,347.01,344.97,350.28,337.62,334.27,330.41,320.66,317.49,310.76,309.21,310.37,303.22,NaN
A,P_HTHAB,PL,NaN,NaN,NaN,NaN,NaN,NaN,NaN,NaN,NaN,NaN,671.98,670.48,655.36,650.07,644.87,664.62,668.41,662.2,664.37,664.56,662.01,663.38,663.71,663.99,662.41,653.73,617.45,625.38,640.17,629.49,627.1,NaN
A,P_HTHAB,PL21,NaN,NaN,NaN,NaN,NaN,NaN,NaN,NaN,NaN,NaN,656.11,683.85,656.71,647.9,643.2,665.9,669.83,647.34,644.36,646.83,647.78,654.27,647.45,648.47,655.22,657.63,623.25,617.52,627.31,623.89,615.13,NaN
A,P_HTHAB,PL22,NaN,NaN,NaN,NaN,NaN,NaN,NaN,NaN,NaN,NaN,744.31,734.37,718.87,711.05,698.82,720.54,704.52,690.96,691.09,693.67,693.7,684.14,673.0,675.76,665.76,656.92,629.62,625.7,626.81,615.7,612.73,NaN
A,P_HTHAB,PL41,NaN,NaN,NaN,NaN,NaN,NaN,NaN,NaN,NaN,NaN,525.97,522.06,511.06,504.75,505.79,523.58,521.54,510.57,509.94,513.65,471.1,500.49,505.3,495.83,500.38,486.87,427.37,426.34,431.35,444.0,438.55,NaN
A,P_HTHAB,PL42,NaN,NaN,NaN,NaN,NaN,NaN,NaN,NaN,NaN,NaN,1060.46,1091.85,1052.7,1063.26,1043.87,1097.04,1136.2,1206.98,1274.6,1212.89,1212.17,1176.72,1226.74,1206.92,1199.4,1204.59,1182.45,1178.61,1235.98,1231.63,1271.08,NaN
A,P_HTHAB,PL43,NaN,NaN,NaN,NaN,NaN,NaN,NaN,NaN,NaN,NaN,613.07,605.89,538.92,540.61,521.17,533.93,532.64,516.69,542.6,573.0,565.23,562.64,522.17,517.69,521.97,509.81,477.67,509.23,509.21,495.53,489.33,NaN
A,P_HTHAB,PL51,NaN,NaN,NaN,NaN,NaN,NaN,NaN,NaN,NaN,NaN,843.71,840.4,817.54,804.66,787.45,782.14,802.18,803.16,792.27,795.97,802.25,791.43,791.18,791.32,776.66,774.81,734.19,740.14,751.44,743.59,738.91,NaN
A,P_HTHAB,PL52,NaN,NaN,NaN,NaN,NaN,NaN,NaN,NaN,NaN,NaN,611.92,581.16,564.67,567.1,572.18,599.45,604.2,600.29,595.22,613.61,605.58,597.86,571.65,589.09,567.74,548.71,491.24,528.79,574.16,526.9,542.1,NaN
A,P_HTHAB,PL61,NaN,NaN,NaN,NaN,NaN,NaN,NaN,NaN,NaN,NaN,819.19,823.91,818.71,807.52,805.57,815.59,814.23,816.57,814.67,824.94,851.94,859.28,860.99,881.57,897.33,895.87,864.16,881.92,919.6,923.92,945.79,NaN
A,P_HTHAB,PL62,NaN,NaN,NaN,NaN,NaN,NaN,NaN,NaN,NaN,NaN,575.89,598.81,591.41,587.85,586.35,598.32,608.36,585.57,570.76,569.76,564.42,560.79,559.58,565.92,575.82,554.1,556.59,580.11,606.37,594.67,588.51,NaN
A,P_HTHAB,PL63,NaN,NaN,NaN,NaN,NaN,NaN,NaN,NaN,NaN,NaN,522.63,506.75,498.64,489.31,484.37,499.68,524.75,514.86,508.23,520.76,525.71,558.46,567.18,563.63,571.22,550.18,520.12,530.68,507.36,499.99,466.43,NaN
A,P_HTHAB,PL71,NaN,NaN,NaN,NaN,NaN,NaN,NaN,NaN,NaN,NaN,638.52,628.98,607.54,584.43,585.73,605.18,603.63,597.88,598.37,573.34,585.61,581.13,582.27,574.2,567.47,549.17,527.34,534.7,550.92,535.46,549.09,NaN
A,P_HTHAB,PL72,NaN,NaN,NaN,NaN,NaN,NaN,NaN,NaN,NaN,NaN,776.03,765.02,755.07,752.71,757.35,788.34,796.17,782.47,801.31,822.1,799.6,821.78,843.06,845.92,839.56,804.16,762.95,785.51,823.09,819.31,862.4,NaN
A,P_HTHAB,PL81,NaN,NaN,NaN,NaN,NaN,NaN,NaN,NaN,NaN,NaN,704.91,698.23,682.59,682.83,678.45,706.43,711.49,695.61,691.22,689.32,666.38,661.19,660.04,657.9,660.9,659.61,595.19,650.4,660.52,651.43,616.09,NaN
A,P_HTHAB,PL82,NaN,NaN,NaN,NaN,NaN,NaN,NaN,NaN,NaN,NaN,632.27,663.57,658.63,669.23,672.78,696.84,698.09,692.72,698.66,708.63,707.72,707.77,719.32,722.63,714.43,703.98,675.69,682.08,714.05,694.03,691.94,NaN
A,P_HTHAB,PL84,NaN,NaN,NaN,NaN,NaN,NaN,NaN,NaN,NaN,NaN,663.67,655.86,648.92,636.24,634.59,648.66,655.34,631.9,615.41,613.33,622.96,627.3,630.95,622.44,633.12,629.56,558.95,598.42,641.09,620.46,627.14,NaN
A,P_HTHAB,PL91,NaN,NaN,NaN,NaN,NaN,NaN,NaN,NaN,NaN,NaN,NaN,NaN,NaN,NaN,NaN,NaN,NaN,NaN,NaN,NaN,NaN,NaN,NaN,NaN,NaN,607.81,580.43,570.38,583.23,549.68,536.86,NaN
A,P_HTHAB,PL92,NaN,NaN,NaN,NaN,NaN,NaN,NaN,NaN,NaN,NaN,NaN,NaN,NaN,NaN,NaN,NaN,NaN,NaN,NaN,NaN,NaN,NaN,NaN,NaN,NaN,451.66,410.09,412.72,432.62,417.6,413.91,NaN
A,P_HTHAB,PT,381.38,379.53,380.22,388.05,384.38,379.16,370.27,369.33,365.89,359.63,362.5,364.14,361.66,354.24,350.51,346.48,344.85,344.96,344.52,346.59,343.33,334.08,337.64,339.06,338.25,342.66,348.57,346.84,348.74,343.15,338.0,NaN
A,P_HTHAB,PT11,325.12,322.03,325.26,327.32,322.61,321.11,319.77,320.22,315.68,299.67,310.64,312.56,312.25,310.97,302.12,291.9,295.69,301.81,302.17,303.57,303.34,303.4,299.75,308.69,312.64,319.21,332.33,338.93,337.6,338.53,333.0,NaN
A,P_HTHAB,PT15,170.8,169.71,166.23,163.62,168.41,166.67,171.89,189.95,195.82,195.82,187.99,189.95,184.73,209.1,208.88,194.95,196.26,200.83,217.58,241.73,254.57,245.21,240.21,240.43,245.43,271.32,259.4,248.85,259.82,240.78,236.2,NaN
A,P_HTHAB,PT19,NaN,NaN,NaN,NaN,NaN,NaN,454.89,448.85,444.91,436.53,441.5,450.88,441.14,414.95,414.47,431.09,413.27,404.72,389.29,389.65,372.55,350.0,356.1,363.28,362.14,NaN,NaN,NaN,NaN,344.38,342.94,NaN
A,P_HTHAB,PT1A,NaN,NaN,NaN,NaN,NaN,NaN,523.75,515.03,509.64,508.5,506.97,502.97,494.34,485.19,478.75,466.79,470.27,466.98,464.93,465.26,457.16,451.29,451.58,453.3,441.28,NaN,NaN,NaN,NaN,439.28,430.6,NaN
A,P_HTHAB,PT1B,NaN,NaN,NaN,NaN,NaN,NaN,175.64,179.77,176.98,176.13,173.95,168.6,171.15,167.03,176.49,177.47,176.86,176.98,170.18,162.9,189.0,166.18,204.29,174.67,178.07,NaN,NaN,NaN,NaN,176.86,178.24,NaN
A,P_HTHAB,PT1C,NaN,NaN,NaN,NaN,NaN,NaN,282.61,285.15,288.53,296.57,271.19,283.67,290.44,281.98,276.69,266.96,251.73,257.65,273.51,272.88,263.15,245.8,251.09,241.57,229.09,NaN,NaN,NaN,NaN,222.32,222.5,NaN
A,P_HTHAB,PT1D,NaN,NaN,NaN,NaN,NaN,NaN,185.2,183.4,180.78,183.88,184.84,186.03,192.49,177.79,180.18,181.13,183.88,177.07,176.83,181.13,169.19,159.27,162.14,160.94,173.49,NaN,NaN,NaN,NaN,164.53,159.22,NaN
A,P_HTHAB,PT20,571.42,565.53,561.75,559.23,581.93,583.62,588.24,604.64,601.7,602.54,612.21,612.21,628.19,624.4,625.24,632.81,634.91,636.17,631.97,637.86,634.49,627.34,633.23,639.12,622.3,622.3,624.92,634.05,675.47,648.54,675.88,NaN
A,P_HTHAB,PT30,706.48,721.65,721.65,717.26,712.07,714.86,663.35,670.54,668.54,681.72,679.72,676.93,668.14,669.34,670.14,669.74,655.36,658.15,721.65,742.82,745.62,727.64,742.42,724.05,719.26,737.23,778.67,765.2,857.32,828.0,809.1,NaN
A,P_HTHAB,RO,922.42,900.88,892.69,880.55,857.15,847.44,876.73,889.32,893.05,860.69,755.21,752.51,754.74,749.59,725.69,727.95,732.46,694.0,674.6,681.47,686.88,688.24,693.15,694.14,695.35,698.92,705.75,712.12,720.56,727.71,728.43,NaN
A,P_HTHAB,RO11,948.12,927.0,934.64,924.45,911.05,912.81,925.43,942.0,947.88,917.83,786.56,796.05,803.3,794.79,790.56,775.75,778.06,715.13,709.77,710.35,714.19,707.96,716.74,718.19,721.6,728.02,732.38,739.51,744.46,751.74,752.21,NaN
A,P_HTHAB,RO12,1001.74,990.09,983.4,955.63,918.36,915.6,936.99,955.19,955.19,901.71,797.53,805.38,805.17,799.82,780.28,768.2,779.46,706.99,693.32,701.64,718.64,719.16,716.01,719.29,719.67,720.02,728.07,740.98,748.27,750.12,747.57,NaN
A,P_HTHAB,RO21,885.43,878.68,883.24,864.98,839.25,829.59,856.67,838.22,844.32,801.95,697.84,683.28,687.31,688.78,677.27,692.19,695.03,657.61,631.81,647.17,648.76,654.04,658.08,655.14,655.04,660.08,664.57,659.33,655.51,660.69,663.49,NaN
A,P_HTHAB,RO22,824.82,799.78,778.83,767.85,742.89,737.76,757.33,785.63,783.79,766.56,690.43,688.64,688.01,683.13,663.77,661.93,660.05,611.6,597.49,601.29,604.59,609.43,610.22,611.06,611.52,620.36,622.8,631.63,634.89,631.55,634.22,NaN
A,P_HTHAB,RO31,753.18,724.58,720.28,706.83,681.57,667.68,732.6,732.67,742.19,709.02,597.3,593.14,595.39,593.79,559.04,557.23,571.02,536.31,501.97,505.11,509.24,511.09,505.8,506.92,505.8,509.55,516.39,526.31,534.78,538.94,541.24,NaN
A,P_HTHAB,RO32,1025.63,998.63,954.87,950.21,938.5,923.52,926.19,1017.07,1030.03,1063.07,1002.04,994.66,997.55,977.25,937.99,964.77,961.66,967.27,950.08,967.31,984.12,982.0,1010.38,1010.64,1009.04,1009.47,1025.84,1026.83,1047.8,1066.6,1056.32,NaN
A,P_HTHAB,RO41,909.77,885.74,869.71,856.57,830.78,827.67,864.36,871.57,868.2,828.86,716.14,705.08,705.76,705.34,667.72,669.53,673.38,662.32,641.04,641.77,645.19,652.93,653.55,660.76,661.02,666.32,674.44,685.24,704.11,715.79,723.52,NaN
A,P_HTHAB,RO42,1138.41,1102.91,1112.76,1121.14,1098.19,1063.31,1111.86,1070.51,1065.44,978.69,826.68,830.45,830.05,826.45,792.98,796.41,802.26,761.59,742.74,744.88,736.61,735.09,742.96,741.5,752.53,748.37,750.7,755.85,776.82,798.58,796.31,NaN
A,P_HTHAB,RS,NaN,NaN,NaN,NaN,NaN,NaN,NaN,NaN,NaN,NaN,NaN,NaN,NaN,590.0,566.71,563.34,562.93,564.34,564.01,562.5,565.73,565.71,568.57,566.62,565.46,565.77,568.97,570.17,576.57,584.02,602.47,NaN
A,P_HTHAB,RS11,NaN,NaN,NaN,NaN,NaN,NaN,NaN,NaN,NaN,NaN,NaN,NaN,NaN,643.59,638.21,624.91,629.58,630.11,623.79,620.01,620.89,621.6,621.6,620.83,620.83,625.5,625.01,625.21,627.18,630.36,631.76,NaN
A,P_HTHAB,RS12,NaN,NaN,NaN,NaN,NaN,NaN,NaN,NaN,NaN,NaN,NaN,NaN,NaN,604.5,569.92,564.65,562.12,561.95,570.19,573.05,580.32,580.48,578.7,580.16,580.16,572.29,579.78,579.08,577.11,594.12,645.28,NaN
A,P_HTHAB,RS21,NaN,NaN,NaN,NaN,NaN,NaN,NaN,NaN,NaN,NaN,NaN,NaN,NaN,499.31,475.52,482.3,480.01,490.54,481.15,479.85,479.38,482.09,484.6,485.53,484.49,483.34,482.96,489.51,497.23,503.61,509.23,NaN
A,P_HTHAB,RS22,NaN,NaN,NaN,NaN,NaN,NaN,NaN,NaN,NaN,NaN,NaN,NaN,NaN,627.54,598.63,595.9,594.76,587.42,594.83,590.22,595.83,591.29,603.57,592.36,588.29,595.7,601.97,599.25,619.09,620.31,634.86,NaN
A,P_HTHAB,SE,517.99,445.12,414.06,372.81,341.0,324.86,320.18,310.5,284.67,272.97,267.17,264.79,258.82,256.33,256.07,252.8,251.15,249.91,249.43,247.21,243.34,240.54,233.66,226.87,217.46,212.18,207.03,204.61,200.23,189.96,187.41,NaN
A,P_HTHAB,SE11,383.6,NaN,NaN,NaN,NaN,NaN,NaN,219.53,210.65,216.41,215.65,228.61,211.72,202.25,202.98,200.03,201.61,207.5,212.49,219.17,221.79,220.31,220.24,223.23,211.0,205.18,204.09,219.9,209.53,202.59,203.57,NaN
A,P_HTHAB,SE12,502.81,NaN,NaN,NaN,NaN,NaN,NaN,285.93,301.96,286.75,279.96,272.35,271.24,271.77,272.88,265.68,266.91,265.27,258.43,255.28,247.39,243.33,232.52,226.09,215.6,212.99,210.4,208.46,205.08,191.18,185.27,NaN
A,P_HTHAB,SE21,637.61,NaN,NaN,NaN,NaN,NaN,NaN,360.96,321.41,303.48,296.31,288.56,281.16,278.04,274.68,269.25,264.39,266.82,267.51,267.28,264.23,265.55,258.69,244.85,226.2,223.4,219.3,211.83,209.56,203.95,200.49,NaN
A,P_HTHAB,SE22,516.08,NaN,NaN,NaN,NaN,NaN,NaN,302.59,278.61,277.89,268.56,267.24,264.94,266.32,262.38,256.2,255.41,257.25,255.07,248.01,236.56,231.33,222.54,219.05,217.67,208.51,201.65,182.01,191.53,187.71,183.03,NaN
A,P_HTHAB,SE23,540.91,NaN,NaN,NaN,NaN,NaN,NaN,311.65,295.17,266.33,259.17,258.14,259.76,260.4,261.33,261.33,257.31,247.9,249.46,237.5,237.3,239.85,231.75,216.76,207.02,205.21,195.36,188.99,184.65,167.76,164.54,NaN
A,P_HTHAB,SE31,514.02,NaN,NaN,NaN,NaN,NaN,NaN,439.65,301.91,274.67,272.44,253.74,254.79,250.93,254.91,254.55,248.71,248.94,245.43,250.82,245.29,238.34,232.35,224.29,219.59,206.83,204.2,202.76,193.03,182.98,182.42,NaN
A,P_HTHAB,SE32,750.8,NaN,NaN,NaN,NaN,NaN,NaN,403.74,344.39,338.01,334.55,327.63,316.18,311.13,307.93,309.53,300.75,278.39,278.12,278.55,276.88,266.38,263.1,243.11,241.61,235.61,227.69,220.19,203.26,193.75,204.74,NaN
A,P_HTHAB,SE33,728.51,NaN,NaN,NaN,NaN,NaN,NaN,456.16,405.26,393.55,378.76,354.94,336.69,337.27,334.39,333.62,332.08,329.78,325.36,320.75,308.38,295.5,277.25,270.93,257.54,252.4,240.2,230.26,223.0,207.98,198.03,NaN
A,P_HTHAB,SI,554.57,552.31,548.37,541.88,539.81,533.28,526.65,516.36,494.3,487.62,475.51,460.57,464.51,459.75,452.4,460.66,451.2,450.14,456.2,449.28,450.62,449.61,447.64,445.29,446.63,441.3,443.21,427.79,424.94,412.11,404.77,NaN
A,P_HTHAB,SI03,469.74,467.46,461.79,459.32,456.77,447.08,436.3,427.53,411.35,400.94,385.04,362.56,359.91,357.08,357.9,370.15,360.09,358.63,368.87,369.05,375.26,375.81,373.25,372.06,373.89,369.78,375.86,353.1,347.06,344.26,338.35,NaN
A,P_HTHAB,SI04,648.67,646.44,644.42,633.47,631.95,628.91,626.88,614.92,586.33,583.8,575.89,569.3,580.55,573.66,557.24,561.09,552.27,551.66,553.08,538.28,534.23,531.49,530.17,526.52,527.33,520.64,517.78,510.16,510.63,486.66,477.7,NaN
A,P_HTHAB,SK,NaN,NaN,NaN,820.12,804.47,795.31,787.37,776.69,756.8,746.99,714.4,681.21,669.14,663.89,668.74,650.45,646.7,639.4,599.27,586.43,576.4,575.15,571.92,576.32,580.85,569.24,576.11,568.18,567.46,569.13,566.05,NaN
A,P_HTHAB,SK01,NaN,NaN,NaN,1015.77,1084.45,1077.02,1053.52,1085.81,1034.87,1027.44,903.13,869.01,844.76,834.45,825.65,812.77,802.61,789.72,739.54,745.3,729.54,718.16,719.53,723.17,726.2,720.89,715.17,680.08,668.5,650.1,643.75,NaN
A,P_HTHAB,SK02,NaN,NaN,NaN,707.17,675.58,662.21,659.48,642.06,632.1,614.63,598.42,564.69,555.05,552.97,561.35,540.87,532.71,528.6,494.1,474.77,475.81,476.63,476.63,473.73,473.95,451.22,471.62,463.0,460.64,463.44,466.66,NaN
A,P_HTHAB,SK03,NaN,NaN,NaN,804.11,775.21,766.63,765.51,744.6,722.87,721.75,695.54,666.72,657.61,646.04,650.44,638.72,642.98,629.01,587.42,583.69,586.0,585.48,585.78,582.42,583.84,579.95,583.78,585.09,592.49,598.08,590.55,NaN
A,P_HTHAB,SK04,NaN,NaN,NaN,880.81,859.77,854.17,841.07,828.95,812.03,802.68,783.67,747.86,735.56,734.02,740.79,717.35,714.58,711.44,670.28,649.67,619.34,619.28,607.65,626.97,639.52,631.46,630.22,625.7,623.49,628.74,623.15,NaN
A,P_HTHAB,TR,NaN,164.22,165.93,170.62,176.8,181.68,187.14,164.57,171.59,200.56,201.78,203.29,208.49,212.6,217.06,223.38,230.04,244.18,237.19,243.98,246.37,252.23,255.66,265.56,275.43,282.81,287.61,301.23,302.44,308.53,312.44,NaN
A,P_HTHAB,TR10,NaN,205.36,201.55,208.06,211.74,217.34,224.46,174.53,180.58,205.48,199.12,202.45,200.55,196.35,192.19,212.72,218.21,223.92,207.78,213.93,219.7,222.87,226.24,239.74,251.89,261.01,266.11,299.42,300.03,302.17,297.0,NaN
A,P_HTHAB,TR21,NaN,116.68,116.68,120.07,122.56,137.82,139.76,159.35,172.61,218.5,207.12,207.34,236.64,231.76,227.15,239.8,241.36,248.35,244.52,250.9,252.51,262.5,266.1,299.39,307.16,305.77,308.03,324.25,329.84,323.28,318.41,NaN
A,P_HTHAB,TR22,NaN,177.17,179.15,182.04,183.79,184.92,194.77,187.75,192.9,226.23,226.68,233.47,230.98,254.92,242.19,245.92,253.84,264.93,245.24,246.94,247.28,243.49,246.83,246.26,264.71,282.59,283.72,285.31,287.71,286.02,283.2,NaN
A,P_HTHAB,TR31,NaN,192.64,195.83,200.88,207.45,212.82,224.74,216.15,217.8,252.56,251.84,262.79,257.33,253.33,258.9,268.72,267.26,272.14,258.72,264.18,262.95,265.06,265.38,264.34,275.94,277.33,281.96,275.67,279.55,282.25,325.38,NaN
A,P_HTHAB,TR32,NaN,124.34,127.13,128.94,133.66,141.25,139.99,141.87,156.35,162.66,165.21,174.2,181.93,176.62,186.81,193.63,189.2,210.54,208.73,215.19,232.17,243.58,252.6,257.81,270.9,272.1,272.41,275.2,281.83,281.72,287.08,NaN
A,P_HTHAB,TR33,NaN,162.55,163.84,171.19,186.67,197.76,202.6,202.34,211.57,217.47,220.34,234.4,234.3,258.3,263.88,250.46,255.11,257.91,271.62,274.81,275.97,280.23,285.65,296.65,310.0,318.83,322.67,327.24,329.1,329.76,322.43,NaN
A,P_HTHAB,TR41,NaN,154.04,154.65,164.58,164.58,167.64,168.37,164.39,167.44,202.66,196.81,209.46,222.42,233.54,234.62,240.49,237.19,259.49,249.76,254.11,253.13,258.9,259.49,261.72,256.07,274.95,288.92,303.81,297.83,293.31,292.93,NaN
A,P_HTHAB,TR42,NaN,97.32,102.73,120.39,129.29,130.45,133.8,90.0,97.99,119.0,129.21,134.57,144.01,146.77,165.48,172.88,178.99,189.61,193.76,206.76,211.76,225.63,236.04,233.28,230.29,233.85,238.95,255.4,253.99,252.01,260.75,NaN
A,P_HTHAB,TR51,NaN,260.01,260.57,261.01,262.77,269.66,275.82,232.43,234.98,333.34,357.69,340.04,333.05,342.66,357.45,354.71,368.35,401.71,336.27,338.08,327.62,338.68,329.02,342.3,334.01,332.32,346.87,350.97,337.4,414.27,431.91,NaN
A,P_HTHAB,TR52,NaN,120.49,118.94,124.35,124.35,128.63,132.69,148.81,159.75,186.9,187.87,182.7,206.92,202.07,209.72,207.44,219.9,289.64,296.15,300.59,296.76,296.97,282.68,310.68,309.86,330.62,331.57,367.97,371.21,367.6,367.26,NaN
A,P_HTHAB,TR61,NaN,160.12,166.33,167.45,174.11,180.42,197.15,169.97,183.26,198.3,187.94,189.47,206.2,211.75,214.78,209.52,218.85,233.1,248.49,243.91,245.08,249.0,262.29,267.74,301.46,317.18,319.55,318.95,318.73,310.8,305.62,NaN
A,P_HTHAB,TR62,NaN,156.32,170.18,164.6,166.83,175.51,181.95,161.92,161.92,172.78,180.39,179.15,194.37,201.9,207.23,206.94,207.63,227.53,231.82,235.84,239.85,245.65,255.14,254.05,290.51,292.3,293.53,301.81,304.03,308.73,292.24,NaN
A,P_HTHAB,TR63,NaN,72.06,72.06,81.45,88.11,86.1,90.66,77.01,83.64,99.57,112.98,107.32,116.72,120.76,126.72,138.7,142.5,158.61,162.96,173.85,178.28,195.92,211.88,237.57,247.33,256.27,255.52,261.61,266.04,263.83,295.49,NaN
A,P_HTHAB,TR71,NaN,133.38,134.0,134.0,152.71,159.88,167.05,140.05,143.11,185.63,180.9,172.6,179.52,181.46,186.13,192.62,206.71,239.07,215.5,220.55,204.09,216.31,227.91,232.4,252.36,256.16,258.1,262.11,293.24,291.71,288.05,NaN
A,P_HTHAB,TR72,NaN,204.93,204.93,204.93,208.59,212.65,225.49,207.78,224.36,242.8,236.14,247.07,231.83,237.8,241.18,245.77,255.88,275.83,298.99,301.35,302.16,305.82,304.36,314.43,321.91,344.21,344.46,349.88,365.25,360.12,359.08,NaN
A,P_HTHAB,TR81,NaN,235.12,247.54,247.44,249.83,249.83,252.7,218.59,231.39,264.45,293.4,265.12,293.11,274.1,294.26,285.56,290.05,277.63,295.69,299.51,300.56,298.65,309.54,313.27,309.73,319.38,323.05,334.59,334.45,342.03,340.44,NaN
A,P_HTHAB,TR82,NaN,292.63,291.41,293.24,293.24,299.34,308.49,245.53,248.45,283.96,261.15,256.75,259.31,282.13,255.78,237.72,246.62,236.25,249.31,267.61,248.45,250.53,237.59,248.21,253.21,256.26,265.36,300.25,302.2,306.21,286.49,NaN
A,P_HTHAB,TR83,NaN,212.48,212.66,224.56,229.17,230.06,238.21,231.76,238.77,278.1,276.29,270.27,278.31,286.57,283.88,273.64,291.78,290.79,288.2,291.78,290.71,303.08,300.78,301.63,320.16,330.22,342.41,356.6,359.5,358.41,356.15,NaN
A,P_HTHAB,TR90,NaN,233.97,233.05,237.65,242.62,248.32,250.71,226.69,241.4,256.59,264.76,263.87,274.35,270.9,278.11,273.95,295.54,297.78,294.4,309.88,306.57,305.36,299.25,314.62,317.13,321.72,326.84,356.61,346.81,345.9,340.01,NaN
A,P_HTHAB,TRA1,NaN,270.59,270.59,259.08,332.46,332.46,339.36,300.69,300.6,379.04,383.83,387.97,405.74,384.75,391.47,405.74,431.34,432.07,393.96,397.46,403.26,399.21,406.2,375.64,396.08,401.69,402.53,420.45,433.45,427.32,424.03,NaN
A,P_HTHAB,TRA2,NaN,72.45,76.9,78.23,82.67,83.56,83.56,82.5,75.83,115.74,113.97,104.63,123.12,152.72,153.7,157.08,166.42,160.28,156.73,185.53,190.15,188.99,186.77,182.33,187.75,189.26,191.15,199.36,199.85,204.18,208.5,NaN
A,P_HTHAB,TRB1,NaN,204.13,204.42,209.24,230.24,232.91,241.42,209.36,238.7,269.34,262.76,278.99,309.35,313.44,307.19,323.99,311.28,341.02,344.03,340.85,344.99,351.69,365.88,349.64,373.14,385.45,386.6,400.45,413.75,432.25,429.65,NaN
A,P_HTHAB,TRB2,NaN,71.28,72.43,74.74,95.03,98.49,98.49,92.45,101.35,120.64,131.94,133.46,146.47,146.38,170.55,179.0,187.76,190.44,183.1,186.05,202.57,208.24,209.35,227.34,227.94,229.56,238.95,238.54,242.31,246.61,248.75,NaN
A,P_HTHAB,TRC1,NaN,82.99,94.43,103.55,103.55,110.71,110.71,94.9,99.62,107.78,103.77,103.73,112.93,124.59,135.35,145.73,153.31,173.63,172.23,194.7,202.57,211.9,217.16,259.08,268.74,273.28,281.76,287.15,289.31,312.65,357.63,NaN
A,P_HTHAB,TRC2,NaN,93.81,98.46,101.11,105.73,108.65,108.65,94.69,102.3,127.36,123.43,126.74,117.35,128.58,131.87,140.65,143.49,167.51,168.97,186.43,196.3,195.8,203.07,219.44,224.11,229.98,230.03,229.56,233.01,232.41,230.42,NaN
A,P_HTHAB,TRC3,NaN,47.28,47.94,49.25,51.62,52.93,52.05,40.54,39.14,48.64,53.89,53.81,46.32,65.98,83.09,90.54,114.57,113.87,132.57,140.71,144.65,157.3,165.01,176.7,185.19,185.41,185.56,212.29,203.08,202.71,209.74,NaN
